{
  "type": "FeatureCollection",
  "features": [
    {
      "type": "Feature",
      "properties": {
        "slug": "khwarezm-empire",
        "name": "Kwarizm-Shah",
        "start_year": 1077,
        "end_year": 1231,
        "region_type": "empire",
        "continental_zone": "Asia",
        "source": "historical-basemaps"
      },
      "geometry": {
        "type": "MultiPolygon",
        "coordinates": [
          [
            [
              [
                68.0721769661739,
                23.67518766995134
              ],
              [
                68.04699996422077,
                23.764070116240404
              ],
              [
                67.69232467125202,
                23.814155183989428
              ],
              [
                67.48602584312702,
                23.928060136992357
              ],
              [
                67.31589034508015,
                24.092885576445482
              ],
              [
                67.2042341561153,
                24.588166795927904
              ],
              [
                67.1535978646114,
                24.65159186001482
              ],
              [
                66.99953750084187,
                24.714782320219896
              ],
              [
                66.70171645591999,
                24.752278886992357
              ],
              [
                66.65421584556843,
                24.783935152251146
              ],
              [
                66.64811232994343,
                24.90462454434099
              ],
              [
                66.70050338218952,
                25.114379488188646
              ],
              [
                66.62050918052937,
                25.31748541470232
              ],
              [
                66.43233016441609,
                25.488610826689623
              ],
              [
                66.30008986900593,
                25.494687639433764
              ],
              [
                65.76880172203327,
                25.309339128691576
              ],
              [
                65.21567061851765,
                25.270059190947435
              ],
              [
                64.85119155357624,
                25.20576437588396
              ],
              [
                64.42497542808796,
                25.173116289336107
              ],
              [
                64.23826125572468,
                25.210826479155443
              ],
              [
                64.12006667564656,
                25.312226854521654
              ],
              [
                64.05922225425984,
                25.401034914214037
              ],
              [
                64.15758458069429,
                26.77241612690969
              ],
              [
                63.60018266969418,
                28.0730205859099
              ],
              [
                65.02465422002776,
                28.320754768576613
              ],
              [
                67.37812895536148,
                30.11682759291024
              ],
              [
                69.63591505614095,
                31.471499253377928
              ],
              [
                71.40380942369548,
                32.53223587391065
              ],
              [
                71.31961120042169,
                31.290312080622286
              ],
              [
                71.15607524102877,
                28.878156679576705
              ],
              [
                70.95812764502824,
                28.581235285575907
              ],
              [
                70.28900560169531,
                27.577552220576486
              ],
              [
                68.86453405136173,
                24.48087493724264
              ],
              [
                68.0721769661739,
                23.67518766995134
              ]
            ]
          ]
        ]
      }
    },
    {
      "type": "Feature",
      "properties": {
        "slug": "ghaznavid-empire",
        "name": "Ghaznavid Emirate",
        "start_year": 977,
        "end_year": 1186,
        "region_type": "empire",
        "continental_zone": "Asia",
        "source": "historical-basemaps"
      },
      "geometry": {
        "type": "MultiPolygon",
        "coordinates": [
          [
            [
              [
                72.21038249693608,
                33.372102743188705
              ],
              [
                71.40380942369548,
                32.53223587391065
              ],
              [
                69.63591505614095,
                31.471499253377928
              ],
              [
                67.37812895536148,
                30.11682759291024
              ],
              [
                65.02465422002776,
                28.320754768576613
              ],
              [
                63.60018266969418,
                28.0730205859099
              ],
              [
                62.856980121694065,
                28.444621859909965
              ],
              [
                61.927976936693895,
                29.745226318910184
              ],
              [
                56.53975846369299,
                35.93858088557788
              ],
              [
                55.61075527869285,
                35.93858088557788
              ],
              [
                54.86755273069271,
                36.80565052491136
              ],
              [
                54.92948627635941,
                39.15912526024509
              ],
              [
                55.4868881873595,
                39.34492589724512
              ],
              [
                63.12148843168218,
                39.80865414609036
              ],
              [
                63.72911084448229,
                39.47108613897919
              ],
              [
                64.63239470213507,
                38.838787438622234
              ],
              [
                66.52929080320594,
                38.1161603525
              ],
              [
                66.70994757473649,
                37.21287649484722
              ],
              [
                67.34224627509344,
                37.21287649484722
              ],
              [
                67.8842165896851,
                36.85156295178611
              ],
              [
                69.33336732977924,
                35.68603614478922
              ],
              [
                72.21038249693608,
                33.372102743188705
              ]
            ]
          ]
        ]
      }
    },
    {
      "type": "Feature",
      "properties": {
        "slug": "kingdom-of-georgia",
        "name": "Georgia",
        "start_year": 1008,
        "end_year": 1490,
        "region_type": "kingdom",
        "continental_zone": "Asia",
        "source": "historical-basemaps"
      },
      "geometry": {
        "type": "MultiPolygon",
        "coordinates": [
          [
            [
              [
                41.68046859215046,
                41.79333838101091
              ],
              [
                41.65183547447468,
                42.1206432210988
              ],
              [
                41.502722773058665,
                42.608478151518725
              ],
              [
                41.40974334190632,
                42.78824194546404
              ],
              [
                41.12255385826374,
                43.019088350493334
              ],
              [
                43.54586158676001,
                42.83470520250434
              ],
              [
                45.25983714902755,
                42.43851801493287
              ],
              [
                45.55834108075781,
                41.838248930601
              ],
              [
                45.43192609039387,
                41.45900395950916
              ],
              [
                43.3250095843281,
                40.953343998053384
              ],
              [
                43.36714791444943,
                41.374727299266524
              ],
              [
                43.11431793372152,
                41.71183394023706
              ],
              [
                42.91438490742307,
                41.72319875314189
              ],
              [
                41.68046859215046,
                41.79333838101091
              ]
            ]
          ]
        ]
      }
    },
    {
      "type": "Feature",
      "properties": {
        "slug": "armenian-kingdom",
        "name": "Armenia",
        "start_year": 301,
        "end_year": 1375,
        "region_type": "kingdom",
        "continental_zone": "Asia",
        "source": "historical-basemaps"
      },
      "geometry": {
        "type": "MultiPolygon",
        "coordinates": [
          [
            [
              [
                43.3250095843281,
                40.953343998053384
              ],
              [
                45.43192609039387,
                41.45900395950916
              ],
              [
                46.14827770245621,
                39.68919409441392
              ],
              [
                46.82249098439725,
                38.34076753053185
              ],
              [
                46.906767644639885,
                37.919384229318695
              ],
              [
                46.82249098439725,
                37.6665542485908
              ],
              [
                45.51620275063648,
                37.03447929677108
              ],
              [
                44.841989468695445,
                36.781649316043186
              ],
              [
                44.46274449760362,
                36.823787646164504
              ],
              [
                42.01872135056733,
                38.13007587992527
              ],
              [
                41.00740142765578,
                38.34076753053185
              ],
              [
                41.808029699960755,
                38.67787417150237
              ],
              [
                42.01872135056733,
                39.183534132958144
              ],
              [
                42.31368966141655,
                39.984162405263135
              ],
              [
                42.69293463250837,
                40.70051401732549
              ],
              [
                43.3250095843281,
                40.953343998053384
              ]
            ]
          ]
        ]
      }
    },
    {
      "type": "Feature",
      "properties": {
        "slug": "byzantine-empire",
        "name": "Byzantine Empire",
        "start_year": 330,
        "end_year": 1453,
        "region_type": "empire",
        "continental_zone": "Europe",
        "source": "historical-basemaps"
      },
      "geometry": {
        "type": "MultiPolygon",
        "coordinates": [
          [
            [
              [
                27.494702372057688,
                42.40090139980974
              ],
              [
                27.607871088488352,
                42.41677816982927
              ],
              [
                27.72253325889851,
                42.316215120512865
              ],
              [
                27.737710031969797,
                42.247001253325365
              ],
              [
                27.913407358629954,
                42.07810171719255
              ],
              [
                27.917952570421946,
                41.97767218228044
              ],
              [
                28.026202234728586,
                41.882384859282396
              ],
              [
                28.018178019030344,
                41.75320776577654
              ],
              [
                28.06983855675007,
                41.62496908779802
              ],
              [
                28.104397806628,
                41.59297140713396
              ],
              [
                28.371457132799875,
                41.43312796230974
              ],
              [
                28.74022201011921,
                41.324828706938646
              ],
              [
                29.012368235094797,
                41.25483282681169
              ],
              [
                29.081099543078196,
                41.20051153774919
              ],
              [
                28.964453730089915,
                40.98923834438982
              ],
              [
                28.82780745933796,
                40.914699159819506
              ],
              [
                28.59615043113972,
                40.946986757475756
              ],
              [
                28.17331412742878,
                41.05789526577654
              ],
              [
                28.02636817405964,
                41.02620657559099
              ],
              [
                27.93218329857136,
                40.95754965420427
              ],
              [
                27.47416976402546,
                40.96283300991716
              ],
              [
                27.313046488268625,
                40.78991278286638
              ],
              [
                27.263756784899485,
                40.66717108364763
              ],
              [
                26.888926538927805,
                40.524676881987475
              ],
              [
                26.61357215355183,
                40.39804037686052
              ],
              [
                26.513939890368235,
                40.281974397856615
              ],
              [
                26.375863108141672,
                40.21340902920427
              ],
              [
                26.255158457262766,
                40.081561647612475
              ],
              [
                26.140885385973704,
                40.04465445156755
              ],
              [
                26.214289698107493,
                40.16066702480974
              ],
              [
                26.222796473009836,
                40.223956667143725
              ],
              [
                26.194821390612375,
                40.30307348843279
              ],
              [
                26.457545313341868,
                40.4349742757863
              ],
              [
                26.55647757957722,
                40.498290621001146
              ],
              [
                26.454838785631907,
                40.584308229643725
              ],
              [
                26.418061289294016,
                40.57782324429216
              ],
              [
                26.124041590197336,
                40.60284765835466
              ],
              [
                26.02072432945515,
                40.66932257290544
              ],
              [
                25.992875132067454,
                40.85245855923357
              ],
              [
                25.635705027086985,
                40.87737616177263
              ],
              [
                25.30111411522175,
                40.89594229336443
              ],
              [
                25.046317133410227,
                40.95227392788591
              ],
              [
                25.018929514391672,
                41.01714666958513
              ],
              [
                24.812115702135813,
                40.93342169399919
              ],
              [
                24.70066359947468,
                40.878341280180834
              ],
              [
                24.519127878649485,
                40.873065553862475
              ],
              [
                24.504952463610422,
                40.984069429594896
              ],
              [
                24.35430243919636,
                40.97096212979021
              ],
              [
                24.219058069689524,
                40.82968481655779
              ],
              [
                24.025155100329172,
                40.74636038418474
              ],
              [
                23.88595298240925,
                40.732894502837084
              ],
              [
                23.748394999010813,
                40.80443152065935
              ],
              [
                23.63469794700886,
                40.7727542745656
              ],
              [
                23.632977518542063,
                40.71316870327654
              ],
              [
                23.709055933459055,
                40.63003500576677
              ],
              [
                23.785174402697336,
                40.477191530424975
              ],
              [
                23.923703226549875,
                40.45080908413591
              ],
              [
                24.295352015002024,
                40.17649038906755
              ],
              [
                24.22063544700886,
                40.14484747524919
              ],
              [
                24.054778131945383,
                40.260882936674975
              ],
              [
                24.04777816246296,
                40.30835684414568
              ],
              [
                23.923533472521555,
                40.34528311367693
              ],
              [
                23.77477363060261,
                40.39276465054216
              ],
              [
                23.72216895530964,
                40.34824331875505
              ],
              [
                23.627234491808665,
                40.34528311367693
              ],
              [
                23.65880111168171,
                40.28726156826677
              ],
              [
                23.651745829088938,
                40.22922857876482
              ],
              [
                23.80366424034382,
                40.15539129849138
              ],
              [
                23.86865905235554,
                40.16067465420427
              ],
              [
                23.920109781725657,
                40.05519827480974
              ],
              [
                23.90661719749714,
                39.99719580288591
              ],
              [
                23.796032938463938,
                39.986651979643725
              ],
              [
                23.595772776110422,
                40.19231756802263
              ],
              [
                23.442486795885813,
                40.255607210356615
              ],
              [
                23.349078211291086,
                40.28197821255388
              ],
              [
                23.291760477526438,
                40.28726156826677
              ],
              [
                23.29313949058796,
                40.245055757719896
              ],
              [
                23.259058985216868,
                40.22922857876482
              ],
              [
                23.321034464342844,
                40.15539129849138
              ],
              [
                23.366839441759836,
                40.107928835112475
              ],
              [
                23.436467203600657,
                40.04465445156755
              ],
              [
                23.5233488411739,
                40.01828726406755
              ],
              [
                23.592185053332102,
                40.00246389980974
              ],
              [
                23.63858512352253,
                39.96034201260271
              ],
              [
                23.59689048240925,
                39.93405493374529
              ],
              [
                23.374392542345774,
                39.95508917446794
              ],
              [
                23.2605257363155,
                39.970870577055834
              ],
              [
                23.276309046252024,
                40.04992254849138
              ],
              [
                23.214777979357493,
                40.18176611538591
              ],
              [
                23.1411409706905,
                40.26615484829607
              ],
              [
                22.960160288317454,
                40.31470831509294
              ],
              [
                22.748055490954172,
                40.482467256743334
              ],
              [
                22.863902124865305,
                40.53522833462419
              ],
              [
                22.87546256492878,
                40.59632452603044
              ],
              [
                22.851946863634836,
                40.65133627529802
              ],
              [
                22.769967112047922,
                40.66717108364763
              ],
              [
                22.701254877550852,
                40.57744940396013
              ],
              [
                22.49206641624714,
                40.498290621001146
              ],
              [
                23.26716444658213,
                42.048940581207574
              ],
              [
                23.730686077916616,
                42.175355571571515
              ],
              [
                27.494702372057688,
                42.40090139980974
              ]
            ]
          ],
          [
            [
              [
                29.00225165794636,
                36.69479712124529
              ],
              [
                28.813527140124094,
                36.535155855376146
              ],
              [
                28.469845804674875,
                36.738307558257006
              ],
              [
                28.266922983629954,
                36.71240957852068
              ],
              [
                28.014189753039133,
                36.52716406460466
              ],
              [
                27.911902460558665,
                36.69894369717302
              ],
              [
                27.941855463488352,
                36.756339632231615
              ],
              [
                28.05103972862507,
                36.83301504727068
              ],
              [
                27.998808893664133,
                36.90936621304216
              ],
              [
                27.553477320177805,
                36.91482504482927
              ],
              [
                27.308110270006907,
                36.920707308012865
              ],
              [
                27.26863006065632,
                37.04168280239763
              ],
              [
                27.525639566881907,
                37.13141211147966
              ],
              [
                27.492524179919016,
                37.2396732198781
              ],
              [
                27.364632639391672,
                37.328631960112475
              ],
              [
                27.16040709923054,
                37.36008032437029
              ],
              [
                27.122561487658274,
                37.49385031338396
              ],
              [
                27.14108565758015,
                37.64686545010271
              ],
              [
                27.17978385399128,
                37.77442892666521
              ],
              [
                27.139773401720774,
                37.889091097075365
              ],
              [
                26.961377176745188,
                37.946105562407396
              ],
              [
                26.679331812365305,
                38.104938112456225
              ],
              [
                26.512320551378977,
                38.06634863491716
              ],
              [
                26.393214258654368,
                38.104362093169115
              ],
              [
                26.391598734362375,
                38.21912726040544
              ],
              [
                26.468710932238352,
                38.44475897427263
              ],
              [
                26.52741149376179,
                38.41824301357927
              ],
              [
                26.74245170067097,
                38.27838858242693
              ],
              [
                26.997431787951243,
                38.40005835171404
              ],
              [
                26.81967452476765,
                38.52725180264177
              ],
              [
                26.828822168810618,
                38.58296164150896
              ],
              [
                26.695696863634836,
                38.640765749174975
              ],
              [
                26.70947173546101,
                38.698573671538256
              ],
              [
                26.966380152209055,
                38.76993139858904
              ],
              [
                27.03491309593464,
                38.821097933012865
              ],
              [
                27.004220041735422,
                38.884826265532396
              ],
              [
                26.93680289696003,
                38.92456396694841
              ],
              [
                26.785336527331125,
                38.940333925444506
              ],
              [
                26.789847406847727,
                39.02442511196794
              ],
              [
                26.870751413805735,
                39.055968843657396
              ],
              [
                26.79713920067097,
                39.12955816860857
              ],
              [
                26.707943949206125,
                39.182128511626146
              ],
              [
                26.70405486534382,
                39.250472627837084
              ],
              [
                26.602242502672922,
                39.255729280669115
              ],
              [
                26.720158609850657,
                39.33724936123552
              ],
              [
                26.853512796862375,
                39.46076925869646
              ],
              [
                26.926152262194407,
                39.476546846587084
              ],
              [
                26.95751861046101,
                39.54832800503435
              ],
              [
                26.804265055163157,
                39.56715353604021
              ],
              [
                26.54617789696003,
                39.51334723110857
              ],
              [
                26.13897612999226,
                39.43973883267107
              ],
              [
                26.064057383044016,
                39.45551260586443
              ],
              [
                26.08488753746296,
                39.60400732632341
              ],
              [
                26.141903910143625,
                39.660583101469896
              ],
              [
                26.14070609520222,
                39.74998053188982
              ],
              [
                26.127575907213938,
                39.878558717924975
              ],
              [
                26.18600943992878,
                39.99719580288591
              ],
              [
                26.320334467394602,
                39.99192389126482
              ],
              [
                26.403052362902415,
                40.17649038906755
              ],
              [
                26.481711420519602,
                40.187038027007006
              ],
              [
                26.765282663805735,
                40.37694128628435
              ],
              [
                26.99647429893757,
                40.371661745268725
              ],
              [
                27.05612472008015,
                40.42969473477068
              ],
              [
                27.271754297716868,
                40.45080908413591
              ],
              [
                27.329234156115305,
                40.355834566313646
              ],
              [
                27.449610743029368,
                40.30979498501482
              ],
              [
                27.52599433372761,
                40.297137819487475
              ],
              [
                27.763894114001047,
                40.28725393887224
              ],
              [
                27.830164942248118,
                40.34528311367693
              ],
              [
                27.799843821032297,
                40.403319917876146
              ],
              [
                27.67928794334675,
                40.4613529073781
              ],
              [
                27.807831797106516,
                40.50357016201677
              ],
              [
                27.953805002672922,
                40.48773916836443
              ],
              [
                28.006459269030344,
                40.45080908413591
              ],
              [
                27.90821746300007,
                40.35055502529802
              ],
              [
                28.003991159899485,
                40.36212881680193
              ],
              [
                28.477719339831125,
                40.39510305996599
              ],
              [
                28.756440195544016,
                40.37645300503435
              ],
              [
                28.92675689171101,
                40.355834566313646
              ],
              [
                29.052424463732493,
                40.33473166104021
              ],
              [
                29.12228682945515,
                40.413871370512865
              ],
              [
                29.083527597887766,
                40.45607718105974
              ],
              [
                28.87321570823933,
                40.471908174712084
              ],
              [
                28.777958902819407,
                40.524676881987475
              ],
              [
                28.901621851427805,
                40.62010534878435
              ],
              [
                29.525197061999094,
                40.68828924771013
              ],
              [
                29.713147196276438,
                40.693561159331225
              ],
              [
                29.882718119128,
                40.746356569487475
              ],
              [
                29.68344596336628,
                40.7516361105031
              ],
              [
                29.417172464831125,
                40.741073213774584
              ],
              [
                29.320355448229563,
                40.741073213774584
              ],
              [
                29.289643320544016,
                40.806686006743334
              ],
              [
                29.01453307579304,
                40.97867163296404
              ],
              [
                29.16120818565632,
                41.21636541958513
              ],
              [
                29.577780756457102,
                41.153365694243334
              ],
              [
                30.137623819811594,
                41.131835542876146
              ],
              [
                30.256087336046946,
                41.18466528530779
              ],
              [
                30.74480536888386,
                41.04032477017107
              ],
              [
                31.217682871325266,
                41.05409201260271
              ],
              [
                31.404126200182688,
                41.163539491850756
              ],
              [
                31.38566688011433,
                41.28504141445818
              ],
              [
                31.66638854454304,
                41.3948131429738
              ],
              [
                31.871287378771555,
                41.49144323940935
              ],
              [
                32.418982538683665,
                41.74916800137224
              ],
              [
                32.687911066515696,
                41.845973573882006
              ],
              [
                33.15546325157429,
                41.94960745449724
              ],
              [
                33.55554107139851,
                41.982501589018725
              ],
              [
                33.89665511558796,
                41.95108374233904
              ],
              [
                34.30390075157429,
                41.89411886807146
              ],
              [
                34.66290954063679,
                41.87558325405779
              ],
              [
                35.001868280871165,
                42.04316290493669
              ],
              [
                35.09883025596882,
                41.80586203213396
              ],
              [
                35.286074671252024,
                41.67147787686052
              ],
              [
                35.41143706749226,
                41.626815401274584
              ],
              [
                35.67785552452351,
                41.62093313809099
              ],
              [
                35.95779326866413,
                41.68564566250505
              ],
              [
                36.16136840294148,
                41.35250052090349
              ],
              [
                36.38289550255085,
                41.23751791592302
              ],
              [
                36.641245874865305,
                41.31498297329607
              ],
              [
                36.81701186607624,
                41.28968390103044
              ],
              [
                37.252825769884836,
                41.02772101040544
              ],
              [
                37.821841272814524,
                41.00963171597185
              ],
              [
                38.31396392296101,
                40.92090185757341
              ],
              [
                38.65118316124226,
                40.921569429594896
              ],
              [
                39.13864425133015,
                41.04431875820818
              ],
              [
                39.37017730186726,
                41.06399878140154
              ],
              [
                39.66300490806843,
                41.00049551602068
              ],
              [
                40.00671294639851,
                40.95632895107927
              ],
              [
                40.36101439903523,
                40.96344336147966
              ],
              [
                40.60989287803913,
                41.02802618618669
              ],
              [
                41.29311660240437,
                41.28582342739763
              ],
              [
                41.48396209190632,
                41.436542116362475
              ],
              [
                41.52111342857624,
                41.46583517666521
              ],
              [
                41.666113886339915,
                41.729152284819506
              ],
              [
                41.68046859215046,
                41.79333838101091
              ],
              [
                42.91438490742307,
                41.72319875314189
              ],
              [
                43.11431793372152,
                41.71183394023706
              ],
              [
                43.36714791444943,
                41.374727299266524
              ],
              [
                43.3250095843281,
                40.953343998053384
              ],
              [
                42.69293463250837,
                40.70051401732549
              ],
              [
                42.31368966141655,
                39.984162405263135
              ],
              [
                42.01872135056733,
                39.183534132958144
              ],
              [
                41.808029699960755,
                38.67787417150237
              ],
              [
                41.00740142765578,
                38.34076753053185
              ],
              [
                39.616836533652375,
                37.83510756907606
              ],
              [
                37.59419668782927,
                37.16089428713502
              ],
              [
                37.38350503722269,
                36.61309599555793
              ],
              [
                37.026331897552225,
                35.74992757468766
              ],
              [
                36.8778450757669,
                35.391084422039796
              ],
              [
                35.85191634605671,
                34.492946230132006
              ],
              [
                35.7507543892696,
                34.74680670376482
              ],
              [
                35.80885222862507,
                35.01379736538591
              ],
              [
                35.841380152209055,
                35.04263266201677
              ],
              [
                35.796431574328196,
                35.270717226225756
              ],
              [
                35.60734084556843,
                35.41754492397966
              ],
              [
                35.663958582384836,
                35.45949514980974
              ],
              [
                35.680430445177805,
                35.52767141934099
              ],
              [
                35.7331762642696,
                35.58536108608904
              ],
              [
                35.69143203209187,
                35.68502005215349
              ],
              [
                35.739504847033274,
                35.690265260893725
              ],
              [
                35.85594466636921,
                35.83450277920427
              ],
              [
                35.829051050646555,
                35.884784303862475
              ],
              [
                35.71850493858601,
                36.09155615444841
              ],
              [
                35.66494658897663,
                36.133529268462084
              ],
              [
                35.70863250206257,
                36.21223410244646
              ],
              [
                35.81413775274349,
                36.298491898804144
              ],
              [
                35.81724074791218,
                36.30102881069841
              ],
              [
                36.09526351402546,
                36.48246344204607
              ],
              [
                36.10452178428913,
                36.56117209072771
              ],
              [
                36.0824308724239,
                36.62153204556169
              ],
              [
                35.95679381798054,
                36.74749334927263
              ],
              [
                35.89087584923054,
                36.77111395474138
              ],
              [
                35.67174056480671,
                36.60578497524919
              ],
              [
                35.56761458824421,
                36.58741720791521
              ],
              [
                35.50617125938679,
                36.55855520840349
              ],
              [
                35.54760268638874,
                36.54018362637224
              ],
              [
                35.49458983848835,
                36.443099580962084
              ],
              [
                35.41708281944538,
                36.43260534878435
              ],
              [
                35.38869765709187,
                36.45359381313982
              ],
              [
                35.35417846153523,
                36.414237581450365
              ],
              [
                35.22052672813679,
                36.38800390835466
              ],
              [
                35.07137206505085,
                36.4877086507863
              ],
              [
                34.869910273058665,
                36.576922975737475
              ],
              [
                34.66238311241413,
                36.64777334805193
              ],
              [
                34.4851293892696,
                36.62678106899919
              ],
              [
                34.103220972521555,
                36.38032492275896
              ],
              [
                33.95171264122273,
                36.251578890044115
              ],
              [
                33.95405486534382,
                36.15975912686052
              ],
              [
                33.89098266075398,
                36.13877447720232
              ],
              [
                33.83587554405476,
                36.10729559536638
              ],
              [
                33.833697351916086,
                36.07057150479021
              ],
              [
                33.753176722033274,
                36.14664038296404
              ],
              [
                33.481699976427805,
                36.05428274746599
              ],
              [
                33.171336206896555,
                35.97088202114763
              ],
              [
                32.904116663439524,
                35.97669561978044
              ],
              [
                32.64034179161335,
                36.00799902554216
              ],
              [
                32.334979090197336,
                36.12836798306169
              ],
              [
                31.902007135851633,
                36.4968639242238
              ],
              [
                31.370690378649485,
                36.71234472866716
              ],
              [
                30.905310663683665,
                36.794215761382006
              ],
              [
                30.593590769274485,
                36.76173361416521
              ],
              [
                30.5400667519405,
                36.64696081753435
              ],
              [
                30.496651682360422,
                36.37298163052263
              ],
              [
                30.47283271263386,
                36.18825491543474
              ],
              [
                30.394862207873118,
                36.11804541226091
              ],
              [
                30.27989295433308,
                36.11780508633318
              ],
              [
                30.16613105247761,
                36.18761786099138
              ],
              [
                29.661955866320383,
                36.07834585781755
              ],
              [
                29.471932444079172,
                36.09069403286638
              ],
              [
                29.298188242419016,
                36.17311819668474
              ],
              [
                29.00225165794636,
                36.69479712124529
              ]
            ]
          ],
          [
            [
              [
                24.69346717308308,
                34.94047125454607
              ],
              [
                24.71563819359089,
                35.03477057095232
              ],
              [
                24.690066370470774,
                35.09244116421404
              ],
              [
                24.324357065661204,
                35.207789980132006
              ],
              [
                24.01319793175007,
                35.210414491850756
              ],
              [
                23.785594019396555,
                35.26285132046404
              ],
              [
                23.56772330711628,
                35.25498160000505
              ],
              [
                23.513134989245188,
                35.275958620268725
              ],
              [
                23.46688559959675,
                35.31790503140154
              ],
              [
                23.52943900535847,
                35.569625459868334
              ],
              [
                23.671465906603586,
                35.572249971587084
              ],
              [
                23.66908744285847,
                35.61158331509294
              ],
              [
                23.66513350914265,
                35.66665609951677
              ],
              [
                23.69665625999714,
                35.69812353726091
              ],
              [
                23.73367789696003,
                35.627318941313646
              ],
              [
                23.742875132067454,
                35.561759554106615
              ],
              [
                23.879452738268625,
                35.5524173605031
              ],
              [
                23.956812891466868,
                35.52767141934099
              ],
              [
                24.039004358752024,
                35.561759554106615
              ],
              [
                24.03326323936726,
                35.59847220059099
              ],
              [
                24.081856760485422,
                35.61158331509294
              ],
              [
                24.15267661522175,
                35.5643802511281
              ],
              [
                24.13581756065632,
                35.522426210600756
              ],
              [
                24.091456446154368,
                35.519801698882006
              ],
              [
                24.07332328270222,
                35.49620398159685
              ],
              [
                24.113204035265696,
                35.485717378813646
              ],
              [
                24.177744898302805,
                35.46998556729021
              ],
              [
                24.219702753527415,
                35.449000917632006
              ],
              [
                24.229603800280344,
                35.39131888027849
              ],
              [
                24.388283762438547,
                35.37296637173357
              ],
              [
                24.768567118151438,
                35.4280277120656
              ],
              [
                24.997481379015696,
                35.421020113188646
              ],
              [
                25.013600382311594,
                35.362479768950365
              ],
              [
                25.10009101341511,
                35.34674795742693
              ],
              [
                25.374018702013743,
                35.31790503140154
              ],
              [
                25.511635813219797,
                35.294765077788256
              ],
              [
                25.673207315905344,
                35.34936865444841
              ],
              [
                25.7135343880489,
                35.327010713774584
              ],
              [
                25.668467554552805,
                35.186820589262865
              ],
              [
                25.741803202135813,
                35.13700445767107
              ],
              [
                25.7889738411739,
                35.13700445767107
              ],
              [
                25.93549254844929,
                35.21303518887224
              ],
              [
                26.064152750475657,
                35.239249788481615
              ],
              [
                26.09935286949421,
                35.21564825649919
              ],
              [
                26.168826136095774,
                35.2471080648488
              ],
              [
                26.273509058459055,
                35.3126598226613
              ],
              [
                26.236044916613352,
                35.22876318569841
              ],
              [
                26.242667231066477,
                35.14487417813005
              ],
              [
                26.160485300524485,
                35.024283968169115
              ],
              [
                25.89868071983601,
                35.04525717373552
              ],
              [
                25.741736444933665,
                35.00885351772966
              ],
              [
                25.590724024279368,
                35.016418062407396
              ],
              [
                24.69346717308308,
                34.94047125454607
              ]
            ]
          ],
          [
            [
              [
                22.695097956164133,
                39.83448370571794
              ],
              [
                22.754473719103586,
                39.81834753628435
              ],
              [
                22.813431772692454,
                39.602740846831225
              ],
              [
                23.074168238146555,
                39.413451753813646
              ],
              [
                23.23608497093464,
                39.20315893765154
              ],
              [
                23.158499750597727,
                39.14007910366716
              ],
              [
                23.051917108996165,
                39.10328634854021
              ],
              [
                23.09980681846882,
                39.18738516445818
              ],
              [
                23.045252832873118,
                39.27149923916521
              ],
              [
                22.981301340563547,
                39.329330049712084
              ],
              [
                22.91898635338093,
                39.34510382290544
              ],
              [
                22.850853952868235,
                39.36613043423357
              ],
              [
                22.720257791979563,
                39.2872691976613
              ],
              [
                22.76605895469929,
                39.20278891201677
              ],
              [
                22.834883722765696,
                39.16636236782732
              ],
              [
                22.871062311632883,
                39.02434881802263
              ],
              [
                22.7842130989864,
                38.940333925444506
              ],
              [
                22.49049857567097,
                38.87685354824724
              ],
              [
                22.602313074572336,
                38.8562389242238
              ],
              [
                22.723288568957102,
                38.793170534331225
              ],
              [
                22.89937308738972,
                38.766891084868334
              ],
              [
                22.984231028063547,
                38.6670413839406
              ],
              [
                23.099801096422922,
                38.67229803677263
              ],
              [
                23.169491800768625,
                38.6670413839406
              ],
              [
                23.190995249254954,
                38.610343538481615
              ],
              [
                23.356156382067454,
                38.489501558501146
              ],
              [
                23.493844065172922,
                38.48313101406755
              ],
              [
                23.55576613853718,
                38.351764284331225
              ],
              [
                23.682751688463938,
                38.34651144619646
              ],
              [
                23.80394843529011,
                38.34651144619646
              ],
              [
                23.960743936999094,
                38.20991476650896
              ],
              [
                23.966990503771555,
                38.15213354702654
              ],
              [
                23.88002494285847,
                38.115356050688646
              ],
              [
                23.987299952013743,
                37.763427339751146
              ],
              [
                23.918181452257883,
                37.68464239712419
              ],
              [
                23.835513147814524,
                37.68464239712419
              ],
              [
                23.73368361900593,
                37.85785635586443
              ],
              [
                23.63414863060261,
                37.87897833462419
              ],
              [
                23.540715250475657,
                38.00410040493669
              ],
              [
                23.49570182274128,
                38.06807669277849
              ],
              [
                23.41925719688679,
                38.06807669277849
              ],
              [
                23.19584182213093,
                38.00503882046404
              ],
              [
                22.980614695055735,
                37.95776709194841
              ],
              [
                22.89805701683308,
                37.899989687163256
              ],
              [
                23.039967569811594,
                37.85796698208513
              ],
              [
                23.045392069323313,
                37.773578249174975
              ],
              [
                23.04887488792683,
                37.642631136137865
              ],
              [
                23.151383432848704,
                37.59012182827654
              ],
              [
                23.22054770897175,
                37.601825319487475
              ],
              [
                23.321707758410227,
                37.637382112700365
              ],
              [
                23.312159571154368,
                37.54810675259294
              ],
              [
                23.4181242317989,
                37.46934088345232
              ],
              [
                23.184979471667063,
                37.427333437163256
              ],
              [
                23.18579200218464,
                37.37482794399919
              ],
              [
                23.10956481407429,
                37.34664114590349
              ],
              [
                22.970976862414133,
                37.38532217617693
              ],
              [
                23.025345835192454,
                37.479842745024584
              ],
              [
                22.942069086535227,
                37.518390260893725
              ],
              [
                22.7132902474239,
                37.54343374844255
              ],
              [
                22.642317804796946,
                37.584865175444506
              ],
              [
                22.638745340807688,
                37.49228628750505
              ],
              [
                22.726239237292063,
                37.28850897427263
              ],
              [
                22.813349756701243,
                37.212054811674975
              ],
              [
                22.793108973009836,
                37.13855703945818
              ],
              [
                22.88688758323933,
                37.0466800558156
              ],
              [
                22.982552561266672,
                36.61475332852068
              ],
              [
                22.673554453356516,
                36.75428351040544
              ],
              [
                22.5244474739864,
                36.722125612456225
              ],
              [
                22.390296015246165,
                36.524371706206225
              ],
              [
                22.19140723655964,
                36.85523565884294
              ],
              [
                21.98417190025593,
                37.02048071499529
              ],
              [
                21.780915293200266,
                36.82254370327654
              ],
              [
                21.5881681771114,
                36.98144110317888
              ],
              [
                21.531443628771555,
                37.11514624233904
              ],
              [
                21.62650016258503,
                37.306518160063646
              ],
              [
                21.61370757530476,
                37.414847933012865
              ],
              [
                21.51731399009968,
                37.535758577544115
              ],
              [
                21.296347650988352,
                37.72654303188982
              ],
              [
                21.22113135765339,
                37.828395448882006
              ],
              [
                21.228430780871165,
                37.904906831938646
              ],
              [
                21.440451654894602,
                38.17951544399919
              ],
              [
                21.714499506457102,
                38.13544043179216
              ],
              [
                21.905766520006907,
                38.26973684902849
              ],
              [
                21.996687921984446,
                38.2507816183156
              ],
              [
                22.747214350207102,
                37.95260580654802
              ],
              [
                22.89865592430378,
                37.99755438442888
              ],
              [
                23.116345438463938,
                38.157394014555834
              ],
              [
                22.996743235094797,
                38.17934378262224
              ],
              [
                22.875638041003,
                38.20460089321794
              ],
              [
                22.33374122093464,
                38.42670782681169
              ],
              [
                21.826472315294993,
                38.46395834561052
              ],
              [
                21.661257776720774,
                38.438109956938646
              ],
              [
                21.36445525596882,
                38.412005983549975
              ],
              [
                21.17240432213093,
                38.347838960844896
              ],
              [
                20.77183059166218,
                38.85093268032732
              ],
              [
                20.89259818504597,
                38.895831667143725
              ],
              [
                21.006508860094797,
                38.870544038969896
              ],
              [
                21.104685816271555,
                38.92177542324724
              ],
              [
                21.159516367419016,
                39.00482519741716
              ],
              [
                21.007184061510813,
                39.11298712368669
              ],
              [
                20.901148828966868,
                39.061732851225756
              ],
              [
                20.677752527697336,
                39.08042486782732
              ],
              [
                20.211808237536204,
                39.404925905424975
              ],
              [
                20.12238219688679,
                39.551009737212084
              ],
              [
                20.090828928454172,
                39.602531038481615
              ],
              [
                21.58163124172954,
                39.68919409441392
              ],
              [
                22.695097956164133,
                39.83448370571794
              ]
            ]
          ],
          [
            [
              [
                15.448605570299875,
                41.8567272054738
              ],
              [
                16.012843164904368,
                41.904323183257006
              ],
              [
                16.1874113411739,
                41.84086187954607
              ],
              [
                16.198414835436594,
                41.74566992397966
              ],
              [
                15.989146265490305,
                41.63464697476091
              ],
              [
                15.873253855211985,
                41.50214346523943
              ],
              [
                15.991044077379954,
                41.40614279385271
              ],
              [
                16.42026809166218,
                41.2787242757863
              ],
              [
                16.94596389244343,
                41.09381445522966
              ],
              [
                17.319272074206125,
                40.929252229887865
              ],
              [
                18.033919367296946,
                40.59665258999529
              ],
              [
                18.059941324694407,
                40.513534151274584
              ],
              [
                18.38361266563679,
                40.30775030728044
              ],
              [
                18.522648844225657,
                40.09413107510271
              ],
              [
                18.433678659899485,
                39.89840658779802
              ],
              [
                18.364918741686594,
                39.746722780424975
              ],
              [
                18.16013053367878,
                39.873134218413256
              ],
              [
                18.017067942126047,
                39.947894655424975
              ],
              [
                17.96774581383015,
                40.16689261074724
              ],
              [
                17.849604639513743,
                40.243495546538256
              ],
              [
                17.619149240954172,
                40.28783758755388
              ],
              [
                17.401650461657297,
                40.29192694302263
              ],
              [
                17.204171213610422,
                40.397941194731615
              ],
              [
                17.242802652819407,
                40.49576147671404
              ],
              [
                17.08408072899128,
                40.525111757475756
              ],
              [
                16.948712381823313,
                40.48109015103044
              ],
              [
                16.84413054893757,
                40.36313589688005
              ],
              [
                16.727564844591868,
                40.18360479946794
              ],
              [
                16.604413065417063,
                40.08990820522966
              ],
              [
                16.623852762682688,
                39.96775396938982
              ],
              [
                16.53500655601765,
                39.83156546230974
              ],
              [
                16.532101664049875,
                39.69751318569841
              ],
              [
                16.873986277086985,
                39.54365118618669
              ],
              [
                17.149069818957102,
                39.4218021261281
              ],
              [
                17.107419046862375,
                39.28047140713396
              ],
              [
                17.120997461779368,
                39.08602102871599
              ],
              [
                17.18071273277546,
                39.022208772856615
              ],
              [
                17.094689402086985,
                38.915023409087084
              ],
              [
                16.797699961169016,
                38.92585714932146
              ],
              [
                16.61332992027546,
                38.82732733364763
              ],
              [
                16.52220252464558,
                38.7250247823781
              ],
              [
                16.57200149009968,
                38.457118593413256
              ],
              [
                16.330693277819407,
                38.32074316616716
              ],
              [
                16.052943262560618,
                37.93117483730974
              ],
              [
                15.78523734520222,
                37.9097057210988
              ],
              [
                15.710227045519602,
                37.94143637295427
              ],
              [
                15.627475771410715,
                38.004211031157396
              ],
              [
                15.62657741020466,
                38.2330814230031
              ],
              [
                15.790868792040598,
                38.29639776821794
              ],
              [
                15.933466944201243,
                38.539916597563646
              ],
              [
                15.827300104601633,
                38.622733675200365
              ],
              [
                15.989846262438547,
                38.73476370449724
              ],
              [
                16.15220931480671,
                38.70126684780779
              ],
              [
                16.21222594688679,
                38.777953706938646
              ],
              [
                16.177208933336985,
                38.93099173184099
              ],
              [
                16.082562479479563,
                39.01247366543474
              ],
              [
                15.989552530749094,
                39.42835196133318
              ],
              [
                15.824671778185618,
                39.660628877837084
              ],
              [
                15.757021936877024,
                39.93362768765154
              ],
              [
                15.666200670702707,
                40.09186133022966
              ],
              [
                15.76654168498807,
                40.574099026961534
              ],
              [
                15.597988364502797,
                41.079758988417325
              ],
              [
                15.448605570299875,
                41.8567272054738
              ]
            ]
          ]
        ]
      }
    },
    {
      "type": "Feature",
      "properties": {
        "slug": "second-bulgarian-empire",
        "name": "Bulgar Khanate",
        "start_year": 1185,
        "end_year": 1396,
        "region_type": "empire",
        "continental_zone": "Europe",
        "source": "historical-basemaps"
      },
      "geometry": {
        "type": "MultiPolygon",
        "coordinates": [
          [
            [
              [
                22.07673912193364,
                44.4463949883733
              ],
              [
                22.337959048335946,
                44.772919896376166
              ],
              [
                22.6644839563388,
                44.64230993317503
              ],
              [
                22.46856901153707,
                44.38109000677272
              ],
              [
                22.925703882741104,
                44.18517506197101
              ],
              [
                22.925703882741104,
                43.793345172367566
              ],
              [
                23.51344871714626,
                44.05456509876987
              ],
              [
                24.231803514752542,
                43.793345172367566
              ],
              [
                24.623633404356,
                43.989260117169295
              ],
              [
                25.47259816516346,
                43.72804019076699
              ],
              [
                26.452172889172047,
                44.250480043571585
              ],
              [
                27.954187465985214,
                44.250480043571585
              ],
              [
                28.084797429186366,
                44.57700495157445
              ],
              [
                27.82357750278406,
                44.83822487797673
              ],
              [
                28.018606511859232,
                45.3154810971337
              ],
              [
                28.368347043023405,
                45.33088004715958
              ],
              [
                28.402156507925568,
                45.35938606658692
              ],
              [
                29.064372153194952,
                45.16474978597961
              ],
              [
                29.36100872623201,
                45.207696915509075
              ],
              [
                29.578961405260813,
                45.05750235195818
              ],
              [
                29.457522425158274,
                44.91514929409685
              ],
              [
                29.26158240745808,
                44.8954234945363
              ],
              [
                29.089749369128,
                44.875732027251146
              ],
              [
                28.918236765368235,
                44.76575049038591
              ],
              [
                28.686247858507883,
                44.48805197354021
              ],
              [
                28.57311347435261,
                44.19782217617693
              ],
              [
                28.529885324938547,
                43.843471132475756
              ],
              [
                28.51010611961628,
                43.74307592983904
              ],
              [
                28.480538401110422,
                43.592284761626146
              ],
              [
                28.44569304893757,
                43.476363741118334
              ],
              [
                28.328095468981516,
                43.437526308257006
              ],
              [
                28.18705848167683,
                43.450118623930834
              ],
              [
                28.034638437731516,
                43.39190252896013
              ],
              [
                27.887320551378977,
                43.0635257589406
              ],
              [
                27.86990836571003,
                42.79987677212419
              ],
              [
                27.836163553698313,
                42.7355228292531
              ],
              [
                27.654044184191477,
                42.68373831387224
              ],
              [
                27.501950296862375,
                42.51634558315935
              ],
              [
                27.494702372057688,
                42.40090139980974
              ],
              [
                23.730686077916616,
                42.175355571571515
              ],
              [
                23.26716444658213,
                42.048940581207574
              ],
              [
                22.49206641624714,
                40.498290621001146
              ],
              [
                22.602265390856516,
                40.39723929043474
              ],
              [
                22.48961738060261,
                40.23052557583513
              ],
              [
                22.467362436754954,
                40.11848028774919
              ],
              [
                22.525612864001047,
                40.064166628081225
              ],
              [
                22.55512908409382,
                39.986651979643725
              ],
              [
                22.695097956164133,
                39.83448370571794
              ],
              [
                21.58163124172954,
                39.68919409441392
              ],
              [
                20.090828928454172,
                39.602531038481615
              ],
              [
                20.028559717638743,
                39.813781343657396
              ],
              [
                19.80364898155476,
                40.01696356411638
              ],
              [
                19.36906722496296,
                40.260280214507006
              ],
              [
                19.380225214464915,
                40.32358130093279
              ],
              [
                19.483712229235422,
                40.295890413481615
              ],
              [
                19.494483026964915,
                40.40271719570818
              ],
              [
                19.339222940905344,
                40.588737093169115
              ],
              [
                19.5272550911739,
                40.865890108305834
              ],
              [
                19.445403131945383,
                40.964896761137865
              ],
              [
                19.529950174792063,
                41.218444429594896
              ],
              [
                19.41699126671101,
                41.3452525960988
              ],
              [
                19.49891570518757,
                41.523620210844896
              ],
              [
                19.61938384483601,
                41.55930288906755
              ],
              [
                19.606965097887766,
                41.76153906460466
              ],
              [
                19.45788672874714,
                41.79808386440935
              ],
              [
                19.367713007433665,
                41.84637030239763
              ],
              [
                19.338465723498118,
                41.86202200527849
              ],
              [
                19.143036875231516,
                41.93209036465349
              ],
              [
                19.13554480980183,
                41.99954184170427
              ],
              [
                18.90989974449421,
                42.217792116362475
              ],
              [
                18.528643640978586,
                42.35274466152849
              ],
              [
                18.513588938219797,
                42.362140260893725
              ],
              [
                18.24871161888386,
                42.52743872280779
              ],
              [
                18.001368555529368,
                42.694457613188646
              ],
              [
                17.646380457384836,
                42.86460074063005
              ],
              [
                17.595679316027415,
                42.888900362212084
              ],
              [
                17.54798034141804,
                42.92011984463396
              ],
              [
                17.304074229587812,
                43.076207478853945
              ],
              [
                17.07508758018757,
                43.22274740811052
              ],
              [
                16.99226287315632,
                43.32271536465349
              ],
              [
                16.639813456042063,
                43.389735780913256
              ],
              [
                16.71152022789265,
                43.771327577788256
              ],
              [
                16.70147612999226,
                43.84666021938982
              ],
              [
                16.865100977066206,
                44.24473664179024
              ],
              [
                16.80769549190238,
                44.935054867801526
              ],
              [
                17.337574592341113,
                45.13885452181643
              ],
              [
                17.82669376197687,
                45.13885452181643
              ],
              [
                17.9489735543858,
                44.81277507539258
              ],
              [
                19.785081820473508,
                44.93614220642296
              ],
              [
                20.29067094383346,
                44.89965639339698
              ],
              [
                20.31365692137966,
                44.90109301699363
              ],
              [
                20.705334508321627,
                44.64230993317503
              ],
              [
                20.994183465401093,
                44.70007972459091
              ],
              [
                21.35838432432736,
                44.772919896376166
              ],
              [
                22.07673912193364,
                44.4463949883733
              ]
            ]
          ]
        ]
      }
    },
    {
      "type": "Feature",
      "properties": {
        "slug": "rus-principalities",
        "name": "Other Rus Principalities",
        "start_year": 1100,
        "end_year": 1300,
        "region_type": "confederation",
        "continental_zone": "Europe",
        "source": "historical-basemaps"
      },
      "geometry": {
        "type": "MultiPolygon",
        "coordinates": [
          [
            [
              [
                38.36969888667825,
                58.263552240375645
              ],
              [
                39.2256574335408,
                56.95923445468031
              ],
              [
                39.307177295146786,
                55.77719646139393
              ],
              [
                39.2125455651848,
                55.56900665547755
              ],
              [
                39.208903620417914,
                55.5609943769904
              ],
              [
                38.899577987116984,
                54.88047798372838
              ],
              [
                37.83981978623952,
                53.98375950606285
              ],
              [
                37.75829992463356,
                53.16856089000328
              ],
              [
                37.06538110098292,
                53.16856089000328
              ],
              [
                36.657781792953145,
                51.9457629659139
              ],
              [
                36.209422554120366,
                51.78272324270199
              ],
              [
                32.13342947382246,
                50.64144518021857
              ],
              [
                31.65373257823021,
                50.340739663578645
              ],
              [
                31.62158343003146,
                50.36080218980981
              ],
              [
                31.58626364503149,
                51.29774467207855
              ],
              [
                28.58408192003391,
                51.076367937962196
              ],
              [
                27.418529015034846,
                50.8539269669962
              ],
              [
                26.501085209675946,
                52.736435959876296
              ],
              [
                24.45009903032854,
                52.95762873333644
              ],
              [
                24.268093555681954,
                52.97003143511491
              ],
              [
                24.169444165923593,
                54.280238884479104
              ],
              [
                27.690597016297787,
                54.88047798372838
              ],
              [
                28.42427577075138,
                55.65491666898498
              ],
              [
                28.54655556316034,
                56.71467486986245
              ],
              [
                28.58774318744843,
                56.77645630629459
              ],
              [
                36.62212728756457,
                58.60439070426882
              ],
              [
                37.137197576191454,
                58.721576376029525
              ],
              [
                38.36969888667825,
                58.263552240375645
              ]
            ]
          ]
        ]
      }
    },
    {
      "type": "Feature",
      "properties": {
        "slug": "galicia-volhynia",
        "name": "Principality of Galicia-Volhynia",
        "start_year": 1199,
        "end_year": 1349,
        "region_type": "kingdom",
        "continental_zone": "Europe",
        "source": "historical-basemaps"
      },
      "geometry": {
        "type": "MultiPolygon",
        "coordinates": [
          [
            [
              [
                30.832856211169013,
                46.576591097075365
              ],
              [
                30.52046111534382,
                46.25140722866716
              ],
              [
                30.06882193992877,
                45.86140020962418
              ],
              [
                29.629511866076243,
                45.750358186919094
              ],
              [
                29.500430140002024,
                45.523368440825365
              ],
              [
                29.536093744738352,
                45.4521976339406
              ],
              [
                29.683211359484446,
                45.37478979702654
              ],
              [
                29.710764917834055,
                45.25833471890154
              ],
              [
                29.578961405260813,
                45.05750235195818
              ],
              [
                24.13195194110305,
                48.811120856544996
              ],
              [
                22.94848414902062,
                48.97036688703802
              ],
              [
                22.508987110589036,
                50.63662416660167
              ],
              [
                23.076670785229837,
                51.8855946741101
              ],
              [
                23.406293564053524,
                52.36900035625995
              ],
              [
                23.47954307045879,
                53.023766942381826
              ],
              [
                24.45009903032854,
                52.95762873333644
              ],
              [
                26.501085209675946,
                52.736435959876296
              ],
              [
                27.418529015034846,
                50.8539269669962
              ],
              [
                27.489168585034793,
                49.725699397643204
              ],
              [
                27.90900677978799,
                48.979135252896725
              ],
              [
                28.23088407003419,
                48.406767024114615
              ],
              [
                28.61064113098099,
                48.402598208310934
              ],
              [
                28.641766151498707,
                48.37702259715187
              ],
              [
                30.832856211169013,
                46.576591097075365
              ]
            ]
          ]
        ]
      }
    },
    {
      "type": "Feature",
      "properties": {
        "slug": "kievan-rus",
        "name": "Principality of Kyiv",
        "start_year": 882,
        "end_year": 1240,
        "region_type": "confederation",
        "continental_zone": "Europe",
        "source": "historical-basemaps"
      },
      "geometry": {
        "type": "MultiPolygon",
        "coordinates": [
          [
            [
              [
                31.58626364503149,
                51.29774467207855
              ],
              [
                31.62158343003146,
                50.36080218980981
              ],
              [
                31.65373257823021,
                50.340739663578645
              ],
              [
                32.822456120030495,
                49.61140317947054
              ],
              [
                32.50457805503074,
                48.3598521807663
              ],
              [
                28.67599354796032,
                48.401880796531856
              ],
              [
                28.61064113098099,
                48.402598208310934
              ],
              [
                28.23088407003419,
                48.406767024114615
              ],
              [
                27.90900677978799,
                48.979135252896725
              ],
              [
                27.489168585034793,
                49.725699397643204
              ],
              [
                27.418529015034846,
                50.8539269669962
              ],
              [
                28.58408192003391,
                51.076367937962196
              ],
              [
                31.58626364503149,
                51.29774467207855
              ]
            ]
          ]
        ]
      }
    },
    {
      "type": "Feature",
      "properties": {
        "slug": "buyid-dynasty",
        "name": "Buyiids",
        "start_year": 934,
        "end_year": 1062,
        "region_type": "empire",
        "continental_zone": "Asia",
        "source": "historical-basemaps"
      },
      "geometry": {
        "type": "MultiPolygon",
        "coordinates": [
          [
            [
              [
                69.33336732977924,
                35.68603614478922
              ],
              [
                73.25557151300053,
                37.2205339071081
              ],
              [
                76.6113440051811,
                35.92490675677959
              ],
              [
                76.81233180924411,
                33.18169792080702
              ],
              [
                72.21038249693608,
                33.372102743188705
              ],
              [
                69.33336732977924,
                35.68603614478922
              ]
            ]
          ]
        ]
      }
    },
    {
      "type": "Feature",
      "properties": {
        "slug": "novgorod-republic",
        "name": "Principality of Novgorod",
        "start_year": 1136,
        "end_year": 1478,
        "region_type": "city-state",
        "continental_zone": "Europe",
        "source": "historical-basemaps"
      },
      "geometry": {
        "type": "MultiPolygon",
        "coordinates": [
          [
            [
              [
                41.5481687273045,
                62.56493059604995
              ],
              [
                41.04486133451061,
                62.560474175235655
              ],
              [
                40.170359496713914,
                59.40867499763823
              ],
              [
                38.257386726533646,
                60.90430829467192
              ],
              [
                36.016475767179614,
                60.610610092512914
              ],
              [
                36.62212728756457,
                58.60439070426882
              ],
              [
                28.58774318744843,
                56.77645630629459
              ],
              [
                28.604883740597565,
                56.80216713601829
              ],
              [
                26.520190163652938,
                59.421096395008014
              ],
              [
                26.861901316149485,
                59.371749483305834
              ],
              [
                26.99901679466511,
                59.31772955532732
              ],
              [
                27.265091928942454,
                59.33804281826677
              ],
              [
                27.702038797838938,
                59.297504030424975
              ],
              [
                27.893597635729563,
                59.34611090298357
              ],
              [
                28.015851053698313,
                59.454154573637865
              ],
              [
                28.013093027575266,
                59.45822104092302
              ],
              [
                27.973393473131907,
                59.51671179409685
              ],
              [
                27.896657022936594,
                59.53378256436052
              ],
              [
                27.941687616808665,
                59.64759787197771
              ],
              [
                28.094189676745188,
                59.66467627163591
              ],
              [
                28.163104090197336,
                59.590682588774584
              ],
              [
                28.26633742759968,
                59.56222876187029
              ],
              [
                28.350983652575266,
                59.60206183071794
              ],
              [
                28.309100183947336,
                59.66440161343279
              ],
              [
                28.4443636269405,
                59.73374136563005
              ],
              [
                28.662732157213938,
                59.644340120512865
              ],
              [
                28.79593375633503,
                59.67222174282732
              ],
              [
                28.936268839342844,
                59.824550234038256
              ],
              [
                29.076066050036204,
                59.907794557768725
              ],
              [
                29.41362861107136,
                59.860030733305834
              ],
              [
                29.765452417834055,
                59.7362438070363
              ],
              [
                29.963156733019602,
                59.736617647368334
              ],
              [
                30.126639399035227,
                59.80604513760271
              ],
              [
                29.95287421654011,
                59.98558386440935
              ],
              [
                29.68729690025593,
                60.131000124174975
              ],
              [
                29.51074317405964,
                60.14456518765154
              ],
              [
                28.96897986839558,
                60.10878714199724
              ],
              [
                28.691634211046946,
                60.14997824307146
              ],
              [
                28.56939795921589,
                60.19842108364763
              ],
              [
                28.435231241686594,
                60.33733709927263
              ],
              [
                28.53725726065894,
                60.5090902350812
              ],
              [
                30.73552626226758,
                61.35926388425376
              ],
              [
                31.144682894345877,
                61.51750392981806
              ],
              [
                34.46211800147477,
                65.06197378942977
              ],
              [
                34.772864374621165,
                64.68222387905779
              ],
              [
                34.814768824084055,
                64.45981939907732
              ],
              [
                34.88461211632038,
                64.3667713033742
              ],
              [
                35.081763300402415,
                64.28833349819841
              ],
              [
                35.62327102134968,
                64.2535663473195
              ],
              [
                36.01547149132038,
                64.19702490444841
              ],
              [
                36.23997024009968,
                63.91862066860857
              ],
              [
                36.42062285850788,
                63.87610205288591
              ],
              [
                36.98754027794148,
                63.841483675200365
              ],
              [
                37.24650863121296,
                63.784877382475756
              ],
              [
                37.410540613634836,
                63.749496065337084
              ],
              [
                37.59146026085163,
                63.806937776762865
              ],
              [
                37.94491866539265,
                63.850394808012865
              ],
              [
                38.054080042345774,
                63.98631628628435
              ],
              [
                38.05385878990437,
                64.12927588101091
              ],
              [
                37.87985518883015,
                64.30789526577654
              ],
              [
                37.668128046496165,
                64.3433109151906
              ],
              [
                37.46328643272663,
                64.29996069546404
              ],
              [
                37.26195052574421,
                64.3138919698781
              ],
              [
                36.996741327746165,
                64.40655859585466
              ],
              [
                36.56850722740437,
                64.7645755636281
              ],
              [
                36.88390639732624,
                65.0676990377492
              ],
              [
                37.10194304893757,
                65.06812628384294
              ],
              [
                37.60409453819538,
                64.85277136440935
              ],
              [
                38.25292113731648,
                64.70306738491716
              ],
              [
                39.19344237755085,
                64.5110355245656
              ],
              [
                39.62159636925007,
                64.47596319790544
              ],
              [
                39.69429659010988,
                64.48859855730343
              ],
              [
                41.5481687273045,
                62.56493059604995
              ]
            ]
          ]
        ]
      }
    },
    {
      "type": "Feature",
      "properties": {
        "slug": "vladimir-suzdal",
        "name": "Principality of Vladimir-Suzdal",
        "start_year": 1157,
        "end_year": 1299,
        "region_type": "kingdom",
        "continental_zone": "Europe",
        "source": "historical-basemaps"
      },
      "geometry": {
        "type": "MultiPolygon",
        "coordinates": [
          [
            [
              [
                39.208903620417914,
                55.5609943769904
              ],
              [
                39.2125455651848,
                55.56900665547755
              ],
              [
                39.307177295146786,
                55.77719646139393
              ],
              [
                39.2256574335408,
                56.95923445468031
              ],
              [
                38.36969888667825,
                58.263552240375645
              ],
              [
                37.137197576191454,
                58.721576376029525
              ],
              [
                36.62212728756457,
                58.60439070426882
              ],
              [
                36.016475767179614,
                60.610610092512914
              ],
              [
                38.257386726533646,
                60.90430829467192
              ],
              [
                40.170359496713914,
                59.40867499763823
              ],
              [
                41.04486133451061,
                62.560474175235655
              ],
              [
                41.5481687273045,
                62.56493059604995
              ],
              [
                46.72912328018911,
                62.61080417954577
              ],
              [
                48.095532401746446,
                58.39243179450862
              ],
              [
                47.517850345231096,
                57.7086220534561
              ],
              [
                46.105746848468755,
                57.7086220534561
              ],
              [
                44.98906408003994,
                57.97352961617276
              ],
              [
                42.016505394992244,
                56.7751521471897
              ],
              [
                42.022732776559586,
                56.73877000968921
              ],
              [
                42.31993273295976,
                55.002443182440906
              ],
              [
                39.208903620417914,
                55.5609943769904
              ]
            ]
          ]
        ]
      }
    },
    {
      "type": "Feature",
      "properties": {
        "slug": "cuman-khanates",
        "name": "Cuman Khanates",
        "start_year": 1000,
        "end_year": 1241,
        "region_type": "confederation",
        "continental_zone": "Europe",
        "source": "historical-basemaps"
      },
      "geometry": {
        "type": "MultiPolygon",
        "coordinates": [
          [
            [
              [
                39.208903620417914,
                55.5609943769904
              ],
              [
                42.31993273295976,
                55.002443182440906
              ],
              [
                42.546733247465454,
                53.67740995383664
              ],
              [
                44.82601345850744,
                52.11961445385375
              ],
              [
                45.40194318408457,
                52.06504975849007
              ],
              [
                50.86510099928831,
                51.5474596278338
              ],
              [
                54.344302964994434,
                53.40170107654328
              ],
              [
                55.70905991815804,
                57.19766715162802
              ],
              [
                59.09429166962169,
                56.4318399506882
              ],
              [
                59.189973205591734,
                56.41019430623805
              ],
              [
                65.31164209247186,
                55.04663307077481
              ],
              [
                65.84769762413626,
                55.102641611189775
              ],
              [
                62.74809164773921,
                47.44654901433431
              ],
              [
                61.473236610483404,
                46.45942285374778
              ],
              [
                61.39486753545394,
                46.5005034994672
              ],
              [
                61.53570581574406,
                46.669893946364176
              ],
              [
                61.380783707424925,
                46.65056182591075
              ],
              [
                60.938085937500006,
                46.48984375
              ],
              [
                60.84619140625,
                46.524365234375
              ],
              [
                60.799414062500006,
                46.568994140624994
              ],
              [
                60.78310546875002,
                46.632666015625
              ],
              [
                60.79726562500002,
                46.715478515624994
              ],
              [
                60.74394531250002,
                46.764990234375
              ],
              [
                60.623046875,
                46.781298828124996
              ],
              [
                60.57021484375002,
                46.777880859374996
              ],
              [
                60.58515625000001,
                46.754785156249994
              ],
              [
                60.637792968750006,
                46.72080078125
              ],
              [
                60.72802734375,
                46.676025390625
              ],
              [
                60.725683593750006,
                46.625830078125
              ],
              [
                60.65117187500002,
                46.5890625
              ],
              [
                60.6044921875,
                46.578076171875
              ],
              [
                60.55458984375002,
                46.58564453125
              ],
              [
                60.50117187500001,
                46.611767578125
              ],
              [
                60.459570312500006,
                46.592822265624996
              ],
              [
                60.4296875,
                46.52890625
              ],
              [
                60.39628906250002,
                46.54306640625
              ],
              [
                60.359375,
                46.63525390625
              ],
              [
                60.3173828125,
                46.687451171875
              ],
              [
                60.2705078125,
                46.69970703125
              ],
              [
                60.1890625,
                46.676806640624996
              ],
              [
                60.07304687500002,
                46.618798828124994
              ],
              [
                60.00917968750002,
                46.56064453125
              ],
              [
                59.99765625,
                46.502392578125
              ],
              [
                60.02070312500001,
                46.4494140625
              ],
              [
                60.078710937500006,
                46.401757812499994
              ],
              [
                60.1728515625,
                46.389941406249996
              ],
              [
                60.30292968750001,
                46.413916015625
              ],
              [
                60.39531250000002,
                46.405566406249996
              ],
              [
                60.449804687500006,
                46.364990234375
              ],
              [
                60.54775390625002,
                46.322558593749996
              ],
              [
                60.58339843750002,
                46.326464843749996
              ],
              [
                60.607519531250006,
                46.349023437499994
              ],
              [
                60.68339843750002,
                46.381396484374996
              ],
              [
                60.69599609375001,
                46.400683593749996
              ],
              [
                60.7109375,
                46.407617187499994
              ],
              [
                60.72832031250002,
                46.402294921875
              ],
              [
                60.74980468750002,
                46.353662109374994
              ],
              [
                60.82255859375002,
                46.2431640625
              ],
              [
                60.82412109375002,
                46.213427734374996
              ],
              [
                60.81191406250002,
                46.16865234375
              ],
              [
                60.72832031250002,
                46.10126953125
              ],
              [
                60.68496093750002,
                46.078417968749996
              ],
              [
                60.65117187500002,
                46.071044921875
              ],
              [
                60.32353515625002,
                46.102783203125
              ],
              [
                60.237890625,
                46.099755859374994
              ],
              [
                60.16474609375001,
                46.108349609375
              ],
              [
                60.10429687500002,
                46.128564453124994
              ],
              [
                60.02871093750002,
                46.122998046875
              ],
              [
                59.86347656250001,
                46.074511718749996
              ],
              [
                59.80488281250001,
                46.071337890624996
              ],
              [
                59.78740234375002,
                46.088525390624994
              ],
              [
                59.81083984375002,
                46.12607421875
              ],
              [
                59.8154296875,
                46.181396484375
              ],
              [
                59.80078125,
                46.254541015624994
              ],
              [
                59.77890625,
                46.30146484375
              ],
              [
                59.74941406250002,
                46.322119140625
              ],
              [
                59.698828125,
                46.331298828125
              ],
              [
                59.57695312500002,
                46.33349609375
              ],
              [
                59.548828125,
                46.344775390624996
              ],
              [
                59.53076171875,
                46.342675781249994
              ],
              [
                59.52265625000001,
                46.327197265624996
              ],
              [
                59.57167968750002,
                46.25859375
              ],
              [
                59.677734375,
                46.1369140625
              ],
              [
                59.70576171875001,
                46.022119140624994
              ],
              [
                59.65546875000001,
                45.91416015625
              ],
              [
                59.62841796875,
                45.838427734374996
              ],
              [
                59.62470703125001,
                45.794970703124996
              ],
              [
                59.59804687500002,
                45.773242187499996
              ],
              [
                59.5484375,
                45.773242187499996
              ],
              [
                59.499121093750006,
                45.75244140625
              ],
              [
                59.45,
                45.710839843749994
              ],
              [
                59.42363281250002,
                45.704638671874996
              ],
              [
                59.419921875,
                45.733789062499994
              ],
              [
                59.40351562500001,
                45.749902343749994
              ],
              [
                59.37431640625002,
                45.75302734375
              ],
              [
                59.35693359375,
                45.73505859375
              ],
              [
                59.35136718750002,
                45.695947265624994
              ],
              [
                59.31855468750001,
                45.694238281249994
              ],
              [
                59.2587890625,
                45.729833984375
              ],
              [
                59.23291015625,
                45.774804687499994
              ],
              [
                59.24101562500002,
                45.829150390624996
              ],
              [
                59.271484375,
                45.88232421875
              ],
              [
                59.32392578125001,
                45.934375
              ],
              [
                59.334570312500006,
                45.974267578124994
              ],
              [
                59.30322265625,
                46.00205078125
              ],
              [
                59.25898437500001,
                46.00146484375
              ],
              [
                59.201757812500006,
                45.972460937499996
              ],
              [
                59.140722656250006,
                45.9572265625
              ],
              [
                59.07587890625001,
                45.955712890624994
              ],
              [
                58.98164062500001,
                45.974609375
              ],
              [
                58.95742187500002,
                45.968212890625
              ],
              [
                58.9501953125,
                45.942333984375
              ],
              [
                58.92626953125,
                45.932275390624994
              ],
              [
                58.88544921875001,
                45.93818359375
              ],
              [
                58.83388671875002,
                45.92578125
              ],
              [
                58.771582031250006,
                45.89501953125
              ],
              [
                58.720703125,
                45.84765625
              ],
              [
                58.68125,
                45.783642578125
              ],
              [
                58.6552734375,
                45.715722656249994
              ],
              [
                58.6279296875,
                45.600244140624994
              ],
              [
                58.611328125,
                45.584716796875
              ],
              [
                58.58867187500002,
                45.537060546875
              ],
              [
                58.56005859375,
                45.4572265625
              ],
              [
                58.51357421875002,
                45.385693359375
              ],
              [
                58.44921875,
                45.322412109374994
              ],
              [
                58.40410156250002,
                45.25302734375
              ],
              [
                58.37832031250002,
                45.177539062499996
              ],
              [
                58.27216796875001,
                44.981689453125
              ],
              [
                58.23808593750002,
                44.903125
              ],
              [
                58.23212890625001,
                44.851318359375
              ],
              [
                58.2509765625,
                44.786425781249996
              ],
              [
                58.29462890625001,
                44.708349609375
              ],
              [
                58.29667968750002,
                44.638427734375
              ],
              [
                58.25712890625002,
                44.5765625
              ],
              [
                58.24287109375001,
                44.52421875
              ],
              [
                58.25371093750002,
                44.481298828125
              ],
              [
                58.27802734375001,
                44.44921875
              ],
              [
                58.31572265625002,
                44.426318359374996
              ],
              [
                58.36855468750002,
                44.429248046874996
              ],
              [
                58.46533203125,
                44.46103515625
              ],
              [
                58.513769531250006,
                44.490869140624994
              ],
              [
                58.57763671875,
                44.546728515625
              ],
              [
                59.180514950669405,
                44.430545134284465
              ],
              [
                57.629891416383835,
                42.06943863609751
              ],
              [
                57.61308593750002,
                42.105029296874996
              ],
              [
                57.62724609375002,
                42.149609375
              ],
              [
                57.5498046875,
                42.260693359375
              ],
              [
                57.39228515625001,
                42.334912109375
              ],
              [
                57.27265625000001,
                42.3033203125
              ],
              [
                57.182714843750006,
                42.185351562499996
              ],
              [
                57.09375,
                41.968408203124994
              ],
              [
                57.05341796875001,
                41.773388671875
              ],
              [
                57.06181640625002,
                41.724853515625
              ],
              [
                57.11591796875001,
                41.731347656249994
              ],
              [
                57.174414062500006,
                41.7345703125
              ],
              [
                57.247167968750006,
                41.6525390625
              ],
              [
                57.2554099208609,
                41.645899712188445
              ],
              [
                55.472394918654835,
                40.24593454541952
              ],
              [
                53.55887818390539,
                39.84257569679892
              ],
              [
                53.59252456138874,
                39.89304693813982
              ],
              [
                53.688303980334055,
                39.979247652251146
              ],
              [
                53.506323847277415,
                39.99840124722185
              ],
              [
                53.362654718859446,
                39.96009024258318
              ],
              [
                53.19025329063679,
                39.96009024258318
              ],
              [
                53.04658416221882,
                39.99840124722185
              ],
              [
                52.98911574791218,
                39.93135794277849
              ],
              [
                52.912493738634836,
                40.046290956694506
              ],
              [
                52.84545043419148,
                40.18038138027849
              ],
              [
                52.84545043419148,
                40.33362921353044
              ],
              [
                52.82629302452351,
                40.46771963711443
              ],
              [
                52.90291503380085,
                40.56349905605974
              ],
              [
                52.95080474327351,
                40.70716436978044
              ],
              [
                52.96996215294148,
                40.822101198393725
              ],
              [
                53.01785186241413,
                40.946612917143725
              ],
              [
                53.056162867052805,
                41.05197104092302
              ],
              [
                53.15194228599812,
                40.89872320767107
              ],
              [
                53.180674585802805,
                40.84125479336443
              ],
              [
                53.257300409777415,
                40.764632784087084
              ],
              [
                53.43927672813679,
                40.802943788725756
              ],
              [
                53.61168197105671,
                40.74547918911638
              ],
              [
                53.65957168052937,
                40.81252249355974
              ],
              [
                53.64999297569538,
                40.879569612700365
              ],
              [
                53.69788268516804,
                40.879569612700365
              ],
              [
                53.7649259896114,
                40.86999090786638
              ],
              [
                53.79366210411335,
                40.72632177944841
              ],
              [
                53.84155181358601,
                40.640121065337084
              ],
              [
                53.97564223716999,
                40.64969977017107
              ],
              [
                54.10973266075398,
                40.678432069975756
              ],
              [
                54.22466567466999,
                40.72632177944841
              ],
              [
                54.33002379844929,
                40.68801077480974
              ],
              [
                54.41622451256062,
                40.65927847500505
              ],
              [
                54.45453551719929,
                40.71674307461443
              ],
              [
                54.387488398058665,
                40.802943788725756
              ],
              [
                54.36833480308796,
                40.89872320767107
              ],
              [
                54.45453551719929,
                40.91788061733904
              ],
              [
                54.502425226671946,
                40.85083349819841
              ],
              [
                54.60778335045124,
                40.81252249355974
              ],
              [
                54.72271636436726,
                40.85083349819841
              ],
              [
                54.81849578331257,
                40.879569612700365
              ],
              [
                54.828074488146555,
                40.984923921782396
              ],
              [
                54.751448664171946,
                41.13817175503435
              ],
              [
                54.59820464561726,
                41.243529878813646
              ],
              [
                54.35875609825398,
                41.38719519253435
              ],
              [
                54.16719726036335,
                41.48297461147966
              ],
              [
                54.138464960558665,
                41.62664373989763
              ],
              [
                54.119307550890696,
                41.779891573149584
              ],
              [
                54.02352813194538,
                41.85651358242693
              ],
              [
                54.02352813194538,
                41.95229300137224
              ],
              [
                54.02352813194538,
                42.04807242031755
              ],
              [
                53.98521712730671,
                42.10553701992693
              ],
              [
                53.73619368980671,
                42.13427313442888
              ],
              [
                53.45843413780476,
                42.09596212979021
              ],
              [
                53.26687529991413,
                42.086383424956225
              ],
              [
                53.06574157188679,
                42.028915010649584
              ],
              [
                52.97954085777546,
                41.904403291899584
              ],
              [
                52.94122985313679,
                41.7703128683156
              ],
              [
                52.998694452746165,
                41.68411215420427
              ],
              [
                52.96996215294148,
                41.55960043545427
              ],
              [
                52.931651148302805,
                41.37762030239763
              ],
              [
                52.96038344810749,
                41.272262178618334
              ],
              [
                52.96996215294148,
                41.13817175503435
              ],
              [
                52.855025324328196,
                41.38719519253435
              ],
              [
                52.692202600939524,
                41.53086432095232
              ],
              [
                52.71136001060749,
                41.60749014492693
              ],
              [
                52.68262389610554,
                41.693690859038256
              ],
              [
                52.55927184532429,
                41.757838808257006
              ],
              [
                52.600745233996165,
                41.93767889614763
              ],
              [
                52.573767694933665,
                42.0186038839406
              ],
              [
                52.51981643150593,
                42.072555147368334
              ],
              [
                52.58275893638874,
                42.18944891567888
              ],
              [
                52.672678980334055,
                42.27936895962419
              ],
              [
                52.73562148521687,
                42.42324026699724
              ],
              [
                52.75360778282429,
                42.55811651821794
              ],
              [
                52.83453277061726,
                42.648036562163256
              ],
              [
                52.76259902427937,
                42.755939089018725
              ],
              [
                52.58275893638874,
                42.827872835356615
              ],
              [
                52.37594893883015,
                42.800895296294115
              ],
              [
                52.295020136339915,
                42.87283285732927
              ],
              [
                52.16014388511921,
                42.84585531826677
              ],
              [
                52.0702238411739,
                42.827872835356615
              ],
              [
                51.980303797228586,
                42.90880163784685
              ],
              [
                51.88139632652546,
                43.05266913052263
              ],
              [
                51.737525019152415,
                43.178554140288256
              ],
              [
                51.58466247032429,
                43.178554140288256
              ],
              [
                51.422808680041086,
                43.16956289883318
              ],
              [
                51.422808680041086,
                43.25948294277849
              ],
              [
                51.458777460558665,
                43.385367952544115
              ],
              [
                51.36885741661335,
                43.556212984282396
              ],
              [
                51.26095488975788,
                43.61016424771013
              ],
              [
                51.17103484581257,
                43.7180667745656
              ],
              [
                50.99119857261921,
                44.077743135649584
              ],
              [
                50.95522979210163,
                44.20362814541521
              ],
              [
                50.70345977257038,
                44.25757940884294
              ],
              [
                50.388743433459055,
                44.29354818936052
              ],
              [
                50.32580092857624,
                44.36548193569841
              ],
              [
                50.33479217003132,
                44.56330450649919
              ],
              [
                50.40672591636921,
                44.61725576992693
              ],
              [
                50.54160598228718,
                44.64423330898943
              ],
              [
                50.72144225548054,
                44.635238252837084
              ],
              [
                50.874304804308665,
                44.626247011382006
              ],
              [
                51.0901098580196,
                44.56330450649919
              ],
              [
                51.332888636095774,
                44.482379518706225
              ],
              [
                51.41381743858601,
                44.51834448452654
              ],
              [
                51.57567122886921,
                44.554313265044115
              ],
              [
                51.4857511849239,
                44.626247011382006
              ],
              [
                51.36885741661335,
                44.68019827480974
              ],
              [
                51.18902114341999,
                44.77011831875505
              ],
              [
                51.09910109947468,
                44.87802084561052
              ],
              [
                51.21599486778523,
                45.039874635893725
              ],
              [
                51.34188369224812,
                45.05785711880388
              ],
              [
                51.37784865806843,
                45.17475088711443
              ],
              [
                51.458777460558665,
                45.309630953032396
              ],
              [
                51.5127287239864,
                45.37257345791521
              ],
              [
                51.629622492296946,
                45.35459097500505
              ],
              [
                51.77349379966999,
                45.390555940825365
              ],
              [
                51.84542754600788,
                45.43551596279802
              ],
              [
                51.99829009483601,
                45.38156469937029
              ],
              [
                52.10619262169148,
                45.38156469937029
              ],
              [
                52.60973647545124,
                45.39955099697771
              ],
              [
                53.059329065783274,
                45.33660467739763
              ],
              [
                53.284129175646555,
                45.32761343594255
              ],
              [
                53.2121916146114,
                45.36358221646013
              ],
              [
                53.059329065783274,
                45.45349844570818
              ],
              [
                52.843524012072336,
                45.50745352383318
              ],
              [
                52.83453277061726,
                45.64232977505388
              ],
              [
                52.92445281456257,
                45.73224981899919
              ],
              [
                53.050337824328196,
                45.831161104399584
              ],
              [
                53.149249109728586,
                45.95704611416521
              ],
              [
                53.20320037315632,
                46.1908336507863
              ],
              [
                53.257151636584055,
                46.31672247524919
              ],
              [
                53.185217890246165,
                46.424621187407396
              ],
              [
                53.12227538536335,
                46.49655874844255
              ],
              [
                53.16723159263874,
                46.5864749776906
              ],
              [
                53.284129175646555,
                46.67639502163591
              ],
              [
                53.23017791221882,
                46.730346285063646
              ],
              [
                53.185217890246165,
                46.865226350981615
              ],
              [
                53.02336409996296,
                46.91917761440935
              ],
              [
                52.86151030967976,
                46.937160097319506
              ],
              [
                52.55578521202351,
                46.98212011929216
              ],
              [
                52.465865168078196,
                46.910182558257006
              ],
              [
                52.37594893883015,
                46.87421759243669
              ],
              [
                52.14215758751179,
                46.838248811919115
              ],
              [
                51.935347589953196,
                46.89220007534685
              ],
              [
                51.79147628258015,
                47.009093843657396
              ],
              [
                51.6745825142696,
                47.036071382719896
              ],
              [
                51.36885741661335,
                47.09002264614763
              ],
              [
                51.117083582384836,
                47.06304510708513
              ],
              [
                50.82035354088093,
                46.91917761440935
              ],
              [
                50.63152221153523,
                46.910182558257006
              ],
              [
                50.27184966514851,
                46.68538626309099
              ],
              [
                49.9481420845821,
                46.559501253325365
              ],
              [
                49.723345789416086,
                46.532523714262865
              ],
              [
                49.53451446007038,
                46.54151877041521
              ],
              [
                49.40862945030476,
                46.43361624355974
              ],
              [
                49.31320479820515,
                46.352687441069506
              ],
              [
                49.23778441856648,
                46.26276739712419
              ],
              [
                49.05794433067585,
                46.13688238735857
              ],
              [
                48.88709929893757,
                46.082931123930834
              ],
              [
                48.833148035509836,
                46.082931123930834
              ],
              [
                48.833148035509836,
                46.01998861904802
              ],
              [
                48.833148035509836,
                45.92107733364763
              ],
              [
                48.770205530627024,
                45.88510855313005
              ],
              [
                48.63532927940632,
                45.975028597075365
              ],
              [
                48.482466730578196,
                45.88510855313005
              ],
              [
                48.30262664268757,
                45.768214784819506
              ],
              [
                48.01488784263874,
                45.71426352139177
              ],
              [
                47.871016535265696,
                45.67829855557146
              ],
              [
                47.75412276695515,
                45.71426352139177
              ],
              [
                47.67319777916218,
                45.75023230190935
              ],
              [
                47.628237757189524,
                45.73224981899919
              ],
              [
                47.60126403282429,
                45.66031225796404
              ],
              [
                47.65521148155476,
                45.54341848965349
              ],
              [
                47.55630401085163,
                45.45349844570818
              ],
              [
                47.4753752083614,
                45.318622194487475
              ],
              [
                47.39445022056843,
                45.17475088711443
              ],
              [
                47.25057891319538,
                44.98592337246599
              ],
              [
                47.169653925402415,
                44.860038362700365
              ],
              [
                47.02578261802937,
                44.78810080166521
              ],
              [
                46.87292006920124,
                44.68019827480974
              ],
              [
                46.80997756431843,
                44.53633078213396
              ],
              [
                46.84594634483601,
                44.446410738188646
              ],
              [
                46.99880507896687,
                44.356490694243334
              ],
              [
                47.142676386339915,
                44.33850821133318
              ],
              [
                47.22360137413288,
                44.20362814541521
              ],
              [
                47.33150771568562,
                44.18564566250505
              ],
              [
                47.43940642784382,
                44.03278311367693
              ],
              [
                47.56529525230671,
                43.84395559902849
              ],
              [
                47.53831771324421,
                43.67311056729021
              ],
              [
                47.49336150596882,
                43.583190523344896
              ],
              [
                47.520335230334055,
                43.511256777007006
              ],
              [
                47.56529525230671,
                43.60117300625505
              ],
              [
                47.61025527427937,
                43.75403555508318
              ],
              [
                47.6642065377071,
                43.85294684048357
              ],
              [
                47.73614028404499,
                43.861938081938646
              ],
              [
                47.67319777916218,
                43.664115511137865
              ],
              [
                47.57428649376179,
                43.50226172085466
              ],
              [
                47.60126403282429,
                43.3224254476613
              ],
              [
                47.65521148155476,
                43.277465425688646
              ],
              [
                47.58327773521687,
                43.1875491964406
              ],
              [
                47.56529525230671,
                43.007709108549975
              ],
              [
                47.73614028404499,
                42.899806581694506
              ],
              [
                47.79009154747273,
                42.85484655972185
              ],
              [
                47.84404281090046,
                42.621059023100756
              ],
              [
                47.969927820666086,
                42.59408529873552
              ],
              [
                48.13178161094929,
                42.40525396938982
              ],
              [
                48.2217016548946,
                42.27936895962419
              ],
              [
                46.73821432415464,
                41.71183394023706
              ],
              [
                46.82249098439725,
                41.206173978781266
              ],
              [
                46.906767644639885,
                40.61623735708285
              ],
              [
                46.73821432415464,
                40.02630073538444
              ],
              [
                46.14827770245621,
                39.68919409441392
              ],
              [
                45.43192609039387,
                41.45900395950916
              ],
              [
                45.55834108075781,
                41.838248930601
              ],
              [
                45.25983714902755,
                42.43851801493287
              ],
              [
                43.54586158676001,
                42.83470520250434
              ],
              [
                41.12255385826374,
                43.019088350493334
              ],
              [
                40.969336542589915,
                43.076659761626146
              ],
              [
                40.55709365318562,
                43.14658697720232
              ],
              [
                40.25161651085163,
                43.26818426724138
              ],
              [
                40.09806350181843,
                43.37755163784685
              ],
              [
                39.458689722521555,
                43.832931123930834
              ],
              [
                38.92371276329304,
                44.21186026211443
              ],
              [
                38.55609038780476,
                44.385097109038256
              ],
              [
                38.27700332115437,
                44.42320593472185
              ],
              [
                38.10918334434773,
                44.493774019438646
              ],
              [
                37.880373987658274,
                44.71894796963396
              ],
              [
                37.774050745470774,
                44.74454077358904
              ],
              [
                37.62174514244343,
                44.67330893154802
              ],
              [
                37.47389129112507,
                44.69235952969255
              ],
              [
                37.31793883751179,
                44.92420920010271
              ],
              [
                36.95986846397663,
                45.227355562407396
              ],
              [
                37.22774795006062,
                45.31201895352068
              ],
              [
                37.4609709114864,
                45.31247671719255
              ],
              [
                37.661265406115305,
                45.345233522612475
              ],
              [
                37.70609572838093,
                45.57840307827654
              ],
              [
                37.867877039416086,
                45.79251440640154
              ],
              [
                37.98994353721882,
                46.00666006680193
              ],
              [
                38.22715285728718,
                46.02009161587419
              ],
              [
                38.45897963951374,
                46.07891424771013
              ],
              [
                38.2649145455196,
                46.31855734463396
              ],
              [
                37.970171961291086,
                46.441283785063646
              ],
              [
                37.757098230822336,
                46.60319098110857
              ],
              [
                37.8665991158321,
                46.65535696621599
              ],
              [
                38.031863245470774,
                46.66868170376482
              ],
              [
                38.40109160850788,
                46.7213512289113
              ],
              [
                38.72273925255085,
                46.877921663481615
              ],
              [
                39.282359156115305,
                47.07403143521013
              ],
              [
                39.194094690783274,
                47.24295004482927
              ],
              [
                39.159853968127024,
                47.26889380093279
              ],
              [
                38.80024627159382,
                47.22916754360857
              ],
              [
                38.209727320177805,
                47.15045889492693
              ],
              [
                37.85925200889851,
                47.103744112212084
              ],
              [
                37.42214492271687,
                47.07688101406755
              ],
              [
                37.19263366173054,
                46.89442022915544
              ],
              [
                36.86455825279499,
                46.809291444975756
              ],
              [
                36.35396865318562,
                46.77579840298357
              ],
              [
                35.85055831383015,
                46.66439016934099
              ],
              [
                35.624331507189524,
                46.52106054897966
              ],
              [
                35.41610244224812,
                46.494689546782396
              ],
              [
                35.21237472008015,
                46.63714178677263
              ],
              [
                35.04636672447468,
                46.357650362212084
              ],
              [
                34.906809839709055,
                46.27302130337419
              ],
              [
                34.69234755943562,
                46.25312765713396
              ],
              [
                34.49565413902546,
                46.27870138760271
              ],
              [
                34.06421569298054,
                46.26487311001482
              ],
              [
                33.83908370445515,
                46.193053804594896
              ],
              [
                34.12725737999226,
                46.06389959927263
              ],
              [
                35.00805190513874,
                45.61194571133318
              ],
              [
                35.031897577746165,
                45.53427466030779
              ],
              [
                34.9900122017696,
                45.45001562710466
              ],
              [
                35.063418421252024,
                45.34009894009294
              ],
              [
                35.31667617271687,
                45.32118185635271
              ],
              [
                35.54621795128132,
                45.37989386196794
              ],
              [
                35.8497648567989,
                45.4452281820363
              ],
              [
                36.323164972765696,
                45.439696871001146
              ],
              [
                36.52104857872273,
                45.38828619595232
              ],
              [
                36.41513350914265,
                45.271571718413256
              ],
              [
                36.36711409996296,
                45.161483370024584
              ],
              [
                36.264754328234446,
                45.09658774014177
              ],
              [
                36.00469878624226,
                45.04433401699724
              ],
              [
                35.865454706652415,
                45.031119905669115
              ],
              [
                35.59955504844929,
                45.10174139614763
              ],
              [
                35.386660608752024,
                45.08192404385271
              ],
              [
                35.06732085655476,
                44.86172445889177
              ],
              [
                34.61416152427937,
                44.8414684164113
              ],
              [
                34.37224105308796,
                44.75717505093279
              ],
              [
                34.13495543907429,
                44.53749807949724
              ],
              [
                34.01372435997273,
                44.49212225552263
              ],
              [
                33.66015532921101,
                44.52365835781755
              ],
              [
                33.39549544761921,
                44.600490175444506
              ],
              [
                33.55937865684773,
                44.93613775845232
              ],
              [
                33.516673120959055,
                45.12350805874529
              ],
              [
                33.397872004015696,
                45.25268133755388
              ],
              [
                33.013491663439524,
                45.38137014980974
              ],
              [
                32.926287683947336,
                45.38767202969255
              ],
              [
                32.64344695518757,
                45.380633913237475
              ],
              [
                32.575301203234446,
                45.361083589751146
              ],
              [
                32.50324157188679,
                45.44510229702654
              ],
              [
                32.902258905871165,
                45.67258032437029
              ],
              [
                33.19164946983601,
                45.78977545376482
              ],
              [
                33.53945830772663,
                45.874713503081225
              ],
              [
                33.638838800890696,
                45.92677267666521
              ],
              [
                33.52794555137898,
                46.13406332607927
              ],
              [
                33.33253386925007,
                46.16611059780779
              ],
              [
                32.9729338021114,
                46.14594992275896
              ],
              [
                32.51644423912312,
                46.12558325405779
              ],
              [
                32.202166590197336,
                46.17036017056169
              ],
              [
                32.11410430382038,
                46.215621553618334
              ],
              [
                31.925940546496165,
                46.409930788237475
              ],
              [
                32.188792261584055,
                46.59223898525896
              ],
              [
                31.951270136339915,
                46.86462744351091
              ],
              [
                31.78104690025593,
                46.701861940581225
              ],
              [
                31.53773406456257,
                46.701381288725756
              ],
              [
                31.087231668932688,
                46.6355357992238
              ],
              [
                30.832856211169016,
                46.576591097075365
              ],
              [
                30.832856211169013,
                46.576591097075365
              ],
              [
                28.641766151498707,
                48.37702259715187
              ],
              [
                28.67599354796032,
                48.401880796531856
              ],
              [
                32.50457805503074,
                48.3598521807663
              ],
              [
                32.822456120030495,
                49.61140317947054
              ],
              [
                31.65373257823021,
                50.340739663578645
              ],
              [
                32.13342947382246,
                50.64144518021857
              ],
              [
                36.209422554120366,
                51.78272324270199
              ],
              [
                36.657781792953145,
                51.9457629659139
              ],
              [
                37.06538110098292,
                53.16856089000328
              ],
              [
                37.75829992463356,
                53.16856089000328
              ],
              [
                37.83981978623952,
                53.98375950606285
              ],
              [
                38.899577987116984,
                54.88047798372838
              ],
              [
                39.208903620417914,
                55.5609943769904
              ]
            ]
          ]
        ]
      }
    },
    {
      "type": "Feature",
      "properties": {
        "slug": "volga-bulgaria",
        "name": "Volga Bulgars",
        "start_year": 700,
        "end_year": 1240,
        "region_type": "kingdom",
        "continental_zone": "Europe",
        "source": "historical-basemaps"
      },
      "geometry": {
        "type": "MultiPolygon",
        "coordinates": [
          [
            [
              [
                42.016505394992244,
                56.7751521471897
              ],
              [
                44.98906408003994,
                57.97352961617276
              ],
              [
                46.105746848468755,
                57.7086220534561
              ],
              [
                47.517850345231096,
                57.7086220534561
              ],
              [
                48.60792522187434,
                57.7086220534561
              ],
              [
                53.97646398874319,
                57.7086220534561
              ],
              [
                53.92448387264525,
                57.601384527021416
              ],
              [
                55.70905991815804,
                57.19766715162802
              ],
              [
                54.344302964994434,
                53.40170107654328
              ],
              [
                50.86510099928831,
                51.5474596278338
              ],
              [
                45.40194318408457,
                52.06504975849007
              ],
              [
                44.82601345850744,
                52.11961445385375
              ],
              [
                42.546733247465454,
                53.67740995383664
              ],
              [
                42.31993273295976,
                55.002443182440906
              ],
              [
                42.016505394992244,
                56.7751521471897
              ]
            ]
          ]
        ]
      }
    }
  ]
}