{
  "type": "FeatureCollection",
  "features": [
    {
      "type": "Feature",
      "properties": {
        "slug": "empire-of-thessalonica",
        "name": "Empire of Thessalonica",
        "start_date": "1230",
        "end_date": "1337",
        "region_type": "empire",
        "source_system": "OHM",
        "osm_type": "relation",
        "osm_id": "2850421"
      },
      "geometry": {
        "type": "Polygon",
        "coordinates": [
          [
            [
              20.180186,
              39.3925397
            ],
            [
              20.1815864,
              39.3890461
            ],
            [
              20.1931715,
              39.3738859
            ],
            [
              20.1983213,
              39.3618093
            ],
            [
              20.1991225,
              39.3603715
            ],
            [
              20.200864,
              39.3598707
            ],
            [
              20.2086957,
              39.3587134
            ],
            [
              20.2203973,
              39.355002
            ],
            [
              20.2249605,
              39.3547245
            ],
            [
              20.2256828,
              39.3513117
            ],
            [
              20.2285569,
              39.3472288
            ],
            [
              20.2302566,
              39.3399811
            ],
            [
              20.2299905,
              39.3399416
            ],
            [
              20.2308625,
              39.3364277
            ],
            [
              20.2320403,
              39.3326527
            ],
            [
              20.2324258,
              39.331631
            ],
            [
              20.2324762,
              39.3315593
            ],
            [
              20.2334605,
              39.3228478
            ],
            [
              20.2346585,
              39.3191663
            ],
            [
              20.2397859,
              39.3091646
            ],
            [
              20.2410234,
              39.3074471
            ],
            [
              20.2463564,
              39.3013855
            ],
            [
              20.2477149,
              39.3001035
            ],
            [
              20.250929,
              39.2978094
            ],
            [
              20.2525677,
              39.2958298
            ],
            [
              20.2577781,
              39.2915875
            ],
            [
              20.2576261,
              39.291502
            ],
            [
              20.2582001,
              39.2908912
            ],
            [
              20.2598053,
              39.2897054
            ],
            [
              20.2595384,
              39.2895186
            ],
            [
              20.2611924,
              39.288103
            ],
            [
              20.2615939,
              39.288384
            ],
            [
              20.2628716,
              39.2874401
            ],
            [
              20.2664418,
              39.2845329
            ],
            [
              20.2678933,
              39.28373
            ],
            [
              20.2719716,
              39.2807168
            ],
            [
              20.2756475,
              39.2795051
            ],
            [
              20.2758535,
              39.2794066
            ],
            [
              20.2773445,
              39.278214
            ],
            [
              20.2790538,
              39.275957
            ],
            [
              20.2809248,
              39.2740604
            ],
            [
              20.2917383,
              39.2666229
            ],
            [
              20.2989522,
              39.2578503
            ],
            [
              20.309568,
              39.2504287
            ],
            [
              20.3113057,
              39.2495088
            ],
            [
              20.3243139,
              39.2444838
            ],
            [
              20.3385922,
              39.2423711
            ],
            [
              20.3413309,
              39.242552
            ],
            [
              20.3464182,
              39.241577
            ],
            [
              20.3540066,
              39.242025
            ],
            [
              20.3568489,
              39.2414085
            ],
            [
              20.364702,
              39.2406878
            ],
            [
              20.376359,
              39.2375061
            ],
            [
              20.3910868,
              39.2368121
            ],
            [
              20.3968549,
              39.2377983
            ],
            [
              20.3992014,
              39.2370931
            ],
            [
              20.4030931,
              39.2362496
            ],
            [
              20.4124172,
              39.2355105
            ],
            [
              20.4128139,
              39.2354271
            ],
            [
              20.4128316,
              39.2354777
            ],
            [
              20.4140755,
              39.235379
            ],
            [
              20.4188182,
              39.2338467
            ],
            [
              20.4205743,
              39.233603
            ],
            [
              20.4209295,
              39.2315791
            ],
            [
              20.4210108,
              39.228494
            ],
            [
              20.4216689,
              39.2228179
            ],
            [
              20.4218808,
              39.2217923
            ],
            [
              20.4216977,
              39.2211659
            ],
            [
              20.4216422,
              39.2205369
            ],
            [
              20.4228789,
              39.2084579
            ],
            [
              20.4285924,
              39.1971766
            ],
            [
              20.4382896,
              39.1876671
            ],
            [
              20.4395685,
              39.1869785
            ],
            [
              20.4398504,
              39.186581
            ],
            [
              20.4488979,
              39.1790845
            ],
            [
              20.4498247,
              39.1784867
            ],
            [
              20.4503312,
              39.1780855
            ],
            [
              20.4637578,
              39.1703614
            ],
            [
              20.4796126,
              39.1662463
            ],
            [
              20.4823827,
              39.1662298
            ],
            [
              20.4840413,
              39.1649697
            ],
            [
              20.4853556,
              39.164284
            ],
            [
              20.487543,
              39.163534
            ],
            [
              20.4887311,
              39.1625044
            ],
            [
              20.4898396,
              39.1617906
            ],
            [
              20.4963623,
              39.1581963
            ],
            [
              20.4975764,
              39.1576286
            ],
            [
              20.5009523,
              39.1549107
            ],
            [
              20.5028333,
              39.1531172
            ],
            [
              20.5039434,
              39.1502678
            ],
            [
              20.5125522,
              39.1402222
            ],
            [
              20.5133497,
              39.1395355
            ],
            [
              20.5151716,
              39.1385236
            ],
            [
              20.5165457,
              39.1362457
            ],
            [
              20.5173012,
              39.134971
            ],
            [
              20.5319502,
              39.1202646
            ],
            [
              20.5322653,
              39.1200644
            ],
            [
              20.5327352,
              39.1195944
            ],
            [
              20.5333371,
              39.1190252
            ],
            [
              20.5383403,
              39.111294
            ],
            [
              20.5393271,
              39.1103671
            ],
            [
              20.5431062,
              39.1081264
            ],
            [
              20.5481061,
              39.1038095
            ],
            [
              20.5482692,
              39.1036278
            ],
            [
              20.5530789,
              39.0994793
            ],
            [
              20.5575934,
              39.0942858
            ],
            [
              20.5610187,
              39.0921188
            ],
            [
              20.5622368,
              39.0908238
            ],
            [
              20.5728582,
              39.0823873
            ],
            [
              20.5809842,
              39.0788548
            ],
            [
              20.5872499,
              39.0750535
            ],
            [
              20.5889503,
              39.0745725
            ],
            [
              20.5891675,
              39.0740704
            ],
            [
              20.6005663,
              39.0629084
            ],
            [
              20.6161687,
              39.0554125
            ],
            [
              20.6204642,
              39.0540768
            ],
            [
              20.6315957,
              39.0522683
            ],
            [
              20.6384981,
              39.046992
            ],
            [
              20.6407279,
              39.0450904
            ],
            [
              20.640774,
              39.045123
            ],
            [
              20.644577,
              39.0418147
            ],
            [
              20.6497514,
              39.0370711
            ],
            [
              20.6503206,
              39.0365571
            ],
            [
              20.6527198,
              39.0340077
            ],
            [
              20.6542984,
              39.0327481
            ],
            [
              20.6556273,
              39.030861
            ],
            [
              20.6590309,
              39.0268944
            ],
            [
              20.6597259,
              39.0256414
            ],
            [
              20.6601612,
              39.0250186
            ],
            [
              20.655646,
              39.0204915
            ],
            [
              20.653601,
              39.0176768
            ],
            [
              20.6482734,
              39.0072474
            ],
            [
              20.6467492,
              38.9960874
            ],
            [
              20.6467797,
              38.9953054
            ],
            [
              20.6491464,
              38.9842972
            ],
            [
              20.6527608,
              38.9782684
            ],
            [
              20.6535834,
              38.9758739
            ],
            [
              20.6547754,
              38.9730964
            ],
            [
              20.6572155,
              38.9683924
            ],
            [
              20.6607345,
              38.9626499
            ],
            [
              20.6620758,
              38.9606085
            ],
            [
              20.6641188,
              38.9577009
            ],
            [
              20.6655976,
              38.9554462
            ],
            [
              20.6656688,
              38.9554745
            ],
            [
              20.6676937,
              38.9521016
            ],
            [
              20.6701807,
              38.9469067
            ],
            [
              20.6710824,
              38.9456418
            ],
            [
              20.6730454,
              38.9420223
            ],
            [
              20.6751967,
              38.936865
            ],
            [
              20.6768284,
              38.9341483
            ],
            [
              20.6804916,
              38.9290285
            ],
            [
              20.6822061,
              38.9269869
            ],
            [
              20.6928567,
              38.9177157
            ],
            [
              20.6940414,
              38.917163
            ],
            [
              20.6964458,
              38.9089693
            ],
            [
              20.6980898,
              38.905249
            ],
            [
              20.7002061,
              38.9021244
            ],
            [
              20.700493,
              38.9010204
            ],
            [
              20.7019767,
              38.8960761
            ],
            [
              20.6992426,
              38.8930228
            ],
            [
              20.693123,
              38.8941278
            ],
            [
              20.6839008,
              38.893002
            ],
            [
              20.6803688,
              38.8931327
            ],
            [
              20.6654,
              38.890242
            ],
            [
              20.6521239,
              38.8841326
            ],
            [
              20.6417508,
              38.8753976
            ],
            [
              20.6400234,
              38.8752355
            ],
            [
              20.6379504,
              38.8747588
            ],
            [
              20.6334366,
              38.87304
            ],
            [
              20.6334118,
              38.873094
            ],
            [
              20.6297323,
              38.8720686
            ],
            [
              20.6160924,
              38.8664122
            ],
            [
              20.6144444,
              38.8654667
            ],
            [
              20.6049157,
              38.8584332
            ],
            [
              20.6029052,
              38.8565304
            ],
            [
              20.5967002,
              38.847009
            ],
            [
              20.5959861,
              38.8465684
            ],
            [
              20.5959062,
              38.8466008
            ],
            [
              20.595813,
              38.8464616
            ],
            [
              20.595459,
              38.8462431
            ],
            [
              20.5874143,
              38.838012
            ],
            [
              20.5857703,
              38.8358041
            ],
            [
              20.5808831,
              38.8257837
            ],
            [
              20.5735074,
              38.8221349
            ],
            [
              20.5636497,
              38.8134632
            ],
            [
              20.5596088,
              38.8068552
            ],
            [
              20.5577718,
              38.8054403
            ],
            [
              20.5551856,
              38.8023747
            ],
            [
              20.5477859,
              38.7888759
            ],
            [
              20.5469641,
              38.7860892
            ],
            [
              20.5433502,
              38.7769245
            ],
            [
              20.5375042,
              38.767605
            ],
            [
              20.5364431,
              38.762906
            ],
            [
              20.5355122,
              38.7603549
            ],
            [
              20.5349905,
              38.7570696
            ],
            [
              20.5340843,
              38.7548549
            ],
            [
              20.5329436,
              38.7455416
            ],
            [
              20.5322089,
              38.7456115
            ],
            [
              20.5316237,
              38.7418722
            ],
            [
              20.5312775,
              38.7405127
            ],
            [
              20.5307498,
              38.7396463
            ],
            [
              20.5258177,
              38.7246882
            ],
            [
              20.5258839,
              38.7249688
            ],
            [
              20.5250399,
              38.7230605
            ],
            [
              20.5206215,
              38.7159389
            ],
            [
              20.5196737,
              38.7138514
            ],
            [
              20.5151612,
              38.7096411
            ],
            [
              20.5141167,
              38.7080165
            ],
            [
              20.5122531,
              38.7033965
            ],
            [
              20.5064225,
              38.6951809
            ],
            [
              20.5032267,
              38.6825776
            ],
            [
              20.5029799,
              38.6777808
            ],
            [
              20.5036314,
              38.6694267
            ],
            [
              20.5046325,
              38.6646325
            ],
            [
              20.5045909,
              38.6626492
            ],
            [
              20.5058693,
              38.6533992
            ],
            [
              20.5055567,
              38.6518984
            ],
            [
              20.5051418,
              38.6409922
            ],
            [
              20.5055885,
              38.6375796
            ],
            [
              20.5055706,
              38.6359461
            ],
            [
              20.5054231,
              38.6343493
            ],
            [
              20.5043714,
              38.6291721
            ],
            [
              20.5039507,
              38.6255444
            ],
            [
              20.5039089,
              38.6253917
            ],
            [
              20.5031809,
              38.6246165
            ],
            [
              20.502442,
              38.6235796
            ],
            [
              20.4964662,
              38.6102907
            ],
            [
              20.4964769,
              38.6067425
            ],
            [
              20.4925809,
              38.6011093
            ],
            [
              20.4895208,
              38.5886764
            ],
            [
              20.4913864,
              38.5760975
            ],
            [
              20.4919955,
              38.5743643
            ],
            [
              20.488881,
              38.565151
            ],
            [
              20.488772,
              38.5631905
            ],
            [
              20.490989,
              38.5493622
            ],
            [
              20.498918,
              38.5368786
            ],
            [
              20.5116704,
              38.5271397
            ],
            [
              20.5278171,
              38.5212382
            ],
            [
              20.5344398,
              38.5207147
            ],
            [
              20.5361509,
              38.5191272
            ],
            [
              20.5365371,
              38.517717
            ],
            [
              20.5357217,
              38.5161388
            ],
            [
              20.5335543,
              38.5147686
            ],
            [
              20.5219923,
              38.5126612
            ],
            [
              20.5200543,
              38.512044
            ],
            [
              20.5077207,
              38.5065127
            ],
            [
              20.4976974,
              38.4986238
            ],
            [
              20.4949003,
              38.4947532
            ],
            [
              20.4910592,
              38.4908945
            ],
            [
              20.4856379,
              38.4808293
            ],
            [
              20.4837443,
              38.4700055
            ],
            [
              20.4837368,
              38.4687505
            ],
            [
              20.4852396,
              38.4587193
            ],
            [
              20.4870794,
              38.4548877
            ],
            [
              20.486627,
              38.4539617
            ],
            [
              20.4832028,
              38.4414887
            ],
            [
              20.4829717,
              38.4383813
            ],
            [
              20.4827472,
              38.4357537
            ],
            [
              20.482629,
              38.4331921
            ],
            [
              20.482619,
              38.4317349
            ],
            [
              20.4855385,
              38.4178873
            ],
            [
              20.4861509,
              38.4164987
            ],
            [
              20.4865049,
              38.4160534
            ],
            [
              20.4865607,
              38.415079
            ],
            [
              20.479636,
              38.4083313
            ],
            [
              20.4736777,
              38.3951866
            ],
            [
              20.4734067,
              38.3939737
            ],
            [
              20.4733192,
              38.3905661
            ],
            [
              20.4730918,
              38.3907479
            ],
            [
              20.4573796,
              38.3969083
            ],
            [
              20.4545281,
              38.397595
            ],
            [
              20.4337197,
              38.3992375
            ],
            [
              20.4312247,
              38.3990466
            ],
            [
              20.4200551,
              38.3964844
            ],
            [
              20.4198776,
              38.396956
            ],
            [
              20.4187476,
              38.3966948
            ],
            [
              20.4084703,
              38.3991632
            ],
            [
              20.3918653,
              38.398957
            ],
            [
              20.3761493,
              38.3947509
            ],
            [
              20.3628515,
              38.3869536
            ],
            [
              20.353266,
              38.3763229
            ],
            [
              20.3514249,
              38.3734
            ],
            [
              20.3490978,
              38.3691196
            ],
            [
              20.3477905,
              38.3662864
            ],
            [
              20.3452778,
              38.3586519
            ],
            [
              20.3446767,
              38.355693
            ],
            [
              20.3454381,
              38.3395312
            ],
            [
              20.3456886,
              38.3386989
            ],
            [
              20.3453651,
              38.3368344
            ],
            [
              20.3454431,
              38.3352016
            ],
            [
              20.346044,
              38.3332032
            ],
            [
              20.3434097,
              38.325836
            ],
            [
              20.3416342,
              38.3218584
            ],
            [
              20.3412037,
              38.3204073
            ],
            [
              20.3408224,
              38.3183436
            ],
            [
              20.3368127,
              38.312832
            ],
            [
              20.3360652,
              38.3111348
            ],
            [
              20.3337129,
              38.2967765
            ],
            [
              20.3312841,
              38.2959009
            ],
            [
              20.3299052,
              38.2951635
            ],
            [
              20.3220332,
              38.2900175
            ],
            [
              20.3208675,
              38.2890926
            ],
            [
              20.3130879,
              38.2812339
            ],
            [
              20.3099205,
              38.2756936
            ],
            [
              20.308542,
              38.2735231
            ],
            [
              20.306952,
              38.2707753
            ],
            [
              20.3047755,
              38.2666217
            ],
            [
              20.3011671,
              38.2558023
            ],
            [
              20.3013414,
              38.2446171
            ],
            [
              20.3016659,
              38.2428889
            ],
            [
              20.303435,
              38.2367322
            ],
            [
              20.304556,
              38.2338602
            ],
            [
              20.3045539,
              38.2337231
            ],
            [
              20.3046873,
              38.2328946
            ],
            [
              20.3025242,
              38.2318862
            ],
            [
              20.3021082,
              38.2316003
            ],
            [
              20.2921546,
              38.222462
            ],
            [
              20.2859232,
              38.2114748
            ],
            [
              20.2839292,
              38.1995467
            ],
            [
              20.2850544,
              38.1939955
            ],
            [
              20.2845043,
              38.1858291
            ],
            [
              20.2848438,
              38.1824984
            ],
            [
              20.2876493,
              38.1720455
            ],
            [
              20.2877685,
              38.1718581
            ],
            [
              20.288542,
              38.167499
            ],
            [
              20.2936198,
              38.1577886
            ],
            [
              20.294409,
              38.1566941
            ],
            [
              20.2959191,
              38.1547277
            ],
            [
              20.2976809,
              38.1525697
            ],
            [
              20.3136694,
              38.1399812
            ],
            [
              20.3166104,
              38.1384925
            ],
            [
              20.3302156,
              38.1338715
            ],
            [
              20.3328917,
              38.1325635
            ],
            [
              20.3365478,
              38.1272503
            ],
            [
              20.3373298,
              38.1263075
            ],
            [
              20.3515267,
              38.1148055
            ],
            [
              20.3701767,
              38.1083417
            ],
            [
              20.3748762,
              38.1075057
            ],
            [
              20.3795278,
              38.1072429
            ],
            [
              20.3885557,
              38.0998343
            ],
            [
              20.4018398,
              38.0938742
            ],
            [
              20.4167286,
              38.0911314
            ],
            [
              20.4180216,
              38.0910438
            ],
            [
              20.4280889,
              38.0911142
            ],
            [
              20.4300459,
              38.0912742
            ],
            [
              20.4333543,
              38.0916277
            ],
            [
              20.4343958,
              38.0917653
            ],
            [
              20.4463414,
              38.0950741
            ],
            [
              20.4503121,
              38.0908311
            ],
            [
              20.4515426,
              38.0899112
            ],
            [
              20.4541483,
              38.0880872
            ],
            [
              20.4560938,
              38.0868127
            ],
            [
              20.4640743,
              38.0836559
            ],
            [
              20.4654826,
              38.0825094
            ],
            [
              20.4668222,
              38.0801901
            ],
            [
              20.4678392,
              38.0788967
            ],
            [
              20.478699,
              38.0689734
            ],
            [
              20.4929197,
              38.062173
            ],
            [
              20.5091122,
              38.0591606
            ],
            [
              20.5178062,
              38.0597217
            ],
            [
              20.518295,
              38.0596503
            ],
            [
              20.5197621,
              38.059848
            ],
            [
              20.520333,
              38.0598848
            ],
            [
              20.5209746,
              38.0595138
            ],
            [
              20.5362406,
              38.0533811
            ],
            [
              20.5404596,
              38.0523165
            ],
            [
              20.5418123,
              38.0521374
            ],
            [
              20.5572621,
              38.0483032
            ],
            [
              20.5592231,
              38.0480815
            ],
            [
              20.5745973,
              38.0481101
            ],
            [
              20.5893201,
              38.0515971
            ],
            [
              20.6021636,
              38.0582512
            ],
            [
              20.6120568,
              38.0675169
            ],
            [
              20.613572,
              38.0702671
            ],
            [
              20.6182792,
              38.0675415
            ],
            [
              20.6191969,
              38.0671696
            ],
            [
              20.6192649,
              38.0671193
            ],
            [
              20.6258092,
              38.0636511
            ],
            [
              20.6257848,
              38.0636265
            ],
            [
              20.6283578,
              38.0620371
            ],
            [
              20.6317723,
              38.0604908
            ],
            [
              20.6335249,
              38.0595619
            ],
            [
              20.6350029,
              38.0590278
            ],
            [
              20.6415417,
              38.0560665
            ],
            [
              20.6441912,
              38.0552366
            ],
            [
              20.6447551,
              38.0551452
            ],
            [
              20.6501458,
              38.0512363
            ],
            [
              20.6516408,
              38.050733
            ],
            [
              20.6557694,
              38.0453973
            ],
            [
              20.667252,
              38.0372645
            ],
            [
              20.673278,
              38.034108
            ],
            [
              20.6849759,
              38.0294999
            ],
            [
              20.6914679,
              38.0283701
            ],
            [
              20.6915181,
              38.0283549
            ],
            [
              20.7015231,
              38.0261977
            ],
            [
              20.7015992,
              38.0261785
            ],
            [
              20.7016003,
              38.026181
            ],
            [
              20.701894,
              38.0261177
            ],
            [
              20.7028613,
              38.0259901
            ],
            [
              20.7097778,
              38.024227
            ],
            [
              20.7124838,
              38.0238225
            ],
            [
              20.7188922,
              38.0233848
            ],
            [
              20.7235627,
              38.0223126
            ],
            [
              20.7288052,
              38.0206031
            ],
            [
              20.742757,
              38.0191946
            ],
            [
              20.7566901,
              38.0207137
            ],
            [
              20.7585545,
              38.0211202
            ],
            [
              20.7596223,
              38.0204568
            ],
            [
              20.7757273,
              38.0158981
            ],
            [
              20.7928362,
              38.0156002
            ],
            [
              20.8091811,
              38.0195941
            ],
            [
              20.8104456,
              38.0200904
            ],
            [
              20.8251417,
              38.0286094
            ],
            [
              20.8284107,
              38.0312959
            ],
            [
              20.8346474,
              38.0375003
            ],
            [
              20.8366104,
              38.039885
            ],
            [
              20.836452,
              38.0399659
            ],
            [
              20.843389,
              38.0472604
            ],
            [
              20.84559,
              38.0510148
            ],
            [
              20.846788,
              38.0532221
            ],
            [
              20.8495995,
              38.0588423
            ],
            [
              20.8532793,
              38.0729333
            ],
            [
              20.8533772,
              38.0754755
            ],
            [
              20.8582782,
              38.0835544
            ],
            [
              20.8582969,
              38.0836283
            ],
            [
              20.8590704,
              38.0844876
            ],
            [
              20.8606802,
              38.0871643
            ],
            [
              20.8613981,
              38.0882862
            ],
            [
              20.8627794,
              38.0906207
            ],
            [
              20.8632429,
              38.0914714
            ],
            [
              20.8661375,
              38.0983904
            ],
            [
              20.867011,
              38.1013128
            ],
            [
              20.8683999,
              38.1096117
            ],
            [
              20.8685029,
              38.1122362
            ],
            [
              20.8639057,
              38.1305991
            ],
            [
              20.8613347,
              38.1351301
            ],
            [
              20.8481424,
              38.1493215
            ],
            [
              20.8470379,
              38.1500956
            ],
            [
              20.8442405,
              38.1514332
            ],
            [
              20.844,
              38.1516424
            ],
            [
              20.8411717,
              38.1558347
            ],
            [
              20.8406422,
              38.1563495
            ],
            [
              20.8384707,
              38.1579467
            ],
            [
              20.8379648,
              38.1603914
            ],
            [
              20.8372423,
              38.1621916
            ],
            [
              20.8293374,
              38.1744184
            ],
            [
              20.8168296,
              38.1839782
            ],
            [
              20.8146435,
              38.1847918
            ],
            [
              20.8117735,
              38.1909356
            ],
            [
              20.8028989,
              38.1995924
            ],
            [
              20.8024016,
              38.2005072
            ],
            [
              20.8013541,
              38.2020553
            ],
            [
              20.7960885,
              38.2074102
            ],
            [
              20.7962363,
              38.2074892
            ],
            [
              20.7944223,
              38.209583
            ],
            [
              20.7922785,
              38.2118847
            ],
            [
              20.7889458,
              38.2152179
            ],
            [
              20.7863828,
              38.2179718
            ],
            [
              20.783052,
              38.2212008
            ],
            [
              20.7821385,
              38.2220015
            ],
            [
              20.7799964,
              38.2233911
            ],
            [
              20.7768879,
              38.2278256
            ],
            [
              20.7752074,
              38.228908
            ],
            [
              20.7718993,
              38.2332564
            ],
            [
              20.7693333,
              38.2355366
            ],
            [
              20.7680559,
              38.2366318
            ],
            [
              20.7678173,
              38.2368292
            ],
            [
              20.7669563,
              38.2383957
            ],
            [
              20.7652356,
              38.2407806
            ],
            [
              20.7654583,
              38.2441085
            ],
            [
              20.7604701,
              38.257541
            ],
            [
              20.7525758,
              38.2662233
            ],
            [
              20.7564359,
              38.2687921
            ],
            [
              20.7644581,
              38.2718653
            ],
            [
              20.7706565,
              38.2724391
            ],
            [
              20.786807,
              38.2786746
            ],
            [
              20.7905737,
              38.2816994
            ],
            [
              20.7953913,
              38.2830868
            ],
            [
              20.7965758,
              38.2836786
            ],
            [
              20.8077424,
              38.2911354
            ],
            [
              20.8158941,
              38.3006992
            ],
            [
              20.8162241,
              38.3012333
            ],
            [
              20.8212302,
              38.3148319
            ],
            [
              20.820162,
              38.3289589
            ],
            [
              20.8199235,
              38.3297598
            ],
            [
              20.8123385,
              38.3434704
            ],
            [
              20.806088,
              38.3485334
            ],
            [
              20.8099953,
              38.358685
            ],
            [
              20.8096075,
              38.3718285
            ],
            [
              20.8040249,
              38.3842234
            ],
            [
              20.8035414,
              38.3849212
            ],
            [
              20.7997256,
              38.3883481
            ],
            [
              20.7959191,
              38.3927524
            ],
            [
              20.7935946,
              38.3977656
            ],
            [
              20.7850207,
              38.4070828
            ],
            [
              20.7825452,
              38.4091119
            ],
            [
              20.779075,
              38.4109676
            ],
            [
              20.7767218,
              38.4137515
            ],
            [
              20.7641628,
              38.4217248
            ],
            [
              20.7585936,
              38.4234483
            ],
            [
              20.761046,
              38.4301875
            ],
            [
              20.7605891,
              38.4428885
            ],
            [
              20.7609379,
              38.4436069
            ],
            [
              20.7617681,
              38.4442364
            ],
            [
              20.7625079,
              38.4445561
            ],
            [
              20.763283,
              38.4447259
            ],
            [
              20.7644391,
              38.4448586
            ],
            [
              20.7655206,
              38.444717
            ],
            [
              20.7664256,
              38.444445
            ],
            [
              20.7773708,
              38.4394536
            ],
            [
              20.7863146,
              38.4356566
            ],
            [
              20.7869166,
              38.435489
            ],
            [
              20.8038734,
              38.4330867
            ],
            [
              20.8209215,
              38.4350528
            ],
            [
              20.8241055,
              38.4358482
            ],
            [
              20.8243541,
              38.4359419
            ],
            [
              20.8254589,
              38.4360505
            ],
            [
              20.8442788,
              38.4407986
            ],
            [
              20.8469453,
              38.4419351
            ],
            [
              20.8617766,
              38.4512944
            ],
            [
              20.8714524,
              38.4641413
            ],
            [
              20.8725754,
              38.4665278
            ],
            [
              20.8741762,
              38.4758891
            ],
            [
              20.8748097,
              38.4775133
            ],
            [
              20.8755038,
              38.4836513
            ],
            [
              20.8756577,
              38.4845513
            ],
            [
              20.8756319,
              38.4847839
            ],
            [
              20.8763431,
              38.4910728
            ],
            [
              20.8771775,
              38.4945061
            ],
            [
              20.877216,
              38.4960446
            ],
            [
              20.8761427,
              38.5039574
            ],
            [
              20.8864807,
              38.5010156
            ],
            [
              20.8933135,
              38.5009961
            ],
            [
              20.9033865,
              38.4991392
            ],
            [
              20.9198329,
              38.5001689
            ],
            [
              20.9350867,
              38.5050896
            ],
            [
              20.9476828,
              38.5134281
            ],
            [
              20.9564114,
              38.5243825
            ],
            [
              20.9568269,
              38.5256753
            ],
            [
              20.9569306,
              38.5247837
            ],
            [
              20.9625596,
              38.5139077
            ],
            [
              20.9579498,
              38.5107227
            ],
            [
              20.9499161,
              38.5007924
            ],
            [
              20.9495956,
              38.500235
            ],
            [
              20.9450815,
              38.4865138
            ],
            [
              20.9467028,
              38.4723992
            ],
            [
              20.9476567,
              38.4707768
            ],
            [
              20.9472617,
              38.4672785
            ],
            [
              20.9506834,
              38.4549906
            ],
            [
              20.9586296,
              38.4440593
            ],
            [
              20.9677316,
              38.4374122
            ],
            [
              20.9671617,
              38.4363191
            ],
            [
              20.9656018,
              38.4245781
            ],
            [
              20.9656533,
              38.4235251
            ],
            [
              20.9682474,
              38.4147785
            ],
            [
              20.9661873,
              38.4141962
            ],
            [
              20.952323,
              38.4053438
            ],
            [
              20.9429822,
              38.3933914
            ],
            [
              20.9423337,
              38.3921217
            ],
            [
              20.9396032,
              38.3849858
            ],
            [
              20.9384452,
              38.3805533
            ],
            [
              20.9382244,
              38.3760733
            ],
            [
              20.9376393,
              38.373634
            ],
            [
              20.9368281,
              38.3632892
            ],
            [
              20.9392927,
              38.3531053
            ],
            [
              20.9395422,
              38.3524987
            ],
            [
              20.9463651,
              38.3416322
            ],
            [
              20.9568779,
              38.3327577
            ],
            [
              20.9600404,
              38.3307658
            ],
            [
              20.9744974,
              38.3242802
            ],
            [
              20.9782949,
              38.3231506
            ],
            [
              20.9966865,
              38.3204393
            ],
            [
              21.0061595,
              38.3216967
            ],
            [
              21.0100238,
              38.3189373
            ],
            [
              21.0120531,
              38.3177294
            ],
            [
              21.0136948,
              38.3166826
            ],
            [
              21.0139093,
              38.3168896
            ],
            [
              21.0233038,
              38.3110447
            ],
            [
              21.040194,
              38.3064589
            ],
            [
              21.0411986,
              38.3064622
            ],
            [
              21.03944,
              38.2984899
            ],
            [
              21.0419984,
              38.2882444
            ],
            [
              21.0419207,
              38.2882332
            ],
            [
              21.041961,
              38.2880598
            ],
            [
              21.0420258,
              38.2858097
            ],
            [
              21.0424861,
              38.2811901
            ],
            [
              21.0428746,
              38.2789194
            ],
            [
              21.0481905,
              38.2655286
            ],
            [
              21.0588498,
              38.2542706
            ],
            [
              21.0612438,
              38.2524734
            ],
            [
              21.0794184,
              38.2435238
            ],
            [
              21.0800704,
              38.2433327
            ],
            [
              21.096357,
              38.2407336
            ],
            [
              21.1032047,
              38.241344
            ],
            [
              21.1032048,
              38.241234
            ],
            [
              21.1046945,
              38.2412352
            ],
            [
              21.104699,
              38.241193
            ],
            [
              21.1075112,
              38.2413746
            ],
            [
              21.1074986,
              38.2414947
            ],
            [
              21.1188292,
              38.2426788
            ],
            [
              21.1316901,
              38.2468867
            ],
            [
              21.1427206,
              38.2535706
            ],
            [
              21.1437596,
              38.2543914
            ],
            [
              21.1475821,
              38.2587506
            ],
            [
              21.1484686,
              38.2585849
            ],
            [
              21.1578747,
              38.257511
            ],
            [
              21.1695292,
              38.2570072
            ],
            [
              21.1744383,
              38.2570995
            ],
            [
              21.18117,
              38.2570225
            ],
            [
              21.1831611,
              38.2571314
            ],
            [
              21.1860506,
              38.2572797
            ],
            [
              21.195551,
              38.2584508
            ],
            [
              21.199063,
              38.2591437
            ],
            [
              21.2075313,
              38.2618682
            ],
            [
              21.2106537,
              38.260734
            ],
            [
              21.2311079,
              38.2568975
            ],
            [
              21.2330009,
              38.2568445
            ],
            [
              21.2439674,
              38.2574289
            ],
            [
              21.2466579,
              38.2577941
            ],
            [
              21.2554835,
              38.2596152
            ],
            [
              21.2591415,
              38.2606403
            ],
            [
              21.2606011,
              38.2610683
            ],
            [
              21.2628036,
              38.2617432
            ],
            [
              21.2675369,
              38.2637508
            ],
            [
              21.2684922,
              38.2640337
            ],
            [
              21.2724881,
              38.2651668
            ],
            [
              21.2753099,
              38.2660391
            ],
            [
              21.2760223,
              38.2662779
            ],
            [
              21.2794979,
              38.2668514
            ],
            [
              21.2801185,
              38.2664967
            ],
            [
              21.2945823,
              38.2624784
            ],
            [
              21.2966963,
              38.2621498
            ],
            [
              21.310806,
              38.2614584
            ],
            [
              21.32465,
              38.2637073
            ],
            [
              21.3323005,
              38.2667612
            ],
            [
              21.3366296,
              38.2659694
            ],
            [
              21.3411814,
              38.2645875
            ],
            [
              21.3428024,
              38.2639459
            ],
            [
              21.3778257,
              38.2733374
            ],
            [
              21.4486051,
              38.2558667
            ],
            [
              21.5204638,
              38.2459532
            ],
            [
              21.5675604,
              38.2543417
            ],
            [
              21.6923418,
              38.2967938
            ],
            [
              21.7481228,
              38.3101442
            ],
            [
              21.8675988,
              38.3561962
            ],
            [
              21.9012448,
              38.3494651
            ],
            [
              21.9438165,
              38.3545809
            ],
            [
              22.2150414,
              38.2799661
            ],
            [
              22.2026822,
              38.3618494
            ],
            [
              22.1594211,
              38.5051936
            ],
            [
              22.0605441,
              38.7326633
            ],
            [
              22.0165988,
              38.8247329
            ],
            [
              21.9918796,
              38.8824833
            ],
            [
              21.989133,
              38.9401868
            ],
            [
              22.0138522,
              38.999978
            ],
            [
              22.0550536,
              39.0257186
            ],
            [
              21.7089789,
              39.6099245
            ],
            [
              21.7240635,
              39.6931597
            ],
            [
              21.6416917,
              39.7346512
            ],
            [
              21.4617906,
              39.8918273
            ],
            [
              21.2969916,
              40.2921009
            ],
            [
              20.9674017,
              41.3932984
            ],
            [
              20.5746446,
              42.1644224
            ],
            [
              20.5059801,
              42.1298039
            ],
            [
              20.4318224,
              42.0961854
            ],
            [
              20.3659044,
              42.1012803
            ],
            [
              20.312346,
              42.117581
            ],
            [
              20.29312,
              42.1359144
            ],
            [
              20.2738939,
              42.1705295
            ],
            [
              20.203856,
              42.1969872
            ],
            [
              20.0541673,
              42.258001
            ],
            [
              19.9841295,
              42.2640992
            ],
            [
              19.934691,
              42.2640992
            ],
            [
              19.8797594,
              42.2315689
            ],
            [
              19.8715196,
              42.1786715
            ],
            [
              19.8756395,
              42.1359144
            ],
            [
              19.8358141,
              42.104337
            ],
            [
              19.7946153,
              42.0798792
            ],
            [
              19.7451768,
              42.0849753
            ],
            [
              19.6765123,
              42.0849753
            ],
            [
              19.6243272,
              42.0676467
            ],
            [
              19.6270738,
              42.0441946
            ],
            [
              19.6229539,
              42.0135919
            ],
            [
              19.5721422,
              41.9972644
            ],
            [
              19.5501695,
              41.9778701
            ],
            [
              19.557036,
              41.9145423
            ],
            [
              19.5845018,
              41.8828548
            ],
            [
              19.6243272,
              41.8613802
            ],
            [
              19.6353136,
              41.8337593
            ],
            [
              19.5997827,
              41.7997501
            ],
            [
              19.5356772,
              41.7874187
            ],
            [
              19.531381,
              41.7869282
            ],
            [
              19.5248177,
              41.7794226
            ],
            [
              19.5241542,
              41.7780559
            ],
            [
              19.5221796,
              41.7729397
            ],
            [
              19.5210816,
              41.7691562
            ],
            [
              19.5200573,
              41.7640237
            ],
            [
              19.5197098,
              41.7608843
            ],
            [
              19.5196476,
              41.7602626
            ],
            [
              19.5192211,
              41.7554983
            ],
            [
              19.5191028,
              41.7529025
            ],
            [
              19.5190973,
              41.7496725
            ],
            [
              19.5200504,
              41.7421394
            ],
            [
              19.5204489,
              41.7405893
            ],
            [
              19.5214461,
              41.7379087
            ],
            [
              19.5214336,
              41.7379065
            ],
            [
              19.5229546,
              41.7330919
            ],
            [
              19.5232464,
              41.7322131
            ],
            [
              19.5275264,
              41.7199238
            ],
            [
              19.5285071,
              41.7167842
            ],
            [
              19.5285426,
              41.7165992
            ],
            [
              19.5282878,
              41.7165684
            ],
            [
              19.5286878,
              41.7147343
            ],
            [
              19.5291016,
              41.7129222
            ],
            [
              19.5293203,
              41.7107622
            ],
            [
              19.5293651,
              41.7088427
            ],
            [
              19.5293386,
              41.7063163
            ],
            [
              19.5292077,
              41.7045198
            ],
            [
              19.5289659,
              41.7026549
            ],
            [
              19.5283011,
              41.699415
            ],
            [
              19.5277995,
              41.6979405
            ],
            [
              19.5273871,
              41.6966363
            ],
            [
              19.5259535,
              41.6917346
            ],
            [
              19.5253655,
              41.6903233
            ],
            [
              19.5248939,
              41.6891559
            ],
            [
              19.5231128,
              41.6852773
            ],
            [
              19.5220788,
              41.6825358
            ],
            [
              19.5212079,
              41.6801797
            ],
            [
              19.5205206,
              41.6782386
            ],
            [
              19.5195163,
              41.6747592
            ],
            [
              19.5180173,
              41.6681394
            ],
            [
              19.5178266,
              41.6672336
            ],
            [
              19.5171186,
              41.6635989
            ],
            [
              19.5165692,
              41.6584408
            ],
            [
              19.5164857,
              41.6540823
            ],
            [
              19.5165539,
              41.6514219
            ],
            [
              19.5167779,
              41.6482423
            ],
            [
              19.5171101,
              41.6454306
            ],
            [
              19.5173259,
              41.6441319
            ],
            [
              19.5174765,
              41.6375432
            ],
            [
              19.5178292,
              41.6360127
            ],
            [
              19.5172805,
              41.6281682
            ],
            [
              19.51738,
              41.6276257
            ],
            [
              19.5186775,
              41.6227959
            ],
            [
              19.5193485,
              41.6209111
            ],
            [
              19.5255874,
              41.6108171
            ],
            [
              19.5194301,
              41.6092311
            ],
            [
              19.5192828,
              41.6091777
            ],
            [
              19.5162702,
              41.6089676
            ],
            [
              19.5078622,
              41.6113895
            ],
            [
              19.4991634,
              41.6122254
            ],
            [
              19.490936,
              41.6161424
            ],
            [
              19.4896801,
              41.6163471
            ],
            [
              19.4748851,
              41.6219872
            ],
            [
              19.4727736,
              41.6224864
            ],
            [
              19.4675456,
              41.6235074
            ],
            [
              19.4645763,
              41.6239684
            ],
            [
              19.4513851,
              41.6247605
            ],
            [
              19.448176,
              41.6246538
            ],
            [
              19.4292671,
              41.6213774
            ],
            [
              19.4131862,
              41.6132509
            ],
            [
              19.4122544,
              41.6125648
            ],
            [
              19.4032852,
              41.6038193
            ],
            [
              19.3978669,
              41.5935685
            ],
            [
              19.396415,
              41.5825978
            ],
            [
              19.3990406,
              41.571748
            ],
            [
              19.3996094,
              41.5704551
            ],
            [
              19.4010247,
              41.5677729
            ],
            [
              19.4019693,
              41.5658172
            ],
            [
              19.4029681,
              41.5636368
            ],
            [
              19.403403,
              41.5627238
            ],
            [
              19.404358,
              41.5607934
            ],
            [
              19.4065703,
              41.5580234
            ],
            [
              19.4069355,
              41.5572464
            ],
            [
              19.407288,
              41.5566413
            ],
            [
              19.4077505,
              41.5505877
            ],
            [
              19.4131058,
              41.5396364
            ],
            [
              19.4145573,
              41.5376368
            ],
            [
              19.4182383,
              41.533267
            ],
            [
              19.4192898,
              41.5321816
            ],
            [
              19.4314196,
              41.5231608
            ],
            [
              19.4357102,
              41.5215712
            ],
            [
              19.4479068,
              41.5143543
            ],
            [
              19.4484859,
              41.5141428
            ],
            [
              19.4504807,
              41.5133226
            ],
            [
              19.459201,
              41.5104643
            ],
            [
              19.4604835,
              41.5101427
            ],
            [
              19.4604493,
              41.5096953
            ],
            [
              19.4603829,
              41.5077881
            ],
            [
              19.459788,
              41.5048262
            ],
            [
              19.4590692,
              41.5011462
            ],
            [
              19.4588543,
              41.5004925
            ],
            [
              19.4587182,
              41.5001446
            ],
            [
              19.4563107,
              41.4953246
            ],
            [
              19.453672,
              41.4909665
            ],
            [
              19.4512628,
              41.4874971
            ],
            [
              19.4504081,
              41.4863675
            ],
            [
              19.4484507,
              41.4841444
            ],
            [
              19.4440326,
              41.47967
            ],
            [
              19.4419916,
              41.477683
            ],
            [
              19.4408663,
              41.4768945
            ],
            [
              19.4399826,
              41.4763579
            ],
            [
              19.434769,
              41.4727337
            ],
            [
              19.4341747,
              41.4722614
            ],
            [
              19.434066,
              41.4721959
            ],
            [
              19.433181,
              41.4716119
            ],
            [
              19.4189218,
              41.4643514
            ],
            [
              19.4174143,
              41.4632361
            ],
            [
              19.4155763,
              41.4618069
            ],
            [
              19.4120548,
              41.4589286
            ],
            [
              19.4055284,
              41.4520052
            ],
            [
              19.3951376,
              41.4534529
            ],
            [
              19.3938341,
              41.4534979
            ],
            [
              19.378292,
              41.4523144
            ],
            [
              19.3638773,
              41.4478004
            ],
            [
              19.3518314,
              41.4403439
            ],
            [
              19.3431914,
              41.4305862
            ],
            [
              19.3387014,
              41.4193667
            ],
            [
              19.3387479,
              41.4076508
            ],
            [
              19.3391334,
              41.4057406
            ],
            [
              19.3407428,
              41.4003333
            ],
            [
              19.3412853,
              41.398965
            ],
            [
              19.3494715,
              41.3866419
            ],
            [
              19.350279,
              41.3858206
            ],
            [
              19.3517391,
              41.3847571
            ],
            [
              19.3574985,
              41.3780126
            ],
            [
              19.3589126,
              41.3752575
            ],
            [
              19.3640571,
              41.3700186
            ],
            [
              19.3657165,
              41.3642113
            ],
            [
              19.3662391,
              41.3635236
            ],
            [
              19.3668219,
              41.3608068
            ],
            [
              19.3666386,
              41.3594489
            ],
            [
              19.366484,
              41.3580631
            ],
            [
              19.366176,
              41.3545748
            ],
            [
              19.3659106,
              41.3522063
            ],
            [
              19.3658546,
              41.3516618
            ],
            [
              19.3657356,
              41.3503795
            ],
            [
              19.3655691,
              41.348414
            ],
            [
              19.3663269,
              41.3417768
            ],
            [
              19.3661521,
              41.3400106
            ],
            [
              19.3660147,
              41.3363159
            ],
            [
              19.3660702,
              41.3340424
            ],
            [
              19.3661776,
              41.3321334
            ],
            [
              19.3664156,
              41.3294348
            ],
            [
              19.366731,
              41.3269952
            ],
            [
              19.367202,
              41.3242349
            ],
            [
              19.3673676,
              41.3233441
            ],
            [
              19.3677056,
              41.321664
            ],
            [
              19.373069,
              41.3092527
            ],
            [
              19.3748095,
              41.3067275
            ],
            [
              19.3839556,
              41.2972056
            ],
            [
              19.384697,
              41.2966339
            ],
            [
              19.3906355,
              41.2884401
            ],
            [
              19.390931,
              41.2881315
            ],
            [
              19.4079203,
              41.2766807
            ],
            [
              19.4099271,
              41.275827
            ],
            [
              19.4147737,
              41.2745731
            ],
            [
              19.4238837,
              41.268624
            ],
            [
              19.4381008,
              41.263831
            ],
            [
              19.4535552,
              41.2623373
            ],
            [
              19.4564997,
              41.2623793
            ],
            [
              19.4641791,
              41.2633566
            ],
            [
              19.4642941,
              41.2631653
            ],
            [
              19.465624,
              41.2605115
            ],
            [
              19.4658712,
              41.2597765
            ],
            [
              19.4660864,
              41.2589773
            ],
            [
              19.4663604,
              41.2570976
            ],
            [
              19.4664204,
              41.255924
            ],
            [
              19.4664039,
              41.2557248
            ],
            [
              19.4663562,
              41.255472
            ],
            [
              19.4656839,
              41.2536446
            ],
            [
              19.4652568,
              41.2524068
            ],
            [
              19.4641337,
              41.2489242
            ],
            [
              19.4627712,
              41.2454021
            ],
            [
              19.4620278,
              41.2437963
            ],
            [
              19.4595748,
              41.2393263
            ],
            [
              19.4595282,
              41.239263
            ],
            [
              19.459532,
              41.2392611
            ],
            [
              19.4592541,
              41.2388374
            ],
            [
              19.4574427,
              41.2369509
            ],
            [
              19.4572957,
              41.2367654
            ],
            [
              19.4558292,
              41.2354441
            ],
            [
              19.4532321,
              41.2333263
            ],
            [
              19.4509984,
              41.2314681
            ],
            [
              19.4490556,
              41.2297576
            ],
            [
              19.4472482,
              41.2280727
            ],
            [
              19.4459479,
              41.2270456
            ],
            [
              19.4433541,
              41.2248397
            ],
            [
              19.4425686,
              41.22412
            ],
            [
              19.4362715,
              41.2168756
            ],
            [
              19.4355755,
              41.2158469
            ],
            [
              19.431094,
              41.2065104
            ],
            [
              19.430892,
              41.205838
            ],
            [
              19.4301419,
              41.2006588
            ],
            [
              19.4277372,
              41.1973116
            ],
            [
              19.4261265,
              41.1947418
            ],
            [
              19.4232632,
              41.1853651
            ],
            [
              19.4115291,
              41.1819809
            ],
            [
              19.3980335,
              41.1734513
            ],
            [
              19.396296,
              41.1719174
            ],
            [
              19.3869786,
              41.1600259
            ],
            [
              19.3835742,
              41.1464571
            ],
            [
              19.3864868,
              41.1328208
            ],
            [
              19.3866368,
              41.1324938
            ],
            [
              19.3876671,
              41.1304326
            ],
            [
              19.3884926,
              41.1289093
            ],
            [
              19.3921402,
              41.1239917
            ],
            [
              19.3937196,
              41.1203376
            ],
            [
              19.3959166,
              41.1170162
            ],
            [
              19.3967519,
              41.1159651
            ],
            [
              19.4037742,
              41.1025393
            ],
            [
              19.4039564,
              41.1004318
            ],
            [
              19.4042941,
              41.0959239
            ],
            [
              19.4042477,
              41.0952115
            ],
            [
              19.4045352,
              41.0893984
            ],
            [
              19.4045274,
              41.0877417
            ],
            [
              19.4044474,
              41.085575
            ],
            [
              19.4043901,
              41.0844975
            ],
            [
              19.4040441,
              41.0790415
            ],
            [
              19.4035878,
              41.0756184
            ],
            [
              19.4032155,
              41.0735259
            ],
            [
              19.4022429,
              41.0694155
            ],
            [
              19.4020656,
              41.0688382
            ],
            [
              19.4017101,
              41.0678056
            ],
            [
              19.3988122,
              41.0653924
            ],
            [
              19.3919583,
              41.0536756
            ],
            [
              19.3910301,
              41.0509931
            ],
            [
              19.3893109,
              41.0402894
            ],
            [
              19.3893609,
              41.0376225
            ],
            [
              19.3894693,
              41.0355658
            ],
            [
              19.3895825,
              41.0342617
            ],
            [
              19.3905983,
              41.0308689
            ],
            [
              19.3902937,
              41.0284889
            ],
            [
              19.3895717,
              41.0246144
            ],
            [
              19.3894681,
              41.0240271
            ],
            [
              19.3889273,
              41.020778
            ],
            [
              19.3885464,
              41.0172058
            ],
            [
              19.3883719,
              41.013511
            ],
            [
              19.3881794,
              41.0091211
            ],
            [
              19.388179,
              41.0064732
            ],
            [
              19.3883145,
              41.0033611
            ],
            [
              19.3884247,
              41.00178
            ],
            [
              19.3887602,
              40.9982818
            ],
            [
              19.3909927,
              40.9910808
            ],
            [
              19.390751,
              40.9910365
            ],
            [
              19.390898,
              40.9905799
            ],
            [
              19.3913593,
              40.9898983
            ],
            [
              19.392568,
              40.9859992
            ],
            [
              19.3928035,
              40.9855636
            ],
            [
              19.3944224,
              40.9834369
            ],
            [
              19.3952868,
              40.981643
            ],
            [
              19.3976673,
              40.9774574
            ],
            [
              19.3994933,
              40.9746906
            ],
            [
              19.4027296,
              40.9704539
            ],
            [
              19.4041341,
              40.9688494
            ],
            [
              19.4060951,
              40.9668277
            ],
            [
              19.4030928,
              40.9642327
            ],
            [
              19.4028007,
              40.9639508
            ],
            [
              19.4016205,
              40.9632823
            ],
            [
              19.399172,
              40.9615736
            ],
            [
              19.3962819,
              40.9593956
            ],
            [
              19.3933559,
              40.9570145
            ],
            [
              19.3907089,
              40.9550011
            ],
            [
              19.3899986,
              40.9544835
            ],
            [
              19.3897171,
              40.9543243
            ],
            [
              19.3864307,
              40.9523062
            ],
            [
              19.384576,
              40.9510714
            ],
            [
              19.3815753,
              40.9491492
            ],
            [
              19.375551,
              40.9446175
            ],
            [
              19.374911,
              40.9440522
            ],
            [
              19.3665548,
              40.9339608
            ],
            [
              19.3654483,
              40.9320397
            ],
            [
              19.3639837,
              40.9292092
            ],
            [
              19.3630142,
              40.9271042
            ],
            [
              19.3626789,
              40.9263522
            ],
            [
              19.3611609,
              40.9228339
            ],
            [
              19.3606583,
              40.9216024
            ],
            [
              19.3601889,
              40.9203832
            ],
            [
              19.3586507,
              40.9168256
            ],
            [
              19.3576392,
              40.9141833
            ],
            [
              19.3551576,
              40.9067579
            ],
            [
              19.3540717,
              40.903877
            ],
            [
              19.3534627,
              40.9019735
            ],
            [
              19.3530684,
              40.9006428
            ],
            [
              19.3526137,
              40.8989763
            ],
            [
              19.3518814,
              40.8971128
            ],
            [
              19.3498378,
              40.8887759
            ],
            [
              19.3495347,
              40.8858325
            ],
            [
              19.3476366,
              40.8773606
            ],
            [
              19.3473769,
              40.8760772
            ],
            [
              19.3463094,
              40.8701639
            ],
            [
              19.3453545,
              40.8666256
            ],
            [
              19.3451486,
              40.8659875
            ],
            [
              19.3414705,
              40.8649538
            ],
            [
              19.329834,
              40.8585848
            ],
            [
              19.328242,
              40.8574363
            ],
            [
              19.3195269,
              40.8492543
            ],
            [
              19.3189059,
              40.8484835
            ],
            [
              19.3155278,
              40.8435554
            ],
            [
              19.3143858,
              40.8415644
            ],
            [
              19.3116046,
              40.8353873
            ],
            [
              19.3112761,
              40.8344024
            ],
            [
              19.3096694,
              40.8253875
            ],
            [
              19.3096264,
              40.823831
            ],
            [
              19.3122322,
              40.810511
            ],
            [
              19.3204919,
              40.7985825
            ],
            [
              19.3231242,
              40.7967177
            ],
            [
              19.3230057,
              40.7962589
            ],
            [
              19.3223606,
              40.7931038
            ],
            [
              19.3214071,
              40.7867971
            ],
            [
              19.3198221,
              40.7786833
            ],
            [
              19.3195393,
              40.7779072
            ],
            [
              19.3176812,
              40.7690898
            ],
            [
              19.3176568,
              40.7686979
            ],
            [
              19.3175154,
              40.7680649
            ],
            [
              19.3170072,
              40.7651445
            ],
            [
              19.3168167,
              40.7636221
            ],
            [
              19.3166411,
              40.7578749
            ],
            [
              19.3168126,
              40.7551813
            ],
            [
              19.3170445,
              40.752944
            ],
            [
              19.3162161,
              40.7425833
            ],
            [
              19.3161428,
              40.741356
            ],
            [
              19.316033,
              40.7385871
            ],
            [
              19.3156224,
              40.7348819
            ],
            [
              19.3144907,
              40.7296913
            ],
            [
              19.314382,
              40.7292627
            ],
            [
              19.3132731,
              40.7265161
            ],
            [
              19.3130084,
              40.7259594
            ],
            [
              19.3127464,
              40.7254256
            ],
            [
              19.3126598,
              40.7252707
            ],
            [
              19.3099248,
              40.7208995
            ],
            [
              19.3083512,
              40.7187196
            ],
            [
              19.307378,
              40.7170785
            ],
            [
              19.3069959,
              40.7165345
            ],
            [
              19.3034974,
              40.7122212
            ],
            [
              19.3001698,
              40.7086072
            ],
            [
              19.2990635,
              40.7074634
            ],
            [
              19.2887943,
              40.7032033
            ],
            [
              19.2873603,
              40.7023887
            ],
            [
              19.2787131,
              40.6962224
            ],
            [
              19.2767741,
              40.6944921
            ],
            [
              19.2693133,
              40.6857644
            ],
            [
              19.2683913,
              40.6843018
            ],
            [
              19.2656327,
              40.6789892
            ],
            [
              19.2650142,
              40.6774959
            ],
            [
              19.2637619,
              40.6739012
            ],
            [
              19.2624709,
              40.6693572
            ],
            [
              19.2612928,
              40.6618574
            ],
            [
              19.2612748,
              40.6613099
            ],
            [
              19.2617667,
              40.6548306
            ],
            [
              19.2606205,
              40.6496768
            ],
            [
              19.260579,
              40.6492368
            ],
            [
              19.2614598,
              40.6384969
            ],
            [
              19.2615608,
              40.6381103
            ],
            [
              19.2694761,
              40.6235673
            ],
            [
              19.2728297,
              40.621013
            ],
            [
              19.2750709,
              40.6175431
            ],
            [
              19.284984,
              40.6092108
            ],
            [
              19.286453,
              40.6082774
            ],
            [
              19.2907248,
              40.6061826
            ],
            [
              19.2918534,
              40.6051337
            ],
            [
              19.2927659,
              40.6038808
            ],
            [
              19.2944348,
              40.6017468
            ],
            [
              19.2954821,
              40.6004966
            ],
            [
              19.2982193,
              40.5967268
            ],
            [
              19.2998042,
              40.5948309
            ],
            [
              19.3010272,
              40.5930519
            ],
            [
              19.3013371,
              40.5926078
            ],
            [
              19.302323,
              40.5912162
            ],
            [
              19.3027267,
              40.590517
            ],
            [
              19.3050459,
              40.5861378
            ],
            [
              19.3061441,
              40.5839063
            ],
            [
              19.3076738,
              40.5811197
            ],
            [
              19.3133666,
              40.5717497
            ],
            [
              19.3147951,
              40.568786
            ],
            [
              19.3155634,
              40.5672855
            ],
            [
              19.318403,
              40.5620496
            ],
            [
              19.3186303,
              40.5614369
            ],
            [
              19.31886,
              40.560723
            ],
            [
              19.3190623,
              40.5601149
            ],
            [
              19.3196416,
              40.5584286
            ],
            [
              19.32142,
              40.5549003
            ],
            [
              19.3214034,
              40.5548963
            ],
            [
              19.3231879,
              40.550672
            ],
            [
              19.3260271,
              40.5458002
            ],
            [
              19.3257848,
              40.5448856
            ],
            [
              19.3247407,
              40.5373111
            ],
            [
              19.3247022,
              40.5344176
            ],
            [
              19.325627,
              40.5297094
            ],
            [
              19.3193655,
              40.5342463
            ],
            [
              19.3160655,
              40.5353868
            ],
            [
              19.3122285,
              40.5394628
            ],
            [
              19.3091765,
              40.5418657
            ],
            [
              19.3087638,
              40.541563
            ],
            [
              19.293194,
              40.5507447
            ],
            [
              19.292585,
              40.5509635
            ],
            [
              19.2765477,
              40.5545237
            ],
            [
              19.2598479,
              40.5541318
            ],
            [
              19.2441303,
              40.5498264
            ],
            [
              19.2423123,
              40.5490653
            ],
            [
              19.238027,
              40.5470651
            ],
            [
              19.235914,
              40.5459711
            ],
            [
              19.2257773,
              40.539137
            ],
            [
              19.2182396,
              40.5305784
            ],
            [
              19.2179591,
              40.5301506
            ],
            [
              19.2128555,
              40.5162106
            ],
            [
              19.2127209,
              40.5159782
            ],
            [
              19.2121951,
              40.5142269
            ],
            [
              19.2108759,
              40.5061958
            ],
            [
              19.2108117,
              40.5041688
            ],
            [
              19.211073,
              40.4990711
            ],
            [
              19.2112015,
              40.4981165
            ],
            [
              19.2149982,
              40.4867074
            ],
            [
              19.2163664,
              40.4842024
            ],
            [
              19.2170731,
              40.4829669
            ],
            [
              19.2178975,
              40.4815888
            ],
            [
              19.2186367,
              40.4783993
            ],
            [
              19.2196032,
              40.4766914
            ],
            [
              19.2266626,
              40.4688075
            ],
            [
              19.2278832,
              40.4662621
            ],
            [
              19.2282319,
              40.4656632
            ],
            [
              19.2307374,
              40.4589836
            ],
            [
              19.2315559,
              40.4577172
            ],
            [
              19.2422833,
              40.4465009
            ],
            [
              19.2437683,
              40.4454059
            ],
            [
              19.244771,
              40.4448537
            ],
            [
              19.2422278,
              40.442251
            ],
            [
              19.2369538,
              40.431165
            ],
            [
              19.2366018,
              40.4298526
            ],
            [
              19.2364613,
              40.4141803
            ],
            [
              19.2368133,
              40.4127696
            ],
            [
              19.241303,
              40.4025072
            ],
            [
              19.249197,
              40.3935129
            ],
            [
              19.2497945,
              40.3929972
            ],
            [
              19.2613517,
              40.3855102
            ],
            [
              19.2621947,
              40.385106
            ],
            [
              19.2640167,
              40.3842706
            ],
            [
              19.2642257,
              40.3841791
            ],
            [
              19.2654064,
              40.3838439
            ],
            [
              19.2702511,
              40.3785384
            ],
            [
              19.2715326,
              40.3774164
            ],
            [
              19.2761401,
              40.3743721
            ],
            [
              19.2762036,
              40.3743114
            ],
            [
              19.2792815,
              40.3720734
            ],
            [
              19.2815754,
              40.3692056
            ],
            [
              19.2829829,
              40.3679467
            ],
            [
              19.2846993,
              40.3664844
            ],
            [
              19.2869463,
              40.3646609
            ],
            [
              19.2900749,
              40.3626822
            ],
            [
              19.2903417,
              40.3624342
            ],
            [
              19.2919196,
              40.3606369
            ],
            [
              19.294773,
              40.3576255
            ],
            [
              19.296306,
              40.3561527
            ],
            [
              19.2966057,
              40.3558075
            ],
            [
              19.3002103,
              40.3508367
            ],
            [
              19.3010125,
              40.3487082
            ],
            [
              19.3022485,
              40.3464267
            ],
            [
              19.3053476,
              40.3416292
            ],
            [
              19.3066807,
              40.3398686
            ],
            [
              19.3075462,
              40.3385978
            ],
            [
              19.3079377,
              40.3387527
            ],
            [
              19.3115908,
              40.3325061
            ],
            [
              19.3121338,
              40.3318914
            ],
            [
              19.3154366,
              40.3285399
            ],
            [
              19.3178104,
              40.3263737
            ],
            [
              19.3193348,
              40.3203435
            ],
            [
              19.3191285,
              40.3197838
            ],
            [
              19.319036,
              40.3191933
            ],
            [
              19.3188471,
              40.3177768
            ],
            [
              19.3185316,
              40.314913
            ],
            [
              19.3184153,
              40.313604
            ],
            [
              19.3182958,
              40.3118355
            ],
            [
              19.3188687,
              40.3034533
            ],
            [
              19.3191652,
              40.3020122
            ],
            [
              19.3217391,
              40.2944047
            ],
            [
              19.3219601,
              40.2939421
            ],
            [
              19.3264995,
              40.2867376
            ],
            [
              19.327354,
              40.2856662
            ],
            [
              19.3306446,
              40.2825062
            ],
            [
              19.3318075,
              40.2806675
            ],
            [
              19.3375221,
              40.2751389
            ],
            [
              19.337362,
              40.2750606
            ],
            [
              19.3396017,
              40.2723958
            ],
            [
              19.3434594,
              40.2683725
            ],
            [
              19.3441202,
              40.2677653
            ],
            [
              19.3453287,
              40.2664521
            ],
            [
              19.3578139,
              40.2568163
            ],
            [
              19.3588429,
              40.2562516
            ],
            [
              19.3589163,
              40.2562204
            ],
            [
              19.3593031,
              40.2554407
            ],
            [
              19.3676003,
              40.2443684
            ],
            [
              19.3700656,
              40.2420278
            ],
            [
              19.3712435,
              40.2409481
            ],
            [
              19.374174,
              40.2383546
            ],
            [
              19.3754119,
              40.2372969
            ],
            [
              19.3777876,
              40.2353369
            ],
            [
              19.3782552,
              40.234956
            ],
            [
              19.380778,
              40.2329276
            ],
            [
              19.3809327,
              40.2327481
            ],
            [
              19.387165,
              40.2268126
            ],
            [
              19.388777,
              40.225542
            ],
            [
              19.3899994,
              40.2237961
            ],
            [
              19.3915067,
              40.222016
            ],
            [
              19.3938752,
              40.2191804
            ],
            [
              19.3955757,
              40.2172667
            ],
            [
              19.3985647,
              40.2141006
            ],
            [
              19.3999913,
              40.2126581
            ],
            [
              19.4025459,
              40.2101911
            ],
            [
              19.4082123,
              40.205522
            ],
            [
              19.4110543,
              40.2035202
            ],
            [
              19.4166274,
              40.2002276
            ],
            [
              19.4167067,
              40.2001554
            ],
            [
              19.4166735,
              40.2001207
            ],
            [
              19.4168589,
              40.2000172
            ],
            [
              19.4177299,
              40.1992257
            ],
            [
              19.4192239,
              40.1980627
            ],
            [
              19.4257508,
              40.1938637
            ],
            [
              19.429015,
              40.1898731
            ],
            [
              19.4300595,
              40.1890738
            ],
            [
              19.4320907,
              40.1875991
            ],
            [
              19.4338927,
              40.1863581
            ],
            [
              19.4344076,
              40.186008
            ],
            [
              19.4358554,
              40.1850365
            ],
            [
              19.4412487,
              40.1818604
            ],
            [
              19.4441615,
              40.1803616
            ],
            [
              19.45586,
              40.1758302
            ],
            [
              19.4567476,
              40.175677
            ],
            [
              19.4570205,
              40.1755081
            ],
            [
              19.4579976,
              40.1749176
            ],
            [
              19.4619058,
              40.172612
            ],
            [
              19.4647152,
              40.1714139
            ],
            [
              19.4672386,
              40.1691466
            ],
            [
              19.4693746,
              40.1677024
            ],
            [
              19.4751382,
              40.1643124
            ],
            [
              19.4781706,
              40.1627688
            ],
            [
              19.4812474,
              40.1611368
            ],
            [
              19.4923788,
              40.1566201
            ],
            [
              19.497476,
              40.155622
            ],
            [
              19.5007444,
              40.1538054
            ],
            [
              19.5047194,
              40.1517709
            ],
            [
              19.5144321,
              40.1485218
            ],
            [
              19.5156763,
              40.1478341
            ],
            [
              19.5184983,
              40.1464787
            ],
            [
              19.524916,
              40.1438459
            ],
            [
              19.5281165,
              40.1427413
            ],
            [
              19.5374507,
              40.1402872
            ],
            [
              19.5396003,
              40.1398878
            ],
            [
              19.5409743,
              40.139559
            ],
            [
              19.5425654,
              40.1391839
            ],
            [
              19.5442558,
              40.1386674
            ],
            [
              19.5490195,
              40.1371628
            ],
            [
              19.5494813,
              40.1370419
            ],
            [
              19.5537636,
              40.1331289
            ],
            [
              19.5638302,
              40.1274207
            ],
            [
              19.5676895,
              40.1257306
            ],
            [
              19.5760684,
              40.1227663
            ],
            [
              19.5779113,
              40.1222575
            ],
            [
              19.5785674,
              40.1218403
            ],
            [
              19.5811427,
              40.1200486
            ],
            [
              19.5847224,
              40.1176072
            ],
            [
              19.5878043,
              40.1156592
            ],
            [
              19.5901597,
              40.1142808
            ],
            [
              19.5914666,
              40.1134875
            ],
            [
              19.6058906,
              40.1072494
            ],
            [
              19.6078945,
              40.1066753
            ],
            [
              19.6101067,
              40.1044176
            ],
            [
              19.6202213,
              40.0965776
            ],
            [
              19.6236508,
              40.0945568
            ],
            [
              19.6238114,
              40.0947163
            ],
            [
              19.6388364,
              40.0878826
            ],
            [
              19.6396089,
              40.0876655
            ],
            [
              19.6415433,
              40.0871539
            ],
            [
              19.6429123,
              40.0868142
            ],
            [
              19.656708,
              40.0848771
            ],
            [
              19.6615965,
              40.0851872
            ],
            [
              19.6625082,
              40.0849881
            ],
            [
              19.6634496,
              40.0848128
            ],
            [
              19.6689635,
              40.0804632
            ],
            [
              19.6854229,
              40.0743047
            ],
            [
              19.6875272,
              40.0738385
            ],
            [
              19.6900369,
              40.0734682
            ],
            [
              19.6968438,
              40.0710889
            ],
            [
              19.698665,
              40.0694782
            ],
            [
              19.6998752,
              40.0687342
            ],
            [
              19.7029779,
              40.0616819
            ],
            [
              19.7121228,
              40.0518994
            ],
            [
              19.7209519,
              40.0467245
            ],
            [
              19.7211186,
              40.0462012
            ],
            [
              19.7213851,
              40.0456701
            ],
            [
              19.7323869,
              40.032292
            ],
            [
              19.7333474,
              40.0315137
            ],
            [
              19.7433386,
              40.025179
            ],
            [
              19.7452631,
              40.0242355
            ],
            [
              19.7470501,
              40.023397
            ],
            [
              19.7484056,
              40.0227887
            ],
            [
              19.7553842,
              40.0201609
            ],
            [
              19.7556178,
              40.0200887
            ],
            [
              19.7572552,
              40.0187251
            ],
            [
              19.7574337,
              40.0185895
            ],
            [
              19.7591556,
              40.017339
            ],
            [
              19.7595121,
              40.0170914
            ],
            [
              19.7698741,
              40.0114614
            ],
            [
              19.7720106,
              40.0105729
            ],
            [
              19.7836404,
              40.0070198
            ],
            [
              19.7843574,
              40.0068727
            ],
            [
              19.795511,
              40.0055338
            ],
            [
              19.7979775,
              40.0054408
            ],
            [
              19.8050824,
              40.0060914
            ],
            [
              19.8166656,
              40.005986
            ],
            [
              19.8187326,
              40.0062072
            ],
            [
              19.8250972,
              40.0078656
            ],
            [
              19.8278683,
              40.0048316
            ],
            [
              19.8288129,
              40.0039149
            ],
            [
              19.8288796,
              40.0038025
            ],
            [
              19.8300809,
              40.0019104
            ],
            [
              19.8318489,
              39.9992989
            ],
            [
              19.8346807,
              39.9956047
            ],
            [
              19.8365572,
              39.9934272
            ],
            [
              19.8369303,
              39.993058
            ],
            [
              19.8402083,
              39.9885907
            ],
            [
              19.8422741,
              39.986239
            ],
            [
              19.8428798,
              39.9837551
            ],
            [
              19.8432943,
              39.9827064
            ],
            [
              19.8498012,
              39.9720739
            ],
            [
              19.8572936,
              39.9656235
            ],
            [
              19.859527,
              39.9613471
            ],
            [
              19.8608615,
              39.9598631
            ],
            [
              19.8615684,
              39.9591722
            ],
            [
              19.8636207,
              39.9527268
            ],
            [
              19.8639087,
              39.9520781
            ],
            [
              19.8714056,
              39.941062
            ],
            [
              19.8722066,
              39.9402262
            ],
            [
              19.8724749,
              39.9399954
            ],
            [
              19.8684671,
              39.9371934
            ],
            [
              19.8673686,
              39.9361543
            ],
            [
              19.8598334,
              39.9266017
            ],
            [
              19.8594989,
              39.9260064
            ],
            [
              19.8551779,
              39.9110802
            ],
            [
              19.8551279,
              39.9098082
            ],
            [
              19.8580673,
              39.8951012
            ],
            [
              19.8631835,
              39.8865661
            ],
            [
              19.8680225,
              39.8803694
            ],
            [
              19.8758429,
              39.8725443
            ],
            [
              19.8904049,
              39.8639609
            ],
            [
              19.9079001,
              39.8596845
            ],
            [
              19.9096323,
              39.8597355
            ],
            [
              19.9136443,
              39.8578297
            ],
            [
              19.9184631,
              39.8567301
            ],
            [
              19.9284714,
              39.8495111
            ],
            [
              19.932811,
              39.8479937
            ],
            [
              19.9375467,
              39.8449133
            ],
            [
              19.9412937,
              39.8431049
            ],
            [
              19.9461159,
              39.8417663
            ],
            [
              19.9486503,
              39.8397793
            ],
            [
              19.9525293,
              39.8375307
            ],
            [
              19.9559429,
              39.8360991
            ],
            [
              19.9556425,
              39.8317477
            ],
            [
              19.9570108,
              39.8274579
            ],
            [
              19.9583636,
              39.8249858
            ],
            [
              19.9776074,
              39.7908637
            ],
            [
              19.9710839,
              39.7663258
            ],
            [
              19.9618145,
              39.7562967
            ],
            [
              19.9587246,
              39.7449464
            ],
            [
              19.9576944,
              39.7275218
            ],
            [
              19.9320677,
              39.6924421
            ],
            [
              19.9335128,
              39.6832154
            ],
            [
              19.9798621,
              39.648396
            ],
            [
              19.9832574,
              39.6459602
            ],
            [
              19.9835998,
              39.6456416
            ],
            [
              19.9875737,
              39.6419446
            ],
            [
              19.9892239,
              39.640394
            ],
            [
              20.0241278,
              39.6157391
            ],
            [
              20.0462721,
              39.5924614
            ],
            [
              20.0658109,
              39.5547937
            ],
            [
              20.1119364,
              39.5038631
            ],
            [
              20.1493223,
              39.463579
            ],
            [
              20.180186,
              39.3925397
            ]
          ]
        ]
      }
    },
    {
      "type": "Feature",
      "properties": {
        "slug": "kingdom-of-cyprus",
        "name": "Kingdom of Cyprus",
        "start_date": "1192",
        "end_date": "1489",
        "region_type": "kingdom",
        "source_system": "OHM",
        "osm_type": "relation",
        "osm_id": "2800988"
      },
      "geometry": {
        "type": "Polygon",
        "coordinates": [
          [
            [
              33.9407771,
              34.9348587
            ],
            [
              33.9427651,
              34.9353641
            ],
            [
              33.9554733,
              34.9367703
            ],
            [
              33.9641581,
              34.9393547
            ],
            [
              33.9659336,
              34.9394388
            ],
            [
              33.9690537,
              34.9405213
            ],
            [
              33.9801732,
              34.9387169
            ],
            [
              33.9883098,
              34.9394758
            ],
            [
              33.9948852,
              34.9385294
            ],
            [
              33.9989397,
              34.9386336
            ],
            [
              34.0056587,
              34.9352558
            ],
            [
              34.014506,
              34.9321043
            ],
            [
              34.0205495,
              34.9304743
            ],
            [
              34.0260457,
              34.93008
            ],
            [
              34.0295422,
              34.9272957
            ],
            [
              34.0394799,
              34.9212868
            ],
            [
              34.0516024,
              34.9170449
            ],
            [
              34.0628839,
              34.9159346
            ],
            [
              34.0723613,
              34.9135528
            ],
            [
              34.0913682,
              34.9127476
            ],
            [
              34.1052879,
              34.9156588
            ],
            [
              34.1177516,
              34.9215156
            ],
            [
              34.1250416,
              34.9269534
            ],
            [
              34.1355246,
              34.9405269
            ],
            [
              34.1387451,
              34.948491
            ],
            [
              34.1406802,
              34.9580337
            ],
            [
              34.1407927,
              34.9597512
            ],
            [
              34.1376717,
              34.9769816
            ],
            [
              34.1361267,
              34.9804674
            ],
            [
              34.131674,
              34.9876995
            ],
            [
              34.1318206,
              34.9895276
            ],
            [
              34.128765,
              35.0012568
            ],
            [
              34.1239292,
              35.0100132
            ],
            [
              34.1171754,
              35.0177198
            ],
            [
              34.1168635,
              35.0199072
            ],
            [
              34.1153969,
              35.0247582
            ],
            [
              34.1082596,
              35.0369725
            ],
            [
              34.0964919,
              35.0473867
            ],
            [
              34.0954953,
              35.0491808
            ],
            [
              34.0930819,
              35.051923
            ],
            [
              34.0841668,
              35.0599652
            ],
            [
              34.0805164,
              35.0642978
            ],
            [
              34.078725,
              35.0658237
            ],
            [
              34.074415,
              35.0718468
            ],
            [
              34.0703872,
              35.0758472
            ],
            [
              34.0659457,
              35.0795838
            ],
            [
              34.0603589,
              35.0835834
            ],
            [
              34.0498981,
              35.0902889
            ],
            [
              34.047885,
              35.0912749
            ],
            [
              34.0412669,
              35.0983363
            ],
            [
              34.0258839,
              35.1076354
            ],
            [
              34.0207802,
              35.1133348
            ],
            [
              34.014986,
              35.1205533
            ],
            [
              34.0108316,
              35.1248063
            ],
            [
              34.0081358,
              35.1364518
            ],
            [
              34.0044679,
              35.1427828
            ],
            [
              34.0013837,
              35.1464682
            ],
            [
              33.9992821,
              35.1497228
            ],
            [
              33.9975906,
              35.1516672
            ],
            [
              33.9806095,
              35.1642351
            ],
            [
              33.9769772,
              35.1652853
            ],
            [
              33.9759476,
              35.1669464
            ],
            [
              33.9727769,
              35.1703664
            ],
            [
              33.9687325,
              35.1772476
            ],
            [
              33.9615861,
              35.1856025
            ],
            [
              33.9591733,
              35.1924334
            ],
            [
              33.9553111,
              35.1995933
            ],
            [
              33.9535417,
              35.204314
            ],
            [
              33.9564932,
              35.2112207
            ],
            [
              33.957386,
              35.2232798
            ],
            [
              33.9562516,
              35.2360221
            ],
            [
              33.9617701,
              35.2426991
            ],
            [
              33.9651938,
              35.2485688
            ],
            [
              33.9716946,
              35.254169
            ],
            [
              33.9782422,
              35.2638927
            ],
            [
              33.9830302,
              35.2755102
            ],
            [
              33.983971,
              35.2768584
            ],
            [
              33.9881031,
              35.2804374
            ],
            [
              33.9910842,
              35.2804313
            ],
            [
              34.0032744,
              35.2776455
            ],
            [
              34.0072895,
              35.2772999
            ],
            [
              34.0241566,
              35.278379
            ],
            [
              34.0307901,
              35.2796862
            ],
            [
              34.0419634,
              35.2812235
            ],
            [
              34.054954,
              35.2814238
            ],
            [
              34.0633,
              35.2835389
            ],
            [
              34.0656346,
              35.2834479
            ],
            [
              34.0797987,
              35.2857551
            ],
            [
              34.0926819,
              35.2910849
            ],
            [
              34.0960299,
              35.2929752
            ],
            [
              34.1063871,
              35.300435
            ],
            [
              34.1128943,
              35.3064688
            ],
            [
              34.1189992,
              35.3143858
            ],
            [
              34.1234791,
              35.3223515
            ],
            [
              34.1277688,
              35.3398079
            ],
            [
              34.1277462,
              35.341957
            ],
            [
              34.1288194,
              35.3448801
            ],
            [
              34.1334944,
              35.3490337
            ],
            [
              34.1370359,
              35.3539197
            ],
            [
              34.1412835,
              35.3577198
            ],
            [
              34.1462081,
              35.3607972
            ],
            [
              34.1572086,
              35.3701998
            ],
            [
              34.1597271,
              35.3730337
            ],
            [
              34.1729769,
              35.3857191
            ],
            [
              34.1785161,
              35.3878704
            ],
            [
              34.1863875,
              35.3927421
            ],
            [
              34.1911172,
              35.3950769
            ],
            [
              34.1962217,
              35.3980446
            ],
            [
              34.2031785,
              35.4025414
            ],
            [
              34.2110186,
              35.4065867
            ],
            [
              34.2153546,
              35.4076004
            ],
            [
              34.2252345,
              35.4107689
            ],
            [
              34.2306747,
              35.4126754
            ],
            [
              34.2335298,
              35.4141581
            ],
            [
              34.2371576,
              35.4151703
            ],
            [
              34.2438059,
              35.4175773
            ],
            [
              34.2539924,
              35.4222806
            ],
            [
              34.2601309,
              35.4256251
            ],
            [
              34.2639411,
              35.4281873
            ],
            [
              34.2734353,
              35.4318916
            ],
            [
              34.2768426,
              35.4329595
            ],
            [
              34.2839857,
              35.4344983
            ],
            [
              34.291483,
              35.437169
            ],
            [
              34.3018383,
              35.4389451
            ],
            [
              34.3107192,
              35.4422096
            ],
            [
              34.3136217,
              35.4435467
            ],
            [
              34.325203,
              35.452062
            ],
            [
              34.33434,
              35.456117
            ],
            [
              34.3468516,
              35.4649476
            ],
            [
              34.3503056,
              35.4678207
            ],
            [
              34.3563213,
              35.4745852
            ],
            [
              34.3590137,
              35.4765803
            ],
            [
              34.3641168,
              35.481648
            ],
            [
              34.3702185,
              35.4855662
            ],
            [
              34.3762007,
              35.4902058
            ],
            [
              34.3798489,
              35.4915511
            ],
            [
              34.3905503,
              35.4985077
            ],
            [
              34.3972162,
              35.499396
            ],
            [
              34.3992027,
              35.5000023
            ],
            [
              34.4113625,
              35.5052617
            ],
            [
              34.4140945,
              35.5068429
            ],
            [
              34.4249459,
              35.5154366
            ],
            [
              34.4343497,
              35.5187092
            ],
            [
              34.4362247,
              35.5196081
            ],
            [
              34.4505375,
              35.5296327
            ],
            [
              34.4574913,
              35.5381757
            ],
            [
              34.4628998,
              35.5506373
            ],
            [
              34.463119,
              35.5537452
            ],
            [
              34.4682037,
              35.5580843
            ],
            [
              34.4751166,
              35.5688858
            ],
            [
              34.4821599,
              35.5728167
            ],
            [
              34.4916124,
              35.5773135
            ],
            [
              34.4945797,
              35.5780648
            ],
            [
              34.496852,
              35.5782074
            ],
            [
              34.5036038,
              35.5795406
            ],
            [
              34.5081671,
              35.580746
            ],
            [
              34.5078975,
              35.5814025
            ],
            [
              34.519607,
              35.5840233
            ],
            [
              34.5265587,
              35.5874238
            ],
            [
              34.5296403,
              35.5899978
            ],
            [
              34.5360704,
              35.5931534
            ],
            [
              34.5543542,
              35.5981578
            ],
            [
              34.5614971,
              35.5975382
            ],
            [
              34.5760479,
              35.5991725
            ],
            [
              34.588666,
              35.6033118
            ],
            [
              34.5995815,
              35.6099161
            ],
            [
              34.6058937,
              35.617698
            ],
            [
              34.6104117,
              35.6213321
            ],
            [
              34.6143453,
              35.6272823
            ],
            [
              34.6198791,
              35.6321848
            ],
            [
              34.6251179,
              35.6411423
            ],
            [
              34.6260549,
              35.6433727
            ],
            [
              34.6289102,
              35.6572814
            ],
            [
              34.6288943,
              35.6619936
            ],
            [
              34.6303003,
              35.6674119
            ],
            [
              34.6425049,
              35.675688
            ],
            [
              34.6486186,
              35.681957
            ],
            [
              34.6581462,
              35.6986794
            ],
            [
              34.6589507,
              35.7149631
            ],
            [
              34.6522737,
              35.7303286
            ],
            [
              34.6431126,
              35.7398109
            ],
            [
              34.6312528,
              35.7467971
            ],
            [
              34.6174957,
              35.750894
            ],
            [
              34.6028834,
              35.7517917
            ],
            [
              34.5835176,
              35.7479121
            ],
            [
              34.5806161,
              35.7468312
            ],
            [
              34.5630997,
              35.7356776
            ],
            [
              34.5550147,
              35.7349494
            ],
            [
              34.5534493,
              35.7346985
            ],
            [
              34.5534854,
              35.7344426
            ],
            [
              34.5423565,
              35.7330861
            ],
            [
              34.5286889,
              35.7287838
            ],
            [
              34.5152458,
              35.7235081
            ],
            [
              34.5091987,
              35.7189762
            ],
            [
              34.4983493,
              35.7186297
            ],
            [
              34.4941743,
              35.7179616
            ],
            [
              34.4807116,
              35.7142346
            ],
            [
              34.4689449,
              35.707746
            ],
            [
              34.460811,
              35.699481
            ],
            [
              34.4588596,
              35.6988206
            ],
            [
              34.4509,
              35.6995425
            ],
            [
              34.4480642,
              35.6989173
            ],
            [
              34.44343,
              35.6993258
            ],
            [
              34.4379392,
              35.6990492
            ],
            [
              34.4239829,
              35.6969803
            ],
            [
              34.4119904,
              35.6928383
            ],
            [
              34.4000764,
              35.6855432
            ],
            [
              34.3907718,
              35.6817066
            ],
            [
              34.3874788,
              35.6791632
            ],
            [
              34.3797598,
              35.6786942
            ],
            [
              34.3629971,
              35.6751058
            ],
            [
              34.3601627,
              35.6740154
            ],
            [
              34.3568558,
              35.6732191
            ],
            [
              34.3406791,
              35.6664199
            ],
            [
              34.3363823,
              35.6654337
            ],
            [
              34.3323252,
              35.6632751
            ],
            [
              34.3274665,
              35.6624611
            ],
            [
              34.3250163,
              35.6615878
            ],
            [
              34.3120505,
              35.6550212
            ],
            [
              34.301914,
              35.645732
            ],
            [
              34.298087,
              35.6390818
            ],
            [
              34.2862634,
              35.631402
            ],
            [
              34.282046,
              35.6256594
            ],
            [
              34.2786337,
              35.6243762
            ],
            [
              34.2735968,
              35.620595
            ],
            [
              34.2635862,
              35.6196013
            ],
            [
              34.2538097,
              35.6165229
            ],
            [
              34.2475833,
              35.6154143
            ],
            [
              34.2448173,
              35.6141625
            ],
            [
              34.2301198,
              35.6112552
            ],
            [
              34.2172219,
              35.6051984
            ],
            [
              34.2156351,
              35.6039285
            ],
            [
              34.2148751,
              35.6037683
            ],
            [
              34.2048458,
              35.6045369
            ],
            [
              34.1982401,
              35.6033274
            ],
            [
              34.1867898,
              35.605491
            ],
            [
              34.1785518,
              35.6056575
            ],
            [
              34.1707021,
              35.6051807
            ],
            [
              34.1575702,
              35.6024555
            ],
            [
              34.1457103,
              35.5971223
            ],
            [
              34.1439362,
              35.5960457
            ],
            [
              34.1409972,
              35.594194
            ],
            [
              34.1307234,
              35.5856289
            ],
            [
              34.1233048,
              35.5741871
            ],
            [
              34.1176127,
              35.5708842
            ],
            [
              34.1082058,
              35.5594074
            ],
            [
              34.1015379,
              35.5547692
            ],
            [
              34.0919978,
              35.5429476
            ],
            [
              34.0913149,
              35.5409233
            ],
            [
              34.0812454,
              35.5382853
            ],
            [
              34.0748866,
              35.5382808
            ],
            [
              34.052592,
              35.5324863
            ],
            [
              34.0458377,
              35.5290762
            ],
            [
              34.035792,
              35.5211152
            ],
            [
              34.0316715,
              35.5202188
            ],
            [
              34.0192074,
              35.5142199
            ],
            [
              34.0165567,
              35.5119677
            ],
            [
              34.0029588,
              35.5082244
            ],
            [
              33.9977106,
              35.5053233
            ],
            [
              33.9913428,
              35.5025848
            ],
            [
              33.9861621,
              35.4994241
            ],
            [
              33.9833721,
              35.4989206
            ],
            [
              33.9734147,
              35.4962385
            ],
            [
              33.9708552,
              35.4953125
            ],
            [
              33.9710334,
              35.4949859
            ],
            [
              33.9585442,
              35.4902406
            ],
            [
              33.9556391,
              35.4884984
            ],
            [
              33.9499741,
              35.488419
            ],
            [
              33.9460666,
              35.4874356
            ],
            [
              33.9407913,
              35.4871215
            ],
            [
              33.9276823,
              35.4835222
            ],
            [
              33.9190068,
              35.4788348
            ],
            [
              33.9053989,
              35.4771436
            ],
            [
              33.9035969,
              35.4766414
            ],
            [
              33.8919747,
              35.4720534
            ],
            [
              33.8898289,
              35.4705977
            ],
            [
              33.8853072,
              35.4694417
            ],
            [
              33.8795203,
              35.4690586
            ],
            [
              33.8661559,
              35.4650973
            ],
            [
              33.8554722,
              35.4603284
            ],
            [
              33.8467646,
              35.4578856
            ],
            [
              33.8420337,
              35.4560952
            ],
            [
              33.8309055,
              35.4560686
            ],
            [
              33.8285986,
              35.4556673
            ],
            [
              33.8260685,
              35.456126
            ],
            [
              33.8234131,
              35.4559225
            ],
            [
              33.8067832,
              35.4587928
            ],
            [
              33.7875061,
              35.4563414
            ],
            [
              33.7858784,
              35.4558699
            ],
            [
              33.7827126,
              35.4560834
            ],
            [
              33.7774733,
              35.4571923
            ],
            [
              33.757705,
              35.4552163
            ],
            [
              33.7548099,
              35.4544602
            ],
            [
              33.7478257,
              35.4514783
            ],
            [
              33.7444902,
              35.4513057
            ],
            [
              33.7226558,
              35.4437792
            ],
            [
              33.7169611,
              35.440894
            ],
            [
              33.7078435,
              35.4380839
            ],
            [
              33.7033268,
              35.4347734
            ],
            [
              33.7001902,
              35.4338645
            ],
            [
              33.6922734,
              35.42891
            ],
            [
              33.6860044,
              35.4266964
            ],
            [
              33.6834044,
              35.4254787
            ],
            [
              33.6740967,
              35.419948
            ],
            [
              33.6720292,
              35.4184143
            ],
            [
              33.6652686,
              35.4122284
            ],
            [
              33.6560061,
              35.4071339
            ],
            [
              33.6495678,
              35.4067606
            ],
            [
              33.6384801,
              35.4040329
            ],
            [
              33.6365166,
              35.4033522
            ],
            [
              33.6330784,
              35.4015319
            ],
            [
              33.6199986,
              35.4002372
            ],
            [
              33.6163001,
              35.3994861
            ],
            [
              33.6164285,
              35.3990659
            ],
            [
              33.6158389,
              35.398979
            ],
            [
              33.6091578,
              35.4003392
            ],
            [
              33.6062383,
              35.4003982
            ],
            [
              33.5957662,
              35.3997653
            ],
            [
              33.5918882,
              35.3992136
            ],
            [
              33.5854766,
              35.3979898
            ],
            [
              33.5782583,
              35.3953952
            ],
            [
              33.564791,
              35.3924709
            ],
            [
              33.5606149,
              35.3905882
            ],
            [
              33.558177,
              35.3899297
            ],
            [
              33.5485993,
              35.3895164
            ],
            [
              33.5424877,
              35.3889359
            ],
            [
              33.5380117,
              35.3898013
            ],
            [
              33.5215451,
              35.388743
            ],
            [
              33.509527,
              35.3852966
            ],
            [
              33.4992561,
              35.3813152
            ],
            [
              33.4962088,
              35.3812772
            ],
            [
              33.4808875,
              35.379264
            ],
            [
              33.4766182,
              35.3775725
            ],
            [
              33.4652931,
              35.3802624
            ],
            [
              33.4450809,
              35.379886
            ],
            [
              33.4416987,
              35.3792615
            ],
            [
              33.4358453,
              35.379761
            ],
            [
              33.4208887,
              35.3776889
            ],
            [
              33.4086364,
              35.379164
            ],
            [
              33.3997299,
              35.3778149
            ],
            [
              33.3977278,
              35.3781576
            ],
            [
              33.3880838,
              35.3811888
            ],
            [
              33.368654,
              35.3812035
            ],
            [
              33.3639713,
              35.3804227
            ],
            [
              33.3609362,
              35.3793048
            ],
            [
              33.3568751,
              35.3790665
            ],
            [
              33.3543353,
              35.3803057
            ],
            [
              33.3349842,
              35.3850884
            ],
            [
              33.3333868,
              35.3849738
            ],
            [
              33.3278757,
              35.3860593
            ],
            [
              33.3143184,
              35.3860781
            ],
            [
              33.313104,
              35.3866542
            ],
            [
              33.2932924,
              35.3914795
            ],
            [
              33.2886931,
              35.3917592
            ],
            [
              33.2774233,
              35.3909028
            ],
            [
              33.2602774,
              35.3938266
            ],
            [
              33.2450907,
              35.3927271
            ],
            [
              33.2344225,
              35.397114
            ],
            [
              33.2228576,
              35.3997017
            ],
            [
              33.2149636,
              35.400402
            ],
            [
              33.2110846,
              35.3999645
            ],
            [
              33.1962078,
              35.4014964
            ],
            [
              33.1786792,
              35.3985479
            ],
            [
              33.1720737,
              35.3961101
            ],
            [
              33.1706803,
              35.3963569
            ],
            [
              33.1658489,
              35.398736
            ],
            [
              33.1573269,
              35.4011051
            ],
            [
              33.1510457,
              35.4038601
            ],
            [
              33.1478012,
              35.4047922
            ],
            [
              33.141268,
              35.4057835
            ],
            [
              33.1220544,
              35.4112697
            ],
            [
              33.1208374,
              35.4114141
            ],
            [
              33.1021064,
              35.4109202
            ],
            [
              33.084746,
              35.4051666
            ],
            [
              33.0746647,
              35.3982712
            ],
            [
              33.0631574,
              35.4027179
            ],
            [
              33.0529823,
              35.4076221
            ],
            [
              33.0337663,
              35.4113835
            ],
            [
              33.0162949,
              35.4100337
            ],
            [
              33.009199,
              35.413833
            ],
            [
              33.0075227,
              35.4153339
            ],
            [
              32.9878281,
              35.4270357
            ],
            [
              32.9675914,
              35.4329702
            ],
            [
              32.9652375,
              35.4330766
            ],
            [
              32.958909,
              35.435142
            ],
            [
              32.9535612,
              35.4380743
            ],
            [
              32.9497261,
              35.4393532
            ],
            [
              32.9448382,
              35.4422836
            ],
            [
              32.9252607,
              35.4463954
            ],
            [
              32.9078837,
              35.4452143
            ],
            [
              32.8928313,
              35.4400111
            ],
            [
              32.8804271,
              35.4313309
            ],
            [
              32.8700475,
              35.4171501
            ],
            [
              32.8668782,
              35.4018319
            ],
            [
              32.8667422,
              35.3961572
            ],
            [
              32.8676726,
              35.3898518
            ],
            [
              32.8673142,
              35.3796676
            ],
            [
              32.8680582,
              35.3745928
            ],
            [
              32.8696073,
              35.3678603
            ],
            [
              32.8690503,
              35.3637797
            ],
            [
              32.8704991,
              35.348649
            ],
            [
              32.8713226,
              35.3471817
            ],
            [
              32.8728813,
              35.3416335
            ],
            [
              32.8772169,
              35.3324227
            ],
            [
              32.8782356,
              35.3308281
            ],
            [
              32.8820766,
              35.3264951
            ],
            [
              32.8820431,
              35.3249487
            ],
            [
              32.8824849,
              35.3249424
            ],
            [
              32.8822568,
              35.3162276
            ],
            [
              32.8836385,
              35.3100052
            ],
            [
              32.8849635,
              35.3066282
            ],
            [
              32.8856188,
              35.3028482
            ],
            [
              32.8857398,
              35.2997353
            ],
            [
              32.8855495,
              35.2949217
            ],
            [
              32.8840127,
              35.2822129
            ],
            [
              32.8815672,
              35.272427
            ],
            [
              32.8806392,
              35.2661049
            ],
            [
              32.8753615,
              35.2487853
            ],
            [
              32.870093,
              35.2329586
            ],
            [
              32.8640738,
              35.2180943
            ],
            [
              32.8578908,
              35.2062199
            ],
            [
              32.8550236,
              35.2017352
            ],
            [
              32.8539492,
              35.2009549
            ],
            [
              32.8438332,
              35.1982765
            ],
            [
              32.8333157,
              35.1926329
            ],
            [
              32.8280488,
              35.1887004
            ],
            [
              32.8260471,
              35.1892878
            ],
            [
              32.8189017,
              35.1938623
            ],
            [
              32.8153207,
              35.1957779
            ],
            [
              32.8150079,
              35.1953874
            ],
            [
              32.8055588,
              35.2009403
            ],
            [
              32.7967589,
              35.2035624
            ],
            [
              32.7848132,
              35.2063658
            ],
            [
              32.7821865,
              35.2072842
            ],
            [
              32.7762625,
              35.2103511
            ],
            [
              32.7646772,
              35.2176789
            ],
            [
              32.7519103,
              35.2219744
            ],
            [
              32.732296,
              35.2235001
            ],
            [
              32.7260755,
              35.2250445
            ],
            [
              32.7111775,
              35.227271
            ],
            [
              32.7023681,
              35.2271252
            ],
            [
              32.701753,
              35.2272682
            ],
            [
              32.6961834,
              35.2314177
            ],
            [
              32.6842044,
              35.2357615
            ],
            [
              32.6672105,
              35.2379143
            ],
            [
              32.6657587,
              35.23771
            ],
            [
              32.6502909,
              35.2391922
            ],
            [
              32.6374708,
              35.2377883
            ],
            [
              32.6296959,
              35.2359862
            ],
            [
              32.6262183,
              35.2363416
            ],
            [
              32.606899,
              35.2340996
            ],
            [
              32.5951191,
              35.2285064
            ],
            [
              32.5948965,
              35.2288334
            ],
            [
              32.5916481,
              35.2273576
            ],
            [
              32.5844276,
              35.2234149
            ],
            [
              32.5810084,
              35.2209889
            ],
            [
              32.5761238,
              35.2199436
            ],
            [
              32.5675261,
              35.2167619
            ],
            [
              32.5536649,
              35.2190945
            ],
            [
              32.5520989,
              35.2190825
            ],
            [
              32.5292206,
              35.2146668
            ],
            [
              32.5274021,
              35.2139406
            ],
            [
              32.515551,
              35.2074734
            ],
            [
              32.514011,
              35.2063629
            ],
            [
              32.5026895,
              35.194856
            ],
            [
              32.4965397,
              35.1816958
            ],
            [
              32.4917699,
              35.1796513
            ],
            [
              32.4803915,
              35.1703235
            ],
            [
              32.4754755,
              35.1626057
            ],
            [
              32.4706975,
              35.1567536
            ],
            [
              32.4697185,
              35.15505
            ],
            [
              32.4655539,
              35.1444596
            ],
            [
              32.4649048,
              35.1413324
            ],
            [
              32.4633481,
              35.1379404
            ],
            [
              32.4585947,
              35.1296618
            ],
            [
              32.4512873,
              35.1180581
            ],
            [
              32.4438535,
              35.108454
            ],
            [
              32.4382786,
              35.1030373
            ],
            [
              32.435506,
              35.10077
            ],
            [
              32.4299067,
              35.0973412
            ],
            [
              32.4296243,
              35.0975836
            ],
            [
              32.4248163,
              35.0940294
            ],
            [
              32.4163751,
              35.0894754
            ],
            [
              32.4128077,
              35.0880294
            ],
            [
              32.4080604,
              35.0873499
            ],
            [
              32.4021272,
              35.0855034
            ],
            [
              32.3986532,
              35.0859809
            ],
            [
              32.3895083,
              35.0858224
            ],
            [
              32.3868271,
              35.0865731
            ],
            [
              32.3768123,
              35.0938423
            ],
            [
              32.3727033,
              35.0958528
            ],
            [
              32.3693503,
              35.0988085
            ],
            [
              32.3600047,
              35.1049824
            ],
            [
              32.3559046,
              35.1069344
            ],
            [
              32.34968,
              35.1114802
            ],
            [
              32.3372436,
              35.1247571
            ],
            [
              32.3338603,
              35.1279696
            ],
            [
              32.3238869,
              35.1359753
            ],
            [
              32.3215732,
              35.1370407
            ],
            [
              32.31462,
              35.1418942
            ],
            [
              32.3130418,
              35.1426604
            ],
            [
              32.2918073,
              35.1484875
            ],
            [
              32.2904333,
              35.1486137
            ],
            [
              32.2661115,
              35.1462092
            ],
            [
              32.2643878,
              35.1456907
            ],
            [
              32.2442028,
              35.1348452
            ],
            [
              32.2345492,
              35.1236724
            ],
            [
              32.2331624,
              35.1200843
            ],
            [
              32.2318278,
              35.1181198
            ],
            [
              32.2299782,
              35.1140181
            ],
            [
              32.2240543,
              35.1059179
            ],
            [
              32.220363,
              35.0924012
            ],
            [
              32.2202575,
              35.0894463
            ],
            [
              32.216652,
              35.0759235
            ],
            [
              32.2163346,
              35.0671543
            ],
            [
              32.2168566,
              35.0610674
            ],
            [
              32.218803,
              35.0519468
            ],
            [
              32.2188907,
              35.0474918
            ],
            [
              32.2220944,
              35.0372836
            ],
            [
              32.222068,
              35.0351333
            ],
            [
              32.2244239,
              35.0254779
            ],
            [
              32.2251104,
              35.0237251
            ],
            [
              32.2353718,
              35.0086771
            ],
            [
              32.2371982,
              35.0073819
            ],
            [
              32.2404243,
              35.0042582
            ],
            [
              32.2418982,
              35.0016338
            ],
            [
              32.2476196,
              34.9937523
            ],
            [
              32.2492348,
              34.9919818
            ],
            [
              32.2559341,
              34.9868962
            ],
            [
              32.2579291,
              34.9847186
            ],
            [
              32.2573391,
              34.9813643
            ],
            [
              32.2524066,
              34.973331
            ],
            [
              32.2499378,
              34.9667581
            ],
            [
              32.2485731,
              34.9518667
            ],
            [
              32.2498011,
              34.9482152
            ],
            [
              32.250498,
              34.9415709
            ],
            [
              32.2561609,
              34.9298206
            ],
            [
              32.2569575,
              34.9286839
            ],
            [
              32.2669325,
              34.9186073
            ],
            [
              32.2653358,
              34.9160075
            ],
            [
              32.2625981,
              34.9038784
            ],
            [
              32.2641067,
              34.8916037
            ],
            [
              32.2648747,
              34.8890539
            ],
            [
              32.271402,
              34.8763966
            ],
            [
              32.272656,
              34.8747491
            ],
            [
              32.2790572,
              34.8689189
            ],
            [
              32.2856811,
              34.8608508
            ],
            [
              32.2892572,
              34.8546377
            ],
            [
              32.293056,
              34.85125
            ],
            [
              32.2937555,
              34.849127
            ],
            [
              32.3002053,
              34.8370435
            ],
            [
              32.3018353,
              34.8349304
            ],
            [
              32.3152779,
              34.8230901
            ],
            [
              32.3227605,
              34.8191486
            ],
            [
              32.3337447,
              34.8152157
            ],
            [
              32.3357579,
              34.8138195
            ],
            [
              32.3394394,
              34.80449
            ],
            [
              32.3402325,
              34.8036228
            ],
            [
              32.3409904,
              34.7973142
            ],
            [
              32.3407447,
              34.7940546
            ],
            [
              32.3421732,
              34.7814277
            ],
            [
              32.3479538,
              34.7696668
            ],
            [
              32.3491919,
              34.7681812
            ],
            [
              32.3466041,
              34.7574484
            ],
            [
              32.3482977,
              34.7437159
            ],
            [
              32.3551148,
              34.7310987
            ],
            [
              32.3672886,
              34.7202506
            ],
            [
              32.3804942,
              34.7138451
            ],
            [
              32.3890383,
              34.7119082
            ],
            [
              32.3925068,
              34.7090355
            ],
            [
              32.3936151,
              34.7084781
            ],
            [
              32.4015029,
              34.7013396
            ],
            [
              32.4187561,
              34.6941664
            ],
            [
              32.4271751,
              34.6924714
            ],
            [
              32.4348716,
              34.6865181
            ],
            [
              32.4362371,
              34.6849074
            ],
            [
              32.4487422,
              34.6747647
            ],
            [
              32.4590848,
              34.6706286
            ],
            [
              32.4720669,
              34.6631246
            ],
            [
              32.4907836,
              34.6592275
            ],
            [
              32.5027205,
              34.660379
            ],
            [
              32.5149346,
              34.6556063
            ],
            [
              32.530582,
              34.6537223
            ],
            [
              32.536252,
              34.6544407
            ],
            [
              32.5392505,
              34.6538887
            ],
            [
              32.5581409,
              34.6445462
            ],
            [
              32.5639437,
              34.6435967
            ],
            [
              32.567492,
              34.6406906
            ],
            [
              32.5716305,
              34.6387754
            ],
            [
              32.5747134,
              34.6361323
            ],
            [
              32.5810678,
              34.6322833
            ],
            [
              32.5924975,
              34.6271264
            ],
            [
              32.6002366,
              34.6257355
            ],
            [
              32.6061105,
              34.6241128
            ],
            [
              32.6136337,
              34.6229171
            ],
            [
              32.6294593,
              34.6166498
            ],
            [
              32.6395269,
              34.6136485
            ],
            [
              32.6443969,
              34.6125131
            ],
            [
              32.6514828,
              34.6118953
            ],
            [
              32.6593891,
              34.6102651
            ],
            [
              32.6620998,
              34.6088315
            ],
            [
              32.6763519,
              34.6035202
            ],
            [
              32.6787181,
              34.6029661
            ],
            [
              32.6866032,
              34.5993768
            ],
            [
              32.7038212,
              34.5968678
            ],
            [
              32.7111372,
              34.5978071
            ],
            [
              32.7291545,
              34.598857
            ],
            [
              32.7435409,
              34.603669
            ],
            [
              32.7461553,
              34.6035533
            ],
            [
              32.7768747,
              34.6040168
            ],
            [
              32.7821634,
              34.6057122
            ],
            [
              32.7872713,
              34.6077082
            ],
            [
              32.7947147,
              34.6095204
            ],
            [
              32.8003827,
              34.6115519
            ],
            [
              32.8048312,
              34.6113855
            ],
            [
              32.8163698,
              34.6118004
            ],
            [
              32.8285531,
              34.6125267
            ],
            [
              32.8364008,
              34.6135307
            ],
            [
              32.8519062,
              34.6136155
            ],
            [
              32.8557787,
              34.609746
            ],
            [
              32.8748535,
              34.5856482
            ],
            [
              32.872017,
              34.5758454
            ],
            [
              32.8716294,
              34.5642927
            ],
            [
              32.8726386,
              34.5566183
            ],
            [
              32.8748134,
              34.5504011
            ],
            [
              32.8787326,
              34.5429746
            ],
            [
              32.8851322,
              34.5357593
            ],
            [
              32.8921222,
              34.5291871
            ],
            [
              32.8990297,
              34.5246776
            ],
            [
              32.9073142,
              34.5209136
            ],
            [
              32.9162249,
              34.5178943
            ],
            [
              32.9249095,
              34.5166704
            ],
            [
              32.9362326,
              34.5161999
            ],
            [
              32.9442303,
              34.5168188
            ],
            [
              32.9514293,
              34.5185355
            ],
            [
              32.957611,
              34.5175898
            ],
            [
              32.9673399,
              34.5176899
            ],
            [
              32.9756354,
              34.5186506
            ],
            [
              32.9821241,
              34.5201672
            ],
            [
              32.9893318,
              34.5191778
            ],
            [
              32.9950639,
              34.51731
            ],
            [
              33.003819,
              34.5158982
            ],
            [
              33.0185098,
              34.5126601
            ],
            [
              33.028508,
              34.512719
            ],
            [
              33.0392734,
              34.513621
            ],
            [
              33.0467761,
              34.5153287
            ],
            [
              33.057883,
              34.5194004
            ],
            [
              33.0674912,
              34.523932
            ],
            [
              33.0842845,
              34.5367905
            ],
            [
              33.0883631,
              34.541947
            ],
            [
              33.0942183,
              34.5521993
            ],
            [
              33.0970593,
              34.5612342
            ],
            [
              33.0968781,
              34.5723103
            ],
            [
              33.0940511,
              34.5834466
            ],
            [
              33.0894469,
              34.5918838
            ],
            [
              33.0815163,
              34.6012277
            ],
            [
              33.0796128,
              34.6043578
            ],
            [
              33.0743839,
              34.6113072
            ],
            [
              33.06724,
              34.617178
            ],
            [
              33.0726592,
              34.6211666
            ],
            [
              33.0821955,
              34.6336375
            ],
            [
              33.0831803,
              34.6371994
            ],
            [
              33.0923135,
              34.648272
            ],
            [
              33.0970865,
              34.64985
            ],
            [
              33.1032891,
              34.6510968
            ],
            [
              33.1104543,
              34.6533107
            ],
            [
              33.1176612,
              34.6563429
            ],
            [
              33.125767,
              34.6608319
            ],
            [
              33.13665,
              34.6645888
            ],
            [
              33.151893,
              34.6667235
            ],
            [
              33.1556348,
              34.6655755
            ],
            [
              33.1577083,
              34.6652484
            ],
            [
              33.175738,
              34.6649905
            ],
            [
              33.1900958,
              34.6622719
            ],
            [
              33.1988901,
              34.6621164
            ],
            [
              33.2073816,
              34.6629265
            ],
            [
              33.2114868,
              34.6629682
            ],
            [
              33.2136056,
              34.6628782
            ],
            [
              33.2135918,
              34.6626722
            ],
            [
              33.2226031,
              34.6623646
            ],
            [
              33.2248628,
              34.6626497
            ],
            [
              33.2329565,
              34.6626656
            ],
            [
              33.2425655,
              34.6613608
            ],
            [
              33.2468663,
              34.6614346
            ],
            [
              33.2514728,
              34.6620121
            ],
            [
              33.253495,
              34.6618264
            ],
            [
              33.2749952,
              34.6634768
            ],
            [
              33.2831015,
              34.6658899
            ],
            [
              33.2926644,
              34.6679982
            ],
            [
              33.3025239,
              34.673309
            ],
            [
              33.3091389,
              34.6720655
            ],
            [
              33.3251178,
              34.6715451
            ],
            [
              33.3405637,
              34.6749507
            ],
            [
              33.3541375,
              34.6819924
            ],
            [
              33.3630628,
              34.6875175
            ],
            [
              33.3741618,
              34.6872767
            ],
            [
              33.3883871,
              34.6898959
            ],
            [
              33.4012152,
              34.6955893
            ],
            [
              33.4086718,
              34.7018107
            ],
            [
              33.4108486,
              34.7029153
            ],
            [
              33.4156891,
              34.7061441
            ],
            [
              33.4282435,
              34.7081672
            ],
            [
              33.4310665,
              34.7089186
            ],
            [
              33.4515436,
              34.7189891
            ],
            [
              33.4582962,
              34.7252085
            ],
            [
              33.4633563,
              34.7268047
            ],
            [
              33.4715594,
              34.7302242
            ],
            [
              33.4737365,
              34.7302553
            ],
            [
              33.4828113,
              34.7325272
            ],
            [
              33.484572,
              34.7326085
            ],
            [
              33.4886965,
              34.7336303
            ],
            [
              33.4913078,
              34.7334802
            ],
            [
              33.5083642,
              34.73477
            ],
            [
              33.5219238,
              34.7391459
            ],
            [
              33.5336865,
              34.7462854
            ],
            [
              33.5417744,
              34.7547471
            ],
            [
              33.5508612,
              34.7600043
            ],
            [
              33.5574606,
              34.7648544
            ],
            [
              33.5715208,
              34.7735782
            ],
            [
              33.5745268,
              34.7766369
            ],
            [
              33.5751385,
              34.7766612
            ],
            [
              33.5883732,
              34.7727707
            ],
            [
              33.6068641,
              34.7717248
            ],
            [
              33.6201971,
              34.774186
            ],
            [
              33.6317041,
              34.7789983
            ],
            [
              33.6451344,
              34.7892568
            ],
            [
              33.6532422,
              34.8014148
            ],
            [
              33.6547317,
              34.8048524
            ],
            [
              33.6573958,
              34.8140494
            ],
            [
              33.6593907,
              34.815499
            ],
            [
              33.668926,
              34.8246398
            ],
            [
              33.6712481,
              34.8287749
            ],
            [
              33.6769634,
              34.8344515
            ],
            [
              33.6823546,
              34.8405319
            ],
            [
              33.6893165,
              34.8523356
            ],
            [
              33.6919087,
              34.8658998
            ],
            [
              33.6913886,
              34.8764332
            ],
            [
              33.6900912,
              34.8795715
            ],
            [
              33.6919867,
              34.8881709
            ],
            [
              33.6925385,
              34.893609
            ],
            [
              33.6920101,
              34.9015929
            ],
            [
              33.6942142,
              34.9038242
            ],
            [
              33.7000797,
              34.9155192
            ],
            [
              33.7016119,
              34.9281003
            ],
            [
              33.7007232,
              34.9321644
            ],
            [
              33.7053626,
              34.9339165
            ],
            [
              33.711834,
              34.9355532
            ],
            [
              33.7136709,
              34.9357338
            ],
            [
              33.7193068,
              34.9364208
            ],
            [
              33.7252599,
              34.9359754
            ],
            [
              33.7350842,
              34.9364122
            ],
            [
              33.7463987,
              34.9353578
            ],
            [
              33.7585314,
              34.9367925
            ],
            [
              33.766402,
              34.9361028
            ],
            [
              33.7744178,
              34.9339042
            ],
            [
              33.7813796,
              34.9325811
            ],
            [
              33.7938391,
              34.9292247
            ],
            [
              33.7987842,
              34.9272557
            ],
            [
              33.8056784,
              34.9214119
            ],
            [
              33.8098331,
              34.9185697
            ],
            [
              33.8201312,
              34.9105111
            ],
            [
              33.8341038,
              34.9043485
            ],
            [
              33.8491614,
              34.9001067
            ],
            [
              33.8650749,
              34.8997062
            ],
            [
              33.8786869,
              34.9011968
            ],
            [
              33.8895516,
              34.9038988
            ],
            [
              33.8953454,
              34.9060887
            ],
            [
              33.9091641,
              34.9128548
            ],
            [
              33.9113884,
              34.9134565
            ],
            [
              33.9268134,
              34.9216238
            ],
            [
              33.9332113,
              34.9270438
            ],
            [
              33.9381454,
              34.9324453
            ],
            [
              33.9407771,
              34.9348587
            ]
          ]
        ]
      }
    },
    {
      "type": "Feature",
      "properties": {
        "slug": "judicate-of-arborea",
        "name": "Judicate of Arborea",
        "start_date": "1000",
        "end_date": "1420",
        "region_type": "kingdom",
        "source_system": "OHM",
        "osm_type": "relation",
        "osm_id": "2750709"
      },
      "geometry": {
        "type": "Polygon",
        "coordinates": [
          [
            [
              8.4097603,
              39.4416514
            ],
            [
              8.4164714,
              39.4493835
            ],
            [
              8.6359399,
              39.4547522
            ],
            [
              8.7458031,
              39.4998027
            ],
            [
              8.7753289,
              39.5231115
            ],
            [
              8.8076012,
              39.5231115
            ],
            [
              8.8597863,
              39.5490598
            ],
            [
              8.9085381,
              39.6083338
            ],
            [
              8.9215844,
              39.6257888
            ],
            [
              8.9717095,
              39.6368942
            ],
            [
              9.1056054,
              39.6923946
            ],
            [
              9.1571031,
              39.7420434
            ],
            [
              9.1886888,
              39.7916559
            ],
            [
              9.2065416,
              39.8654806
            ],
            [
              9.2257677,
              39.8992026
            ],
            [
              9.279326,
              39.932908
            ],
            [
              9.3318597,
              39.9885687
            ],
            [
              9.3403149,
              39.9894909
            ],
            [
              9.3452447,
              40.0223569
            ],
            [
              9.3225854,
              40.059155
            ],
            [
              9.2999261,
              40.0880538
            ],
            [
              9.2971795,
              40.1615592
            ],
            [
              9.2992394,
              40.1862181
            ],
            [
              9.2758935,
              40.227646
            ],
            [
              9.2614739,
              40.2601413
            ],
            [
              9.2532342,
              40.2391784
            ],
            [
              9.2209618,
              40.2313156
            ],
            [
              9.1873162,
              40.2286945
            ],
            [
              9.1495507,
              40.2176846
            ],
            [
              9.087066,
              40.2176846
            ],
            [
              9.0376275,
              40.2250247
            ],
            [
              8.9298241,
              40.2313156
            ],
            [
              8.8975518,
              40.2271218
            ],
            [
              8.8549798,
              40.2140143
            ],
            [
              8.8282006,
              40.2140143
            ],
            [
              8.7876885,
              40.2030021
            ],
            [
              8.7444299,
              40.2024777
            ],
            [
              8.7022015,
              40.187267
            ],
            [
              8.6767956,
              40.1862179
            ],
            [
              8.6342236,
              40.168118
            ],
            [
              8.6184307,
              40.1686427
            ],
            [
              8.5583493,
              40.1295413
            ],
            [
              8.5370633,
              40.1266538
            ],
            [
              8.5164639,
              40.1413528
            ],
            [
              8.4982678,
              40.1426651
            ],
            [
              8.4800717,
              40.1397781
            ],
            [
              8.4698297,
              40.1342875
            ],
            [
              8.4221948,
              40.1159225
            ],
            [
              8.4258737,
              40.1104409
            ],
            [
              8.4282767,
              40.107443
            ],
            [
              8.4325626,
              40.1028449
            ],
            [
              8.4330202,
              40.1024198
            ],
            [
              8.432863,
              40.1012997
            ],
            [
              8.433026,
              40.0925385
            ],
            [
              8.41871,
              40.0901996
            ],
            [
              8.4178683,
              40.0900621
            ],
            [
              8.417541,
              40.0899613
            ],
            [
              8.4109127,
              40.0915883
            ],
            [
              8.4008952,
              40.0918721
            ],
            [
              8.396409,
              40.0919992
            ],
            [
              8.393902,
              40.0918073
            ],
            [
              8.3764852,
              40.0881156
            ],
            [
              8.3616863,
              40.0801783
            ],
            [
              8.3616369,
              40.0801407
            ],
            [
              8.3609311,
              40.0798549
            ],
            [
              8.347856,
              40.0723988
            ],
            [
              8.346279,
              40.0711706
            ],
            [
              8.3447687,
              40.0696321
            ],
            [
              8.3434888,
              40.0686715
            ],
            [
              8.3436082,
              40.0685783
            ],
            [
              8.3391694,
              40.0657299
            ],
            [
              8.3381499,
              40.0648418
            ],
            [
              8.3331879,
              40.0597731
            ],
            [
              8.3314479,
              40.0576733
            ],
            [
              8.3255118,
              40.0478051
            ],
            [
              8.3231929,
              40.0370853
            ],
            [
              8.3236747,
              40.0335262
            ],
            [
              8.3138201,
              40.0348949
            ],
            [
              8.2995471,
              40.0336963
            ],
            [
              8.2940055,
              40.0319128
            ],
            [
              8.2911551,
              40.0316885
            ],
            [
              8.290061,
              40.0313177
            ],
            [
              8.2896495,
              40.0312864
            ],
            [
              8.2829138,
              40.0290169
            ],
            [
              8.2828287,
              40.0291755
            ],
            [
              8.2813034,
              40.0286956
            ],
            [
              8.2792582,
              40.0277853
            ],
            [
              8.2752966,
              40.0264504
            ],
            [
              8.2735117,
              40.0252272
            ],
            [
              8.2695428,
              40.0234604
            ],
            [
              8.260065,
              40.0159872
            ],
            [
              8.2535741,
              40.0068307
            ],
            [
              8.2533182,
              40.0063109
            ],
            [
              8.2501738,
              39.9948039
            ],
            [
              8.2501915,
              39.9946719
            ],
            [
              8.24903,
              39.9927903
            ],
            [
              8.2475797,
              39.9791178
            ],
            [
              8.2477399,
              39.9778849
            ],
            [
              8.2532898,
              39.9637847
            ],
            [
              8.2653799,
              39.9523347
            ],
            [
              8.2658062,
              39.9520613
            ],
            [
              8.2800894,
              39.9456452
            ],
            [
              8.2963245,
              39.9431635
            ],
            [
              8.3127254,
              39.9448896
            ],
            [
              8.3195211,
              39.9475338
            ],
            [
              8.3196,
              39.9474079
            ],
            [
              8.3215629,
              39.94813
            ],
            [
              8.3224839,
              39.9486866
            ],
            [
              8.3274876,
              39.9506334
            ],
            [
              8.3286045,
              39.9515201
            ],
            [
              8.3294736,
              39.9519643
            ],
            [
              8.3348659,
              39.9559593
            ],
            [
              8.3371114,
              39.9567308
            ],
            [
              8.342159,
              39.9602745
            ],
            [
              8.3435078,
              39.9576817
            ],
            [
              8.3479764,
              39.9523501
            ],
            [
              8.3483172,
              39.943836
            ],
            [
              8.3485168,
              39.9428801
            ],
            [
              8.3476792,
              39.9358756
            ],
            [
              8.3477396,
              39.9346878
            ],
            [
              8.3470443,
              39.9320092
            ],
            [
              8.3465094,
              39.9286843
            ],
            [
              8.3462956,
              39.9274071
            ],
            [
              8.3460175,
              39.925324
            ],
            [
              8.345852,
              39.9236656
            ],
            [
              8.3461484,
              39.9152429
            ],
            [
              8.3449669,
              39.9084428
            ],
            [
              8.3464309,
              39.898518
            ],
            [
              8.3473944,
              39.8954344
            ],
            [
              8.3475559,
              39.8954641
            ],
            [
              8.3483896,
              39.891007
            ],
            [
              8.348959,
              39.8896383
            ],
            [
              8.3494775,
              39.8884201
            ],
            [
              8.3500089,
              39.8872336
            ],
            [
              8.3505384,
              39.8861079
            ],
            [
              8.3580767,
              39.8754113
            ],
            [
              8.3594417,
              39.8740193
            ],
            [
              8.3706196,
              39.8655701
            ],
            [
              8.3790169,
              39.8621981
            ],
            [
              8.3795969,
              39.8547061
            ],
            [
              8.3797109,
              39.8541996
            ],
            [
              8.3837609,
              39.8441516
            ],
            [
              8.3842959,
              39.8432539
            ],
            [
              8.3932716,
              39.8328003
            ],
            [
              8.3951366,
              39.8312212
            ],
            [
              8.3997661,
              39.8277505
            ],
            [
              8.4002501,
              39.8274294
            ],
            [
              8.4112931,
              39.82178
            ],
            [
              8.4238122,
              39.8184032
            ],
            [
              8.4246352,
              39.8182666
            ],
            [
              8.4415843,
              39.8175798
            ],
            [
              8.4450805,
              39.8172502
            ],
            [
              8.4484863,
              39.8165796
            ],
            [
              8.4505331,
              39.8147555
            ],
            [
              8.4509754,
              39.813415
            ],
            [
              8.4506496,
              39.8123221
            ],
            [
              8.4454066,
              39.8105175
            ],
            [
              8.4400337,
              39.8092728
            ],
            [
              8.4376487,
              39.8087526
            ],
            [
              8.4337832,
              39.8077856
            ],
            [
              8.4327822,
              39.8075022
            ],
            [
              8.4199882,
              39.8022645
            ],
            [
              8.4095078,
              39.7945688
            ],
            [
              8.4084368,
              39.7935331
            ],
            [
              8.40082,
              39.7835276
            ],
            [
              8.3991955,
              39.7785338
            ],
            [
              8.3972751,
              39.7761524
            ],
            [
              8.3964391,
              39.7747513
            ],
            [
              8.3921469,
              39.763578
            ],
            [
              8.3913769,
              39.7595038
            ],
            [
              8.3908533,
              39.754984
            ],
            [
              8.3908323,
              39.7545
            ],
            [
              8.3921522,
              39.7439779
            ],
            [
              8.3925902,
              39.7425107
            ],
            [
              8.3929232,
              39.7414652
            ],
            [
              8.3916706,
              39.7311512
            ],
            [
              8.3916961,
              39.7307602
            ],
            [
              8.3938541,
              39.7237044
            ],
            [
              8.393434,
              39.7226165
            ],
            [
              8.3946336,
              39.7082658
            ],
            [
              8.3951676,
              39.7065922
            ],
            [
              8.3959001,
              39.7045302
            ],
            [
              8.395937,
              39.7044361
            ],
            [
              8.3908601,
              39.6948007
            ],
            [
              8.3908151,
              39.6946543
            ],
            [
              8.3894464,
              39.6832997
            ],
            [
              8.3921978,
              39.6720929
            ],
            [
              8.392774,
              39.6707826
            ],
            [
              8.392955,
              39.66921
            ],
            [
              8.3935448,
              39.6671835
            ],
            [
              8.3983988,
              39.6574899
            ],
            [
              8.39839,
              39.6543537
            ],
            [
              8.3970692,
              39.6490323
            ],
            [
              8.3969657,
              39.6477769
            ],
            [
              8.3976825,
              39.6438701
            ],
            [
              8.3962403,
              39.635411
            ],
            [
              8.3962548,
              39.633934
            ],
            [
              8.3982906,
              39.6268214
            ],
            [
              8.3982992,
              39.6257649
            ],
            [
              8.3983757,
              39.6241833
            ],
            [
              8.3986288,
              39.6214351
            ],
            [
              8.3988083,
              39.6201161
            ],
            [
              8.3989433,
              39.6191693
            ],
            [
              8.4012242,
              39.6110066
            ],
            [
              8.4017767,
              39.6096959
            ],
            [
              8.4039817,
              39.6053305
            ],
            [
              8.4051057,
              39.6034336
            ],
            [
              8.4119263,
              39.5961449
            ],
            [
              8.4114673,
              39.5934319
            ],
            [
              8.41076,
              39.5899807
            ],
            [
              8.41021,
              39.5859442
            ],
            [
              8.4101821,
              39.5859003
            ],
            [
              8.4095903,
              39.5844418
            ],
            [
              8.4094368,
              39.5840531
            ],
            [
              8.4090305,
              39.5834874
            ],
            [
              8.4085442,
              39.5827944
            ],
            [
              8.4082007,
              39.5822935
            ],
            [
              8.405671,
              39.5747126
            ],
            [
              8.4055903,
              39.5745886
            ],
            [
              8.4000861,
              39.5592253
            ],
            [
              8.4000805,
              39.5591669
            ],
            [
              8.3976838,
              39.5554124
            ],
            [
              8.3973138,
              39.5546672
            ],
            [
              8.3968471,
              39.5540884
            ],
            [
              8.3952106,
              39.552029
            ],
            [
              8.3930814,
              39.5490847
            ],
            [
              8.3920869,
              39.5475658
            ],
            [
              8.3917598,
              39.5471327
            ],
            [
              8.3906506,
              39.5460666
            ],
            [
              8.3885326,
              39.5439598
            ],
            [
              8.38224,
              39.5359601
            ],
            [
              8.3817926,
              39.5352098
            ],
            [
              8.3791434,
              39.5321694
            ],
            [
              8.3775432,
              39.5302181
            ],
            [
              8.3761022,
              39.5283464
            ],
            [
              8.3746343,
              39.5262897
            ],
            [
              8.3724228,
              39.5237366
            ],
            [
              8.3723801,
              39.5237592
            ],
            [
              8.3685337,
              39.5194316
            ],
            [
              8.3646591,
              39.5177389
            ],
            [
              8.3535275,
              39.5084528
            ],
            [
              8.3527231,
              39.5071247
            ],
            [
              8.3510461,
              39.5058198
            ],
            [
              8.3407282,
              39.4944672
            ],
            [
              8.3383519,
              39.4905922
            ],
            [
              8.3347588,
              39.4827753
            ],
            [
              8.3338977,
              39.480057
            ],
            [
              8.3331441,
              39.4772598
            ],
            [
              8.3327925,
              39.4756811
            ],
            [
              8.332709,
              39.4733134
            ],
            [
              8.3284037,
              39.464272
            ],
            [
              8.3280352,
              39.4507204
            ],
            [
              8.3333953,
              39.4378107
            ],
            [
              8.3336757,
              39.4373905
            ],
            [
              8.3426436,
              39.4277117
            ],
            [
              8.3447841,
              39.4264306
            ],
            [
              8.3483647,
              39.4225561
            ],
            [
              8.4097603,
              39.4416514
            ]
          ]
        ]
      }
    },
    {
      "type": "Feature",
      "properties": {
        "slug": "couto-misto",
        "name": "Couto Misto",
        "start_date": "~1000",
        "end_date": "1868",
        "region_type": "autonomous enclave",
        "source_system": "OHM",
        "osm_type": "relation",
        "osm_id": "2835764"
      },
      "geometry": {
        "type": "Polygon",
        "coordinates": [
          [
            [
              -7.8451817,
              41.8812849
            ],
            [
              -7.8487016,
              41.8836846
            ],
            [
              -7.8505898,
              41.8858572
            ],
            [
              -7.8519631,
              41.8917995
            ],
            [
              -7.8532935,
              41.8923106
            ],
            [
              -7.8530789,
              41.8942593
            ],
            [
              -7.8496027,
              41.8962399
            ],
            [
              -7.8465987,
              41.8962718
            ],
            [
              -7.8483582,
              41.8997537
            ],
            [
              -7.8482295,
              41.9007758
            ],
            [
              -7.8484869,
              41.9018618
            ],
            [
              -7.851019,
              41.916649
            ],
            [
              -7.8480149,
              41.9186289
            ],
            [
              -7.8435517,
              41.9245682
            ],
            [
              -7.8420068,
              41.9275696
            ],
            [
              -7.8370286,
              41.9307623
            ],
            [
              -7.8261281,
              41.9465323
            ],
            [
              -7.8166867,
              41.952852
            ],
            [
              -7.8081895,
              41.9568094
            ],
            [
              -7.8081895,
              41.9547031
            ],
            [
              -7.8110219,
              41.9512562
            ],
            [
              -7.8098203,
              41.9472345
            ],
            [
              -7.8166867,
              41.940212
            ],
            [
              -7.8156567,
              41.9361258
            ],
            [
              -7.8151846,
              41.9340188
            ],
            [
              -7.8122664,
              41.9310497
            ],
            [
              -7.810421,
              41.9283358
            ],
            [
              -7.809434,
              41.9272183
            ],
            [
              -7.8088761,
              41.9214389
            ],
            [
              -7.8072882,
              41.9198743
            ],
            [
              -7.8043914,
              41.919539
            ],
            [
              -7.8035546,
              41.9146052
            ],
            [
              -7.8026104,
              41.9124655
            ],
            [
              -7.80334,
              41.9087928
            ],
            [
              -7.8034258,
              41.9020535
            ],
            [
              -7.8012371,
              41.8929815
            ],
            [
              -7.8022456,
              41.8910487
            ],
            [
              -7.8031683,
              41.8898028
            ],
            [
              -7.8031898,
              41.8876942
            ],
            [
              -7.8013873,
              41.8861926
            ],
            [
              -7.8013444,
              41.8833171
            ],
            [
              -7.8024291,
              41.8819769
            ],
            [
              -7.8028686,
              41.8819516
            ],
            [
              -7.8036382,
              41.8819461
            ],
            [
              -7.8072058,
              41.8818632
            ],
            [
              -7.8108378,
              41.8817732
            ],
            [
              -7.8136333,
              41.8817135
            ],
            [
              -7.8160585,
              41.8816433
            ],
            [
              -7.8184019,
              41.8815844
            ],
            [
              -7.8198174,
              41.8815388
            ],
            [
              -7.8215728,
              41.8815043
            ],
            [
              -7.8238374,
              41.881448
            ],
            [
              -7.8248453,
              41.8814139
            ],
            [
              -7.826108,
              41.8813627
            ],
            [
              -7.8286341,
              41.8813344
            ],
            [
              -7.8292008,
              41.8813141
            ],
            [
              -7.8299085,
              41.8812959
            ],
            [
              -7.8322643,
              41.8812438
            ],
            [
              -7.8355241,
              41.8811488
            ],
            [
              -7.8385418,
              41.8810793
            ],
            [
              -7.8396865,
              41.881049
            ],
            [
              -7.8404579,
              41.8810509
            ],
            [
              -7.8451817,
              41.8812849
            ]
          ]
        ]
      }
    },
    {
      "type": "Feature",
      "properties": {
        "slug": "emirate-of-granada",
        "name": "Emirate of Granada",
        "start_date": "1232",
        "end_date": "1299",
        "region_type": "emirate",
        "source_system": "OHM",
        "osm_type": "relation",
        "osm_id": "2803895"
      },
      "geometry": {
        "type": "Polygon",
        "coordinates": [
          [
            [
              -1.8085627,
              37.433533
            ],
            [
              -1.8125667,
              37.4359934
            ],
            [
              -1.84509,
              37.4550159
            ],
            [
              -1.8483863,
              37.4609777
            ],
            [
              -1.8588938,
              37.4799132
            ],
            [
              -1.8601694,
              37.4809141
            ],
            [
              -1.8605249,
              37.4811648
            ],
            [
              -1.8607746,
              37.4814013
            ],
            [
              -1.8608591,
              37.4817469
            ],
            [
              -1.8610715,
              37.4822952
            ],
            [
              -1.8612417,
              37.4825175
            ],
            [
              -1.8615636,
              37.4828458
            ],
            [
              -1.861839,
              37.4829915
            ],
            [
              -1.8622435,
              37.4832491
            ],
            [
              -1.8627462,
              37.483501
            ],
            [
              -1.8628178,
              37.4836253
            ],
            [
              -1.8628968,
              37.4838082
            ],
            [
              -1.8629333,
              37.4840947
            ],
            [
              -1.8630443,
              37.4843169
            ],
            [
              -1.8632369,
              37.4845462
            ],
            [
              -1.8635696,
              37.4846992
            ],
            [
              -1.8638283,
              37.4848707
            ],
            [
              -1.8639316,
              37.4850669
            ],
            [
              -1.863945,
              37.4852555
            ],
            [
              -1.8640598,
              37.4855615
            ],
            [
              -1.8642532,
              37.4857455
            ],
            [
              -1.8645847,
              37.4859633
            ],
            [
              -1.8648845,
              37.4861288
            ],
            [
              -1.8653469,
              37.4863543
            ],
            [
              -1.8655993,
              37.4864087
            ],
            [
              -1.86582,
              37.4864044
            ],
            [
              -1.866034,
              37.4862958
            ],
            [
              -1.8664922,
              37.4862417
            ],
            [
              -1.8667039,
              37.4862959
            ],
            [
              -1.8667857,
              37.4862901
            ],
            [
              -1.8670648,
              37.4862018
            ],
            [
              -1.8672358,
              37.4862425
            ],
            [
              -1.8674289,
              37.4864329
            ],
            [
              -1.8676861,
              37.4867084
            ],
            [
              -1.8679027,
              37.4869706
            ],
            [
              -1.8680698,
              37.4872714
            ],
            [
              -1.8681644,
              37.4874999
            ],
            [
              -1.8681038,
              37.487727
            ],
            [
              -1.8680854,
              37.4878634
            ],
            [
              -1.868157,
              37.4879941
            ],
            [
              -1.8683013,
              37.4881711
            ],
            [
              -1.868607,
              37.4882711
            ],
            [
              -1.8691744,
              37.4885627
            ],
            [
              -1.8696272,
              37.4888792
            ],
            [
              -1.8697968,
              37.4890109
            ],
            [
              -1.8698273,
              37.4891542
            ],
            [
              -1.869932,
              37.4892528
            ],
            [
              -1.8701365,
              37.4892417
            ],
            [
              -1.8703745,
              37.489166
            ],
            [
              -1.870759,
              37.4891242
            ],
            [
              -1.8710344,
              37.4892828
            ],
            [
              -1.87122,
              37.4894407
            ],
            [
              -1.8713077,
              37.4895847
            ],
            [
              -1.8713449,
              37.4898256
            ],
            [
              -1.8713561,
              37.4901705
            ],
            [
              -1.8714335,
              37.4904574
            ],
            [
              -1.8715627,
              37.4905691
            ],
            [
              -1.8716579,
              37.4907522
            ],
            [
              -1.87172,
              37.4909675
            ],
            [
              -1.8717843,
              37.4912146
            ],
            [
              -1.8718393,
              37.4913647
            ],
            [
              -1.8720334,
              37.4914901
            ],
            [
              -1.8723086,
              37.4916554
            ],
            [
              -1.8724777,
              37.491826
            ],
            [
              -1.8725486,
              37.4920023
            ],
            [
              -1.8725785,
              37.4921912
            ],
            [
              -1.8726833,
              37.4922768
            ],
            [
              -1.8730005,
              37.4923773
            ],
            [
              -1.8730963,
              37.4925148
            ],
            [
              -1.8731265,
              37.4926841
            ],
            [
              -1.8731976,
              37.4928475
            ],
            [
              -1.8733097,
              37.4929981
            ],
            [
              -1.8733906,
              37.4930638
            ],
            [
              -1.873521,
              37.4930782
            ],
            [
              -1.8736844,
              37.4930797
            ],
            [
              -1.8737954,
              37.4933019
            ],
            [
              -1.8738249,
              37.4935168
            ],
            [
              -1.8739116,
              37.4937257
            ],
            [
              -1.874073,
              37.4938573
            ],
            [
              -1.8742441,
              37.4938915
            ],
            [
              -1.8743908,
              37.4940088
            ],
            [
              -1.8744539,
              37.4941655
            ],
            [
              -1.8744431,
              37.494341
            ],
            [
              -1.8742939,
              37.4944827
            ],
            [
              -1.9102896,
              37.5385915
            ],
            [
              -1.9107228,
              37.5378811
            ],
            [
              -1.9136747,
              37.5417192
            ],
            [
              -1.9161813,
              37.5450435
            ],
            [
              -1.9237375,
              37.5539378
            ],
            [
              -1.9244867,
              37.5545846
            ],
            [
              -1.9262609,
              37.5563854
            ],
            [
              -1.9269253,
              37.5574279
            ],
            [
              -1.9282805,
              37.5592429
            ],
            [
              -1.9305495,
              37.5620846
            ],
            [
              -1.9317019,
              37.5638436
            ],
            [
              -1.9319664,
              37.5643507
            ],
            [
              -1.9334253,
              37.5652653
            ],
            [
              -1.9346471,
              37.5661325
            ],
            [
              -1.9372315,
              37.568328
            ],
            [
              -1.939671,
              37.5711711
            ],
            [
              -1.9415929,
              37.572991
            ],
            [
              -1.9430636,
              37.5746896
            ],
            [
              -1.9439848,
              37.5760138
            ],
            [
              -1.9463003,
              37.5796578
            ],
            [
              -1.9468839,
              37.5808347
            ],
            [
              -1.9537832,
              37.5879534
            ],
            [
              -1.9540051,
              37.5882799
            ],
            [
              -1.9536901,
              37.5897462
            ],
            [
              -1.9538312,
              37.5901801
            ],
            [
              -1.9542107,
              37.59058
            ],
            [
              -1.9546499,
              37.5907642
            ],
            [
              -1.9549914,
              37.590641
            ],
            [
              -1.9554715,
              37.591141
            ],
            [
              -1.9556483,
              37.591458
            ],
            [
              -1.9555414,
              37.5918086
            ],
            [
              -1.9548295,
              37.5924963
            ],
            [
              -1.9547792,
              37.5928564
            ],
            [
              -1.954883,
              37.5935333
            ],
            [
              -1.9547861,
              37.5947943
            ],
            [
              -1.9549826,
              37.5953188
            ],
            [
              -1.9551419,
              37.5960773
            ],
            [
              -1.9551691,
              37.5965642
            ],
            [
              -1.9550165,
              37.5969414
            ],
            [
              -1.9544776,
              37.5974053
            ],
            [
              -1.9540017,
              37.5974191
            ],
            [
              -1.9539968,
              37.5985728
            ],
            [
              -1.9543453,
              37.5987651
            ],
            [
              -1.9545912,
              37.5990017
            ],
            [
              -1.9549324,
              37.5997167
            ],
            [
              -1.9552788,
              37.6008645
            ],
            [
              -1.955513,
              37.6011279
            ],
            [
              -1.9557081,
              37.6009494
            ],
            [
              -1.9560485,
              37.6009073
            ],
            [
              -1.9570287,
              37.6012946
            ],
            [
              -1.957737,
              37.6016794
            ],
            [
              -1.9578923,
              37.6019151
            ],
            [
              -1.9579989,
              37.6023937
            ],
            [
              -1.9584897,
              37.6029388
            ],
            [
              -1.9592313,
              37.603378
            ],
            [
              -1.9597627,
              37.6034548
            ],
            [
              -1.960342,
              37.6033427
            ],
            [
              -1.9608175,
              37.603365
            ],
            [
              -1.9618298,
              37.6038876
            ],
            [
              -1.9622578,
              37.6040626
            ],
            [
              -1.9632431,
              37.6040893
            ],
            [
              -1.9637501,
              37.6042921
            ],
            [
              -1.9651444,
              37.6050434
            ],
            [
              -1.9653893,
              37.605361
            ],
            [
              -1.9656946,
              37.6062199
            ],
            [
              -1.9658946,
              37.6065011
            ],
            [
              -1.9663304,
              37.6069375
            ],
            [
              -1.9661519,
              37.6075579
            ],
            [
              -1.96624,
              37.6077389
            ],
            [
              -1.9671842,
              37.608279
            ],
            [
              -1.9675299,
              37.6086786
            ],
            [
              -1.9677624,
              37.6090682
            ],
            [
              -1.9677864,
              37.6097894
            ],
            [
              -1.9677321,
              37.6104379
            ],
            [
              -1.967944,
              37.6106831
            ],
            [
              -1.9687055,
              37.6113297
            ],
            [
              -1.969128,
              37.6119102
            ],
            [
              -1.9693598,
              37.6123539
            ],
            [
              -1.9694521,
              37.6130577
            ],
            [
              -1.9696483,
              37.6136182
            ],
            [
              -1.970049,
              37.6141355
            ],
            [
              -1.9704755,
              37.6144276
            ],
            [
              -1.9730965,
              37.6149912
            ],
            [
              -1.973431,
              37.6153817
            ],
            [
              -1.9741192,
              37.6164242
            ],
            [
              -1.9744616,
              37.6170671
            ],
            [
              -1.9753289,
              37.6174442
            ],
            [
              -1.9762124,
              37.6182901
            ],
            [
              -1.976807,
              37.6187279
            ],
            [
              -1.9769388,
              37.6198556
            ],
            [
              -1.9772071,
              37.6201193
            ],
            [
              -1.9776224,
              37.6204114
            ],
            [
              -1.9777875,
              37.6207643
            ],
            [
              -1.9778381,
              37.6212064
            ],
            [
              -1.9780363,
              37.6216317
            ],
            [
              -1.9786767,
              37.6220338
            ],
            [
              -1.9787975,
              37.6223143
            ],
            [
              -1.9789612,
              37.6235956
            ],
            [
              -1.9791883,
              37.6243907
            ],
            [
              -1.9783368,
              37.6245095
            ],
            [
              -1.9785049,
              37.6254753
            ],
            [
              -1.9802857,
              37.6270139
            ],
            [
              -1.980856,
              37.6275687
            ],
            [
              -1.9813323,
              37.6283749
            ],
            [
              -1.9817151,
              37.6293877
            ],
            [
              -1.9817988,
              37.6299022
            ],
            [
              -1.9817113,
              37.6304963
            ],
            [
              -1.9811767,
              37.6314741
            ],
            [
              -1.9810208,
              37.6320946
            ],
            [
              -1.9810868,
              37.6330776
            ],
            [
              -1.9813678,
              37.6349007
            ],
            [
              -1.9814776,
              37.6359922
            ],
            [
              -1.9817396,
              37.6367245
            ],
            [
              -1.9830694,
              37.6389442
            ],
            [
              -1.9848491,
              37.6414291
            ],
            [
              -1.9857821,
              37.6428342
            ],
            [
              -1.9874729,
              37.6451921
            ],
            [
              -1.9783116,
              37.6447526
            ],
            [
              -1.9676686,
              37.6466555
            ],
            [
              -1.9638921,
              37.6501214
            ],
            [
              -1.9607164,
              37.6709134
            ],
            [
              -1.9643213,
              37.6847714
            ],
            [
              -1.9717027,
              37.6963178
            ],
            [
              -1.9849207,
              37.7065043
            ],
            [
              -1.9992546,
              37.7233447
            ],
            [
              -1.9986044,
              37.7244387
            ],
            [
              -1.9974917,
              37.7253305
            ],
            [
              -1.9971008,
              37.7257058
            ],
            [
              -1.9965787,
              37.7265575
            ],
            [
              -1.9958323,
              37.7280473
            ],
            [
              -1.9958381,
              37.7284619
            ],
            [
              -1.9961757,
              37.7295103
            ],
            [
              -1.9977632,
              37.7329756
            ],
            [
              -1.9982324,
              37.7343676
            ],
            [
              -1.9996452,
              37.7373357
            ],
            [
              -2.0003155,
              37.7415053
            ],
            [
              -2.0007458,
              37.7432664
            ],
            [
              -2.0012791,
              37.7449653
            ],
            [
              -2.0025353,
              37.7477789
            ],
            [
              -2.0026959,
              37.7485013
            ],
            [
              -2.0027757,
              37.7493221
            ],
            [
              -2.0026277,
              37.7502041
            ],
            [
              -2.0025839,
              37.751772
            ],
            [
              -2.0026291,
              37.7526376
            ],
            [
              -2.0031397,
              37.7560397
            ],
            [
              -2.0035585,
              37.7569715
            ],
            [
              -2.0036185,
              37.7584231
            ],
            [
              -2.0043288,
              37.7604839
            ],
            [
              -2.0044076,
              37.7613859
            ],
            [
              -2.0041953,
              37.7619789
            ],
            [
              -2.004293,
              37.7623132
            ],
            [
              -2.0049682,
              37.7636077
            ],
            [
              -2.0051507,
              37.7643934
            ],
            [
              -2.005144,
              37.764889
            ],
            [
              -2.0050358,
              37.7653387
            ],
            [
              -2.0046847,
              37.7661199
            ],
            [
              -2.0048968,
              37.7663921
            ],
            [
              -2.006074,
              37.7666634
            ],
            [
              -2.0062032,
              37.7671872
            ],
            [
              -2.0062823,
              37.7680621
            ],
            [
              -2.0061299,
              37.7692685
            ],
            [
              -2.0061652,
              37.7700259
            ],
            [
              -2.0074954,
              37.7715963
            ],
            [
              -2.0075302,
              37.7723897
            ],
            [
              -2.0081605,
              37.7728095
            ],
            [
              -2.0085607,
              37.7743
            ],
            [
              -2.0088359,
              37.7749512
            ],
            [
              -2.0081995,
              37.7758381
            ],
            [
              -2.0080211,
              37.7764405
            ],
            [
              -2.0078803,
              37.7793413
            ],
            [
              -2.0077369,
              37.7798719
            ],
            [
              -2.0071199,
              37.7810113
            ],
            [
              -2.0070118,
              37.781452
            ],
            [
              -2.0069571,
              37.7821455
            ],
            [
              -2.0058116,
              37.7845872
            ],
            [
              -2.0057746,
              37.7873538
            ],
            [
              -2.0046338,
              37.7894351
            ],
            [
              -2.0039093,
              37.7917992
            ],
            [
              -2.0037612,
              37.7926812
            ],
            [
              -2.0036871,
              37.7939784
            ],
            [
              -2.0034301,
              37.7962023
            ],
            [
              -2.0028999,
              37.798469
            ],
            [
              -2.0022415,
              37.8018251
            ],
            [
              -2.0017116,
              37.8049119
            ],
            [
              -2.0009367,
              37.8076361
            ],
            [
              -2.0001914,
              37.8098378
            ],
            [
              -1.9964776,
              37.819008
            ],
            [
              -1.9995124,
              37.8231435
            ],
            [
              -1.9977559,
              37.8286893
            ],
            [
              -1.9972474,
              37.8310012
            ],
            [
              -1.9968854,
              37.8334045
            ],
            [
              -1.9964261,
              37.8354374
            ],
            [
              -1.9956375,
              37.8366024
            ],
            [
              -1.9956964,
              37.8398024
            ],
            [
              -1.9956451,
              37.8402345
            ],
            [
              -1.9952772,
              37.841385
            ],
            [
              -1.9942496,
              37.8434131
            ],
            [
              -1.9935514,
              37.8446058
            ],
            [
              -1.9923477,
              37.8461998
            ],
            [
              -1.9920566,
              37.846711
            ],
            [
              -1.9919229,
              37.8473498
            ],
            [
              -1.9919597,
              37.84799
            ],
            [
              -1.9918283,
              37.8484575
            ],
            [
              -1.9904007,
              37.8506264
            ],
            [
              -1.9895809,
              37.8515567
            ],
            [
              -1.9886625,
              37.8530539
            ],
            [
              -1.9885563,
              37.8533414
            ],
            [
              -1.9883615,
              37.8534569
            ],
            [
              -1.9870138,
              37.853923
            ],
            [
              -1.9861675,
              37.8542942
            ],
            [
              -1.9845864,
              37.8551999
            ],
            [
              -1.9842643,
              37.8554765
            ],
            [
              -1.9833849,
              37.8566046
            ],
            [
              -1.9823051,
              37.8574244
            ],
            [
              -1.9794395,
              37.8591391
            ],
            [
              -1.9779871,
              37.8597664
            ],
            [
              -1.9773882,
              37.860329
            ],
            [
              -1.976982,
              37.8609293
            ],
            [
              -1.9764484,
              37.8625199
            ],
            [
              -1.9760504,
              37.8633546
            ],
            [
              -1.9754679,
              37.864368
            ],
            [
              -1.9750392,
              37.8649501
            ],
            [
              -1.974816,
              37.8654709
            ],
            [
              -1.9742683,
              37.8672169
            ],
            [
              -1.9742241,
              37.8684719
            ],
            [
              -1.9826949,
              37.8738847
            ],
            [
              -1.9832156,
              37.873935
            ],
            [
              -1.9836353,
              37.8739855
            ],
            [
              -1.9837563,
              37.8739768
            ],
            [
              -1.9838764,
              37.8739484
            ],
            [
              -1.9841138,
              37.8738847
            ],
            [
              -1.9843467,
              37.8738116
            ],
            [
              -1.9845748,
              37.8737292
            ],
            [
              -1.9847974,
              37.8736378
            ],
            [
              -1.9849063,
              37.8735888
            ],
            [
              -1.9879166,
              37.8735225
            ],
            [
              -1.9879491,
              37.8735311
            ],
            [
              -1.9879665,
              37.8735398
            ],
            [
              -1.9879819,
              37.8735509
            ],
            [
              -1.9889946,
              37.8751147
            ],
            [
              -1.9892111,
              37.8753952
            ],
            [
              -1.9892677,
              37.8754613
            ],
            [
              -1.9893301,
              37.875524
            ],
            [
              -1.9893977,
              37.8755833
            ],
            [
              -1.9894704,
              37.8756385
            ],
            [
              -1.9895477,
              37.8756897
            ],
            [
              -1.9896294,
              37.8757364
            ],
            [
              -1.9897149,
              37.8757786
            ],
            [
              -1.989804,
              37.8758159
            ],
            [
              -1.9898962,
              37.8758482
            ],
            [
              -1.9901163,
              37.8759099
            ],
            [
              -1.9901771,
              37.8759312
            ],
            [
              -1.9902935,
              37.8759818
            ],
            [
              -1.9903489,
              37.8760109
            ],
            [
              -1.9904529,
              37.8760762
            ],
            [
              -1.9905014,
              37.8761122
            ],
            [
              -1.9905903,
              37.8761904
            ],
            [
              -1.9920189,
              37.8776881
            ],
            [
              -1.9929843,
              37.8792419
            ],
            [
              -1.9932151,
              37.8795448
            ],
            [
              -1.9932974,
              37.879607
            ],
            [
              -1.9934726,
              37.8797217
            ],
            [
              -1.9936606,
              37.879823
            ],
            [
              -1.9937589,
              37.8798684
            ],
            [
              -1.993963,
              37.8799477
            ],
            [
              -1.9941755,
              37.8800115
            ],
            [
              -1.9942844,
              37.8800373
            ],
            [
              -1.9949421,
              37.8802666
            ],
            [
              -1.9949723,
              37.8802806
            ],
            [
              -1.9949958,
              37.8802811
            ],
            [
              -1.9950176,
              37.8802742
            ],
            [
              -1.9950345,
              37.8802613
            ],
            [
              -1.9952032,
              37.8798733
            ],
            [
              -1.9956091,
              37.8794686
            ],
            [
              -1.9959136,
              37.8791323
            ],
            [
              -1.9959486,
              37.8791075
            ],
            [
              -1.9960111,
              37.8790524
            ],
            [
              -1.9960619,
              37.87899
            ],
            [
              -1.9960997,
              37.8789221
            ],
            [
              -1.9961239,
              37.8788504
            ],
            [
              -1.9961336,
              37.8787766
            ],
            [
              -1.996117,
              37.8787216
            ],
            [
              -1.9961102,
              37.8785105
            ],
            [
              -1.9963943,
              37.8776376
            ],
            [
              -1.9965182,
              37.8771241
            ],
            [
              -1.9968228,
              37.8768049
            ],
            [
              -1.9972642,
              37.8766056
            ],
            [
              -1.9975356,
              37.8765103
            ],
            [
              -1.9977992,
              37.8764022
            ],
            [
              -1.9979278,
              37.8763434
            ],
            [
              -1.9980541,
              37.8762816
            ],
            [
              -1.9982994,
              37.876149
            ],
            [
              -1.9984182,
              37.8760783
            ],
            [
              -1.9986472,
              37.8759287
            ],
            [
              -1.9987069,
              37.8758706
            ],
            [
              -1.9987849,
              37.8758282
            ],
            [
              -1.9988287,
              37.875814
            ],
            [
              -1.9989217,
              37.8758009
            ],
            [
              -1.9990157,
              37.8758091
            ],
            [
              -1.9991029,
              37.8758379
            ],
            [
              -2.0006785,
              37.8762283
            ],
            [
              -2.001098,
              37.8762461
            ],
            [
              -2.0018573,
              37.8762245
            ],
            [
              -2.0025948,
              37.8763397
            ],
            [
              -2.0034112,
              37.876506
            ],
            [
              -2.0040016,
              37.8770225
            ],
            [
              -2.0041179,
              37.8770873
            ],
            [
              -2.0042234,
              37.8771627
            ],
            [
              -2.0043169,
              37.8772474
            ],
            [
              -2.0043969,
              37.8773404
            ],
            [
              -2.0044623,
              37.8774404
            ],
            [
              -2.0045124,
              37.8775458
            ],
            [
              -2.0045463,
              37.8776552
            ],
            [
              -2.0045635,
              37.8777671
            ],
            [
              -2.0045636,
              37.8778796
            ],
            [
              -2.0045469,
              37.8779915
            ],
            [
              -2.0043209,
              37.8788245
            ],
            [
              -2.0040377,
              37.8794292
            ],
            [
              -2.0040238,
              37.8794939
            ],
            [
              -2.0040168,
              37.8795594
            ],
            [
              -2.0040166,
              37.879625
            ],
            [
              -2.0040233,
              37.8796905
            ],
            [
              -2.0040369,
              37.8797551
            ],
            [
              -2.0040572,
              37.8798189
            ],
            [
              -2.0041175,
              37.8799411
            ],
            [
              -2.0041569,
              37.879999
            ],
            [
              -2.0042022,
              37.8800539
            ],
            [
              -2.0042531,
              37.8801057
            ],
            [
              -2.0043687,
              37.8801094
            ],
            [
              -2.0044266,
              37.8801076
            ],
            [
              -2.0045415,
              37.8800966
            ],
            [
              -2.0046542,
              37.8800759
            ],
            [
              -2.0047635,
              37.8800458
            ],
            [
              -2.004868,
              37.8800067
            ],
            [
              -2.0052155,
              37.8798304
            ],
            [
              -2.0061132,
              37.8794034
            ],
            [
              -2.0062524,
              37.8793605
            ],
            [
              -2.006386,
              37.8793078
            ],
            [
              -2.0066329,
              37.8791753
            ],
            [
              -2.0067444,
              37.8790967
            ],
            [
              -2.0069385,
              37.8789172
            ],
            [
              -2.0070897,
              37.8787135
            ],
            [
              -2.0071475,
              37.8786045
            ],
            [
              -2.0072222,
              37.8784377
            ],
            [
              -2.0073323,
              37.8782843
            ],
            [
              -2.0075255,
              37.8781055
            ],
            [
              -2.0077001,
              37.8779959
            ],
            [
              -2.0077334,
              37.8779337
            ],
            [
              -2.0078567,
              37.8777562
            ],
            [
              -2.0080128,
              37.8775956
            ],
            [
              -2.0082654,
              37.8774145
            ],
            [
              -2.0089315,
              37.8770616
            ],
            [
              -2.0097637,
              37.8767343
            ],
            [
              -2.0098789,
              37.8766646
            ],
            [
              -2.0099689,
              37.8765743
            ],
            [
              -2.0100024,
              37.8765231
            ],
            [
              -2.0100442,
              37.8764131
            ],
            [
              -2.0100519,
              37.8763557
            ],
            [
              -2.0100397,
              37.8762411
            ],
            [
              -2.0103042,
              37.8759423
            ],
            [
              -2.0105178,
              37.875767
            ],
            [
              -2.0107577,
              37.8756145
            ],
            [
              -2.0111578,
              37.8754335
            ],
            [
              -2.0113287,
              37.8753755
            ],
            [
              -2.0115197,
              37.8748857
            ],
            [
              -2.0119876,
              37.8743593
            ],
            [
              -2.0128234,
              37.8736666
            ],
            [
              -2.0135517,
              37.8732138
            ],
            [
              -2.0136885,
              37.8730993
            ],
            [
              -2.0139548,
              37.8728246
            ],
            [
              -2.0141611,
              37.8726947
            ],
            [
              -2.0143761,
              37.8725743
            ],
            [
              -2.0145993,
              37.8724634
            ],
            [
              -2.0148298,
              37.8723627
            ],
            [
              -2.0150673,
              37.8722725
            ],
            [
              -2.0153106,
              37.8721928
            ],
            [
              -2.0155593,
              37.8721242
            ],
            [
              -2.0158125,
              37.8720664
            ],
            [
              -2.016069,
              37.8720201
            ],
            [
              -2.0163288,
              37.8719852
            ],
            [
              -2.0165903,
              37.8719618
            ],
            [
              -2.0167348,
              37.8719445
            ],
            [
              -2.0167855,
              37.8719329
            ],
            [
              -2.0173969,
              37.8712063
            ],
            [
              -2.0174973,
              37.8710176
            ],
            [
              -2.0175632,
              37.8709339
            ],
            [
              -2.017635,
              37.8708532
            ],
            [
              -2.0177949,
              37.8707018
            ],
            [
              -2.0179753,
              37.8705656
            ],
            [
              -2.0180723,
              37.8705035
            ],
            [
              -2.0181735,
              37.8704461
            ],
            [
              -2.0182786,
              37.870393
            ],
            [
              -2.0183873,
              37.8703448
            ],
            [
              -2.0184991,
              37.8703014
            ],
            [
              -2.0190888,
              37.8695864
            ],
            [
              -2.0192257,
              37.8694718
            ],
            [
              -2.01978,
              37.8689453
            ],
            [
              -2.0199067,
              37.86885
            ],
            [
              -2.0200429,
              37.8687636
            ],
            [
              -2.0201878,
              37.8686865
            ],
            [
              -2.0203402,
              37.8686191
            ],
            [
              -2.0204189,
              37.8685894
            ],
            [
              -2.0205809,
              37.868538
            ],
            [
              -2.020714,
              37.8685462
            ],
            [
              -2.0208472,
              37.8685404
            ],
            [
              -2.0209131,
              37.8685323
            ],
            [
              -2.0210424,
              37.8685053
            ],
            [
              -2.0211658,
              37.868465
            ],
            [
              -2.0212812,
              37.868412
            ],
            [
              -2.0214041,
              37.8683322
            ],
            [
              -2.0215631,
              37.8682009
            ],
            [
              -2.021751,
              37.8682125
            ],
            [
              -2.0219535,
              37.8682812
            ],
            [
              -2.0224442,
              37.8687652
            ],
            [
              -2.0225334,
              37.8688039
            ],
            [
              -2.0227292,
              37.8688221
            ],
            [
              -2.0229208,
              37.8688123
            ],
            [
              -2.0231538,
              37.8687674
            ],
            [
              -2.0233573,
              37.8687935
            ],
            [
              -2.0235544,
              37.8688412
            ],
            [
              -2.0237417,
              37.8689096
            ],
            [
              -2.0239156,
              37.8689975
            ],
            [
              -2.0240729,
              37.8691031
            ],
            [
              -2.0241443,
              37.8691621
            ],
            [
              -2.0242528,
              37.8691622
            ],
            [
              -2.0249395,
              37.8690256
            ],
            [
              -2.0279831,
              37.8693217
            ],
            [
              -2.0280627,
              37.8693902
            ],
            [
              -2.0281607,
              37.8696016
            ],
            [
              -2.0281883,
              37.8698891
            ],
            [
              -2.0281632,
              37.8701766
            ],
            [
              -2.0280861,
              37.8704582
            ],
            [
              -2.0300335,
              37.8710249
            ],
            [
              -2.0319218,
              37.8717624
            ],
            [
              -2.0331436,
              37.8716547
            ],
            [
              -2.0367808,
              37.8730957
            ],
            [
              -2.0393173,
              37.8735615
            ],
            [
              -2.0426481,
              37.8744256
            ],
            [
              -2.0433056,
              37.8739491
            ],
            [
              -2.0452323,
              37.8739672
            ],
            [
              -2.0461506,
              37.8743131
            ],
            [
              -2.0478717,
              37.8749107
            ],
            [
              -2.0482375,
              37.8753636
            ],
            [
              -2.0490419,
              37.8774424
            ],
            [
              -2.050482,
              37.878048
            ],
            [
              -2.0505027,
              37.8780976
            ],
            [
              -2.0506132,
              37.8782875
            ],
            [
              -2.0508092,
              37.8784975
            ],
            [
              -2.0509701,
              37.8787069
            ],
            [
              -2.0509034,
              37.8789234
            ],
            [
              -2.0505846,
              37.8795555
            ],
            [
              -2.0545707,
              37.8804322
            ],
            [
              -2.057087,
              37.8808515
            ],
            [
              -2.0585828,
              37.8799009
            ],
            [
              -2.0604821,
              37.8796479
            ],
            [
              -2.0615467,
              37.8795726
            ],
            [
              -2.065629,
              37.8791701
            ],
            [
              -2.0684281,
              37.8787048
            ],
            [
              -2.0696394,
              37.8786061
            ],
            [
              -2.0734511,
              37.8783384
            ],
            [
              -2.0766624,
              37.8778193
            ],
            [
              -2.0791609,
              37.8780207
            ],
            [
              -2.0800941,
              37.8774828
            ],
            [
              -2.0815038,
              37.8781849
            ],
            [
              -2.0829894,
              37.8788184
            ],
            [
              -2.0849891,
              37.8785377
            ],
            [
              -2.0888327,
              37.8786999
            ],
            [
              -2.0888839,
              37.8786479
            ],
            [
              -2.0889443,
              37.8785614
            ],
            [
              -2.0889832,
              37.8784674
            ],
            [
              -2.0889993,
              37.8783694
            ],
            [
              -2.0890534,
              37.8783087
            ],
            [
              -2.0891227,
              37.8782587
            ],
            [
              -2.0892039,
              37.8782217
            ],
            [
              -2.0892932,
              37.8781994
            ],
            [
              -2.0893865,
              37.878193
            ],
            [
              -2.0894333,
              37.8781958
            ],
            [
              -2.0895345,
              37.878213
            ],
            [
              -2.0895925,
              37.8781988
            ],
            [
              -2.0896621,
              37.878159
            ],
            [
              -2.0897371,
              37.8781261
            ],
            [
              -2.0898164,
              37.8781006
            ],
            [
              -2.0900025,
              37.8780602
            ],
            [
              -2.0900625,
              37.878041
            ],
            [
              -2.0901777,
              37.8779943
            ],
            [
              -2.0902326,
              37.877967
            ],
            [
              -2.0903357,
              37.877905
            ],
            [
              -2.090429,
              37.8778341
            ],
            [
              -2.0907303,
              37.8775494
            ],
            [
              -2.0953367,
              37.8778573
            ],
            [
              -2.0972679,
              37.876895
            ],
            [
              -2.099589,
              37.87774
            ],
            [
              -2.1003844,
              37.8777547
            ],
            [
              -2.1015265,
              37.8786388
            ],
            [
              -2.1012234,
              37.8793698
            ],
            [
              -2.1023035,
              37.8797508
            ],
            [
              -2.1031855,
              37.8798366
            ],
            [
              -2.1039985,
              37.8810312
            ],
            [
              -2.104555,
              37.8810213
            ],
            [
              -2.1064151,
              37.8809352
            ],
            [
              -2.1068047,
              37.8803781
            ],
            [
              -2.1082078,
              37.8809917
            ],
            [
              -2.1085841,
              37.883031
            ],
            [
              -2.1081449,
              37.8846998
            ],
            [
              -2.1086214,
              37.8862994
            ],
            [
              -2.109553,
              37.8897729
            ],
            [
              -2.113614,
              37.8916323
            ],
            [
              -2.1138028,
              37.8920992
            ],
            [
              -2.1140423,
              37.8925393
            ],
            [
              -2.1143249,
              37.8927562
            ],
            [
              -2.1147014,
              37.8928931
            ],
            [
              -2.1154398,
              37.8931957
            ],
            [
              -2.1159825,
              37.8933098
            ],
            [
              -2.1163804,
              37.8933211
            ],
            [
              -2.1165759,
              37.893338
            ],
            [
              -2.1175529,
              37.8935834
            ],
            [
              -2.1181105,
              37.893846
            ],
            [
              -2.1183861,
              37.8941261
            ],
            [
              -2.1184516,
              37.894303
            ],
            [
              -2.1184879,
              37.8944573
            ],
            [
              -2.1187713,
              37.8951084
            ],
            [
              -2.1192225,
              37.8958994
            ],
            [
              -2.119364,
              37.8962867
            ],
            [
              -2.1195491,
              37.8969473
            ],
            [
              -2.119651,
              37.8974535
            ],
            [
              -2.1197126,
              37.8977336
            ],
            [
              -2.119865,
              37.8980082
            ],
            [
              -2.1199953,
              37.8981368
            ],
            [
              -2.1202056,
              37.8983095
            ],
            [
              -2.1206582,
              37.8986029
            ],
            [
              -2.120859,
              37.8987431
            ],
            [
              -2.1210602,
              37.8989018
            ],
            [
              -2.1213282,
              37.8991576
            ],
            [
              -2.1213922,
              37.8992269
            ],
            [
              -2.1217586,
              37.8995289
            ],
            [
              -2.1220917,
              37.8997604
            ],
            [
              -2.122403,
              37.899915
            ],
            [
              -2.1226057,
              37.9000008
            ],
            [
              -2.1227577,
              37.9000179
            ],
            [
              -2.1232931,
              37.8999206
            ],
            [
              -2.1235393,
              37.8999321
            ],
            [
              -2.1241254,
              37.8999778
            ],
            [
              -2.1243787,
              37.9000408
            ],
            [
              -2.1244355,
              37.9000732
            ],
            [
              -2.1246334,
              37.9002104
            ],
            [
              -2.1247662,
              37.900258
            ],
            [
              -2.1248917,
              37.9002771
            ],
            [
              -2.1250654,
              37.9002486
            ],
            [
              -2.1251497,
              37.9002409
            ],
            [
              -2.1253512,
              37.9002467
            ],
            [
              -2.1256479,
              37.900197
            ],
            [
              -2.1257226,
              37.9001969
            ],
            [
              -2.1259397,
              37.9002294
            ],
            [
              -2.1260555,
              37.9002371
            ],
            [
              -2.1261544,
              37.9002312
            ],
            [
              -2.1263376,
              37.900195
            ],
            [
              -2.1264896,
              37.900176
            ],
            [
              -2.1266079,
              37.900157
            ],
            [
              -2.1274233,
              37.9001369
            ],
            [
              -2.1277851,
              37.9001883
            ],
            [
              -2.1286318,
              37.9001254
            ],
            [
              -2.1290371,
              37.9001425
            ],
            [
              -2.1295148,
              37.9002225
            ],
            [
              -2.1296119,
              37.9002434
            ],
            [
              -2.1297108,
              37.9002575
            ],
            [
              -2.1298109,
              37.9002648
            ],
            [
              -2.1299115,
              37.9002651
            ],
            [
              -2.1300117,
              37.9002584
            ],
            [
              -2.1301107,
              37.9002448
            ],
            [
              -2.130208,
              37.9002246
            ],
            [
              -2.1303026,
              37.9001977
            ],
            [
              -2.1303939,
              37.9001643
            ],
            [
              -2.1304813,
              37.9001247
            ],
            [
              -2.1305639,
              37.9000794
            ],
            [
              -2.1306206,
              37.9000394
            ],
            [
              -2.1307243,
              37.8999518
            ],
            [
              -2.1307712,
              37.8999045
            ],
            [
              -2.1308537,
              37.8998038
            ],
            [
              -2.1309209,
              37.8996961
            ],
            [
              -2.1309483,
              37.89964
            ],
            [
              -2.1310118,
              37.8994703
            ],
            [
              -2.1311311,
              37.8993644
            ],
            [
              -2.1316607,
              37.8991335
            ],
            [
              -2.1326287,
              37.8988352
            ],
            [
              -2.1330988,
              37.898655
            ],
            [
              -2.1343643,
              37.8979142
            ],
            [
              -2.1344523,
              37.8978831
            ],
            [
              -2.1346328,
              37.8978299
            ],
            [
              -2.1348185,
              37.8977889
            ],
            [
              -2.1349127,
              37.8977731
            ],
            [
              -2.1351034,
              37.8977512
            ],
            [
              -2.1351993,
              37.8977451
            ],
            [
              -2.1353918,
              37.8977426
            ],
            [
              -2.1359586,
              37.8976264
            ],
            [
              -2.1360547,
              37.8976254
            ],
            [
              -2.1361507,
              37.8976293
            ],
            [
              -2.1362462,
              37.8976382
            ],
            [
              -2.1364338,
              37.8976709
            ],
            [
              -2.1366512,
              37.8976793
            ],
            [
              -2.1368688,
              37.8976721
            ],
            [
              -2.1370849,
              37.8976497
            ],
            [
              -2.1372972,
              37.897612
            ],
            [
              -2.1375047,
              37.8975594
            ],
            [
              -2.1376059,
              37.8975277
            ],
            [
              -2.1386104,
              37.8973506
            ],
            [
              -2.1387991,
              37.8973301
            ],
            [
              -2.1389896,
              37.8973273
            ],
            [
              -2.1391792,
              37.8973423
            ],
            [
              -2.1393652,
              37.8973748
            ],
            [
              -2.1395451,
              37.8974244
            ],
            [
              -2.1399759,
              37.8975817
            ],
            [
              -2.1404175,
              37.8976875
            ],
            [
              -2.1407286,
              37.8977103
            ],
            [
              -2.1409785,
              37.8977131
            ],
            [
              -2.1415595,
              37.8976865
            ],
            [
              -2.1446575,
              37.8978399
            ],
            [
              -2.1502745,
              37.8977953
            ],
            [
              -2.1506874,
              37.8983762
            ],
            [
              -2.1509988,
              37.8979992
            ],
            [
              -2.1512233,
              37.8976621
            ],
            [
              -2.151282,
              37.8975655
            ],
            [
              -2.1513183,
              37.8975204
            ],
            [
              -2.1514042,
              37.8974376
            ],
            [
              -2.1515057,
              37.8973669
            ],
            [
              -2.1516202,
              37.8973099
            ],
            [
              -2.1516813,
              37.897287
            ],
            [
              -2.1517447,
              37.8972681
            ],
            [
              -2.1523596,
              37.8971143
            ],
            [
              -2.151926,
              37.896668
            ],
            [
              -2.1515284,
              37.8963246
            ],
            [
              -2.1511613,
              37.8960144
            ],
            [
              -2.1511468,
              37.8959828
            ],
            [
              -2.1516699,
              37.8953227
            ],
            [
              -2.1518427,
              37.8951109
            ],
            [
              -2.1520298,
              37.8949105
            ],
            [
              -2.1523504,
              37.8945926
            ],
            [
              -2.1524181,
              37.8945453
            ],
            [
              -2.1524967,
              37.8945102
            ],
            [
              -2.1525828,
              37.8944888
            ],
            [
              -2.1526727,
              37.894482
            ],
            [
              -2.1527624,
              37.8944904
            ],
            [
              -2.1528792,
              37.8945128
            ],
            [
              -2.1529533,
              37.8945221
            ],
            [
              -2.153028,
              37.8945281
            ],
            [
              -2.1531779,
              37.8945299
            ],
            [
              -2.1533273,
              37.8945182
            ],
            [
              -2.153474,
              37.8944932
            ],
            [
              -2.1535458,
              37.8944759
            ],
            [
              -2.1543388,
              37.8942479
            ],
            [
              -2.1544932,
              37.8941877
            ],
            [
              -2.1545677,
              37.8941535
            ],
            [
              -2.1547099,
              37.8940768
            ],
            [
              -2.1548426,
              37.89399
            ],
            [
              -2.1549645,
              37.8938939
            ],
            [
              -2.1550745,
              37.8937891
            ],
            [
              -2.1551523,
              37.8936775
            ],
            [
              -2.1551959,
              37.8935996
            ],
            [
              -2.155232,
              37.8935195
            ],
            [
              -2.155261,
              37.8934376
            ],
            [
              -2.1552825,
              37.8933544
            ],
            [
              -2.1552747,
              37.8932793
            ],
            [
              -2.1552749,
              37.8931662
            ],
            [
              -2.1552889,
              37.8930538
            ],
            [
              -2.1553061,
              37.8929796
            ],
            [
              -2.1553169,
              37.892943
            ],
            [
              -2.1553668,
              37.8928543
            ],
            [
              -2.1554227,
              37.8927679
            ],
            [
              -2.1554838,
              37.8926838
            ],
            [
              -2.1555506,
              37.8926024
            ],
            [
              -2.1556227,
              37.8925238
            ],
            [
              -2.1556997,
              37.8924483
            ],
            [
              -2.1557816,
              37.892376
            ],
            [
              -2.1558681,
              37.8923073
            ],
            [
              -2.1559592,
              37.8922422
            ],
            [
              -2.156054,
              37.892181
            ],
            [
              -2.1561529,
              37.8921237
            ],
            [
              -2.1565779,
              37.8919469
            ],
            [
              -2.156738,
              37.8919206
            ],
            [
              -2.1568997,
              37.8919019
            ],
            [
              -2.1570627,
              37.891891
            ],
            [
              -2.1572262,
              37.8918877
            ],
            [
              -2.1573896,
              37.8918924
            ],
            [
              -2.1575525,
              37.8919046
            ],
            [
              -2.1577141,
              37.8919246
            ],
            [
              -2.1580314,
              37.8919873
            ],
            [
              -2.1583368,
              37.8920798
            ],
            [
              -2.1591551,
              37.8922377
            ],
            [
              -2.159546,
              37.8922767
            ],
            [
              -2.1600379,
              37.8922642
            ],
            [
              -2.1602552,
              37.8923037
            ],
            [
              -2.1610739,
              37.8925245
            ],
            [
              -2.1613344,
              37.8925352
            ],
            [
              -2.1622535,
              37.8925614
            ],
            [
              -2.1623311,
              37.8925445
            ],
            [
              -2.1624117,
              37.8925434
            ],
            [
              -2.1624517,
              37.892549
            ],
            [
              -2.162527,
              37.8925716
            ],
            [
              -2.1625928,
              37.8926087
            ],
            [
              -2.1626446,
              37.8926577
            ],
            [
              -2.1629289,
              37.8928995
            ],
            [
              -2.1629882,
              37.892928
            ],
            [
              -2.16302,
              37.892939
            ],
            [
              -2.1630868,
              37.8929537
            ],
            [
              -2.1631559,
              37.8929586
            ],
            [
              -2.1632249,
              37.8929534
            ],
            [
              -2.1636406,
              37.8928782
            ],
            [
              -2.1642512,
              37.8927196
            ],
            [
              -2.1645947,
              37.8926786
            ],
            [
              -2.1646485,
              37.8926818
            ],
            [
              -2.1647024,
              37.8926804
            ],
            [
              -2.1647557,
              37.8926744
            ],
            [
              -2.1648079,
              37.8926639
            ],
            [
              -2.1649065,
              37.8926298
            ],
            [
              -2.1649518,
              37.8926066
            ],
            [
              -2.1649938,
              37.8925798
            ],
            [
              -2.1650317,
              37.8925495
            ],
            [
              -2.1650654,
              37.8925162
            ],
            [
              -2.1650943,
              37.8924802
            ],
            [
              -2.165143,
              37.8924389
            ],
            [
              -2.16523,
              37.8923492
            ],
            [
              -2.1652855,
              37.8922767
            ],
            [
              -2.1653174,
              37.8922263
            ],
            [
              -2.1653861,
              37.892186
            ],
            [
              -2.1654455,
              37.8921373
            ],
            [
              -2.1654791,
              37.8921008
            ],
            [
              -2.1655192,
              37.8920411
            ],
            [
              -2.1655792,
              37.8919781
            ],
            [
              -2.1656509,
              37.8919233
            ],
            [
              -2.1657363,
              37.8918826
            ],
            [
              -2.1658311,
              37.8918582
            ],
            [
              -2.165897,
              37.8918516
            ],
            [
              -2.1660391,
              37.8918582
            ],
            [
              -2.1661808,
              37.8918501
            ],
            [
              -2.1662743,
              37.8918367
            ],
            [
              -2.1664105,
              37.8918047
            ],
            [
              -2.1665182,
              37.8917324
            ],
            [
              -2.1665679,
              37.8916927
            ],
            [
              -2.1666582,
              37.891607
            ],
            [
              -2.1667356,
              37.8915134
            ],
            [
              -2.1667989,
              37.8914135
            ],
            [
              -2.1668473,
              37.8913085
            ],
            [
              -2.1669956,
              37.891198
            ],
            [
              -2.1673793,
              37.8913804
            ],
            [
              -2.1675339,
              37.8914296
            ],
            [
              -2.1677542,
              37.8914326
            ],
            [
              -2.1679357,
              37.891424
            ],
            [
              -2.1681159,
              37.8914059
            ],
            [
              -2.1682943,
              37.8913782
            ],
            [
              -2.1684699,
              37.8913411
            ],
            [
              -2.168642,
              37.8912947
            ],
            [
              -2.1688097,
              37.8912392
            ],
            [
              -2.1691292,
              37.8911022
            ],
            [
              -2.1694225,
              37.8909324
            ],
            [
              -2.1694636,
              37.8908902
            ],
            [
              -2.1695578,
              37.8908141
            ],
            [
              -2.1696662,
              37.8907511
            ],
            [
              -2.1697859,
              37.8907025
            ],
            [
              -2.1699141,
              37.8906697
            ],
            [
              -2.170047,
              37.8906537
            ],
            [
              -2.1701731,
              37.8906507
            ],
            [
              -2.1703609,
              37.8906345
            ],
            [
              -2.1705459,
              37.8906043
            ],
            [
              -2.1707268,
              37.8905607
            ],
            [
              -2.1708527,
              37.8904886
            ],
            [
              -2.1709707,
              37.8904085
            ],
            [
              -2.1710801,
              37.8903209
            ],
            [
              -2.171226,
              37.8901769
            ],
            [
              -2.1713104,
              37.8900736
            ],
            [
              -2.1713398,
              37.8899315
            ],
            [
              -2.1713835,
              37.889792
            ],
            [
              -2.1714417,
              37.8896557
            ],
            [
              -2.171555,
              37.8894596
            ],
            [
              -2.1721468,
              37.8886512
            ],
            [
              -2.1834193,
              37.9001547
            ],
            [
              -2.1836591,
              37.9003464
            ],
            [
              -2.1837155,
              37.9003717
            ],
            [
              -2.1838329,
              37.9004152
            ],
            [
              -2.1838935,
              37.9004334
            ],
            [
              -2.1840178,
              37.9004624
            ],
            [
              -2.1840812,
              37.9004732
            ],
            [
              -2.1842097,
              37.900487
            ],
            [
              -2.1842846,
              37.900508
            ],
            [
              -2.1843552,
              37.9005369
            ],
            [
              -2.18442,
              37.9005731
            ],
            [
              -2.1844782,
              37.9006161
            ],
            [
              -2.1845282,
              37.9006649
            ],
            [
              -2.1845694,
              37.9007187
            ],
            [
              -2.184601,
              37.9007764
            ],
            [
              -2.1846223,
              37.9008371
            ],
            [
              -2.184633,
              37.9008994
            ],
            [
              -2.1846329,
              37.9009623
            ],
            [
              -2.1848314,
              37.9016709
            ],
            [
              -2.1850339,
              37.9020254
            ],
            [
              -2.185069,
              37.9021344
            ],
            [
              -2.1850975,
              37.9022447
            ],
            [
              -2.1851191,
              37.9023558
            ],
            [
              -2.185134,
              37.9024677
            ],
            [
              -2.1851421,
              37.9025801
            ],
            [
              -2.1851434,
              37.9026926
            ],
            [
              -2.1851378,
              37.9028051
            ],
            [
              -2.1851256,
              37.9029171
            ],
            [
              -2.1851064,
              37.9030287
            ],
            [
              -2.1850805,
              37.9031392
            ],
            [
              -2.1850479,
              37.9032488
            ],
            [
              -2.1849246,
              37.9037462
            ],
            [
              -2.1849246,
              37.9037633
            ],
            [
              -2.1849608,
              37.9037805
            ],
            [
              -2.1850598,
              37.903788
            ],
            [
              -2.1852563,
              37.9038109
            ],
            [
              -2.1853537,
              37.9038262
            ],
            [
              -2.1855463,
              37.9038646
            ],
            [
              -2.1857353,
              37.903913
            ],
            [
              -2.1859197,
              37.9039713
            ],
            [
              -2.1861594,
              37.9040547
            ],
            [
              -2.1863035,
              37.9041139
            ],
            [
              -2.1864418,
              37.9041813
            ],
            [
              -2.1865734,
              37.9042565
            ],
            [
              -2.1866976,
              37.9043393
            ],
            [
              -2.1868139,
              37.9044291
            ],
            [
              -2.1869214,
              37.9045254
            ],
            [
              -2.1870197,
              37.9046278
            ],
            [
              -2.1871082,
              37.9047356
            ],
            [
              -2.1871866,
              37.9048481
            ],
            [
              -2.1872541,
              37.9049652
            ],
            [
              -2.1873699,
              37.9051025
            ],
            [
              -2.1875784,
              37.9052397
            ],
            [
              -2.1946735,
              37.9097515
            ],
            [
              -2.2077891,
              37.9162478
            ],
            [
              -2.2094422,
              37.9168736
            ],
            [
              -2.2097463,
              37.9169418
            ],
            [
              -2.2104995,
              37.9170206
            ],
            [
              -2.2108617,
              37.9171
            ],
            [
              -2.2120955,
              37.9179092
            ],
            [
              -2.2128064,
              37.918268
            ],
            [
              -2.2134449,
              37.9186441
            ],
            [
              -2.2141846,
              37.9189686
            ],
            [
              -2.2147278,
              37.9190591
            ],
            [
              -2.2149379,
              37.9190816
            ],
            [
              -2.2151911,
              37.9190813
            ],
            [
              -2.2154666,
              37.9191664
            ],
            [
              -2.2161553,
              37.9193938
            ],
            [
              -2.2168222,
              37.9196726
            ],
            [
              -2.2173884,
              37.9200546
            ],
            [
              -2.2182959,
              37.920693
            ],
            [
              -2.2188538,
              37.9207835
            ],
            [
              -2.2193035,
              37.9210341
            ],
            [
              -2.2200442,
              37.9215357
            ],
            [
              -2.2213278,
              37.9220963
            ],
            [
              -2.2216924,
              37.9227157
            ],
            [
              -2.2216191,
              37.9232929
            ],
            [
              -2.2216056,
              37.9235158
            ],
            [
              -2.2216423,
              37.9236529
            ],
            [
              -2.2217298,
              37.9237898
            ],
            [
              -2.2218028,
              37.9239555
            ],
            [
              -2.2218615,
              37.9241152
            ],
            [
              -2.2218838,
              37.9242352
            ],
            [
              -2.2220363,
              37.9243835
            ],
            [
              -2.222261,
              37.9244345
            ],
            [
              -2.2226809,
              37.9244567
            ],
            [
              -2.2231403,
              37.9243844
            ],
            [
              -2.2245434,
              37.9241308
            ],
            [
              -2.2248908,
              37.9241302
            ],
            [
              -2.2252967,
              37.9242038
            ],
            [
              -2.2253982,
              37.9242379
            ],
            [
              -2.2254705,
              37.9242549
            ],
            [
              -2.2255646,
              37.9242547
            ],
            [
              -2.2257163,
              37.9241859
            ],
            [
              -2.2264737,
              37.9235618
            ],
            [
              -2.226654,
              37.9234244
            ],
            [
              -2.226719,
              37.9234014
            ],
            [
              -2.226987,
              37.923441
            ],
            [
              -2.2277116,
              37.9235578
            ],
            [
              -2.2277165,
              37.9237245
            ],
            [
              -2.2277318,
              37.9238673
            ],
            [
              -2.227827,
              37.9240212
            ],
            [
              -2.2278204,
              37.9241125
            ],
            [
              -2.2278284,
              37.9242324
            ],
            [
              -2.2278437,
              37.9243523
            ],
            [
              -2.2278805,
              37.9244492
            ],
            [
              -2.2280484,
              37.9246713
            ],
            [
              -2.2282011,
              37.9247736
            ],
            [
              -2.2284481,
              37.9249041
            ],
            [
              -2.2285792,
              37.9250406
            ],
            [
              -2.2286235,
              37.9251776
            ],
            [
              -2.228669,
              37.9254573
            ],
            [
              -2.2287056,
              37.9255313
            ],
            [
              -2.2287663,
              37.9255912
            ],
            [
              -2.2291367,
              37.9257725
            ],
            [
              -2.2293342,
              37.9258954
            ],
            [
              -2.2297088,
              37.9260555
            ],
            [
              -2.229959,
              37.9261116
            ],
            [
              -2.230594,
              37.9262661
            ],
            [
              -2.2318634,
              37.9265178
            ],
            [
              -2.2324006,
              37.9266555
            ],
            [
              -2.2329781,
              37.9268788
            ],
            [
              -2.233955,
              37.9272119
            ],
            [
              -2.2348618,
              37.9274196
            ],
            [
              -2.2375512,
              37.9281568
            ],
            [
              -2.2377226,
              37.9282903
            ],
            [
              -2.2378252,
              37.9284186
            ],
            [
              -2.2380016,
              37.9287294
            ],
            [
              -2.2382057,
              37.9288943
            ],
            [
              -2.2396143,
              37.9301605
            ],
            [
              -2.2402662,
              37.9310123
            ],
            [
              -2.2405469,
              37.9312226
            ],
            [
              -2.2408816,
              37.9314156
            ],
            [
              -2.2411327,
              37.9315432
            ],
            [
              -2.2421394,
              37.9315472
            ],
            [
              -2.242567,
              37.9315882
            ],
            [
              -2.2429596,
              37.9317695
            ],
            [
              -2.24312,
              37.9318859
            ],
            [
              -2.2437464,
              37.9322976
            ],
            [
              -2.2440203,
              37.9325537
            ],
            [
              -2.2443032,
              37.9330184
            ],
            [
              -2.2450623,
              37.9333126
            ],
            [
              -2.2459774,
              37.9336
            ],
            [
              -2.2473805,
              37.9342198
            ],
            [
              -2.2476462,
              37.9351821
            ],
            [
              -2.2478668,
              37.9355672
            ],
            [
              -2.2493785,
              37.9370155
            ],
            [
              -2.2503352,
              37.9375583
            ],
            [
              -2.2509738,
              37.9381061
            ],
            [
              -2.2514071,
              37.9384233
            ],
            [
              -2.2521851,
              37.9388322
            ],
            [
              -2.2527808,
              37.9390944
            ],
            [
              -2.2553297,
              37.9444738
            ],
            [
              -2.2582541,
              37.9496315
            ],
            [
              -2.2664219,
              37.9527944
            ],
            [
              -2.2741457,
              37.959468
            ],
            [
              -2.2763865,
              37.9598743
            ],
            [
              -2.2836902,
              37.9694126
            ],
            [
              -2.2962687,
              37.9878039
            ],
            [
              -2.2983909,
              37.9940238
            ],
            [
              -2.2988265,
              38.000746
            ],
            [
              -2.2983667,
              38.0028025
            ],
            [
              -2.2998408,
              38.0035566
            ],
            [
              -2.301157,
              38.0038118
            ],
            [
              -2.3032723,
              38.0041578
            ],
            [
              -2.303658,
              38.0043223
            ],
            [
              -2.3040311,
              38.0046129
            ],
            [
              -2.3048096,
              38.0053926
            ],
            [
              -2.3079776,
              38.0076555
            ],
            [
              -2.3093332,
              38.0088532
            ],
            [
              -2.3104228,
              38.0092742
            ],
            [
              -2.3121112,
              38.0102214
            ],
            [
              -2.312871,
              38.0105864
            ],
            [
              -2.3143136,
              38.0110184
            ],
            [
              -2.3222065,
              38.0136147
            ],
            [
              -2.3230917,
              38.0139803
            ],
            [
              -2.3322759,
              38.0199723
            ],
            [
              -2.3366832,
              38.0226831
            ],
            [
              -2.3373278,
              38.0232094
            ],
            [
              -2.3407134,
              38.0255448
            ],
            [
              -2.3412216,
              38.0258328
            ],
            [
              -2.344875,
              38.024997
            ],
            [
              -2.3528258,
              38.0239235
            ],
            [
              -2.3549769,
              38.0228808
            ],
            [
              -2.3587001,
              38.0218377
            ],
            [
              -2.360732,
              38.022705
            ],
            [
              -2.3646379,
              38.0229244
            ],
            [
              -2.3734583,
              38.0226924
            ],
            [
              -2.3780126,
              38.0243929
            ],
            [
              -2.3798103,
              38.0246908
            ],
            [
              -2.3810957,
              38.0249319
            ],
            [
              -2.3874445,
              38.0273535
            ],
            [
              -2.3904035,
              38.0291444
            ],
            [
              -2.3940253,
              38.0307133
            ],
            [
              -2.4006816,
              38.0318831
            ],
            [
              -2.4038032,
              38.031944
            ],
            [
              -2.4129241,
              38.0312959
            ],
            [
              -2.420904,
              38.0322728
            ],
            [
              -2.4248415,
              38.032923
            ],
            [
              -2.4273555,
              38.0349361
            ],
            [
              -2.4280805,
              38.0369495
            ],
            [
              -2.4290847,
              38.0382432
            ],
            [
              -2.4296995,
              38.0397874
            ],
            [
              -2.4310193,
              38.0400551
            ],
            [
              -2.4317424,
              38.0408608
            ],
            [
              -2.432603,
              38.0415769
            ],
            [
              -2.4323804,
              38.0423599
            ],
            [
              -2.4332207,
              38.0427515
            ],
            [
              -2.4362987,
              38.0426312
            ],
            [
              -2.4369701,
              38.0427515
            ],
            [
              -2.4397071,
              38.0440084
            ],
            [
              -2.4406187,
              38.0440217
            ],
            [
              -2.451023,
              38.0471711
            ],
            [
              -2.4544092,
              38.0485388
            ],
            [
              -2.4557461,
              38.0496175
            ],
            [
              -2.4590899,
              38.0505703
            ],
            [
              -2.4603153,
              38.051333
            ],
            [
              -2.4629816,
              38.0498761
            ],
            [
              -2.4638769,
              38.0505652
            ],
            [
              -2.4655935,
              38.0511769
            ],
            [
              -2.4695189,
              38.0537092
            ],
            [
              -2.4717087,
              38.0566842
            ],
            [
              -2.473542,
              38.0569448
            ],
            [
              -2.4769393,
              38.0552746
            ],
            [
              -2.4780022,
              38.0548647
            ],
            [
              -2.4793444,
              38.053654
            ],
            [
              -2.480705,
              38.0530471
            ],
            [
              -2.4823233,
              38.0530813
            ],
            [
              -2.4832401,
              38.0556179
            ],
            [
              -2.4907191,
              38.0570205
            ],
            [
              -2.4946336,
              38.0596421
            ],
            [
              -2.4984001,
              38.0622809
            ],
            [
              -2.5022729,
              38.0644063
            ],
            [
              -2.5033479,
              38.0655735
            ],
            [
              -2.5037843,
              38.0667921
            ],
            [
              -2.5037152,
              38.0668909
            ],
            [
              -2.5039989,
              38.0670904
            ],
            [
              -2.5044425,
              38.0672365
            ],
            [
              -2.5047492,
              38.0674
            ],
            [
              -2.5049986,
              38.0676083
            ],
            [
              -2.5052028,
              38.0677624
            ],
            [
              -2.5052928,
              38.0679431
            ],
            [
              -2.5055977,
              38.0683769
            ],
            [
              -2.5063029,
              38.0686052
            ],
            [
              -2.5070427,
              38.0687886
            ],
            [
              -2.5081597,
              38.0688293
            ],
            [
              -2.5085357,
              38.0688579
            ],
            [
              -2.5088543,
              38.0689494
            ],
            [
              -2.5093423,
              38.0692939
            ],
            [
              -2.5098544,
              38.0694312
            ],
            [
              -2.510367,
              38.0694875
            ],
            [
              -2.511244,
              38.0696083
            ],
            [
              -2.5115629,
              38.0696637
            ],
            [
              -2.511905,
              38.0696561
            ],
            [
              -2.5123957,
              38.069577
            ],
            [
              -2.512886,
              38.069561
            ],
            [
              -2.5136386,
              38.0695461
            ],
            [
              -2.5140608,
              38.0694848
            ],
            [
              -2.5142092,
              38.0694583
            ],
            [
              -2.5143463,
              38.0694138
            ],
            [
              -2.5144383,
              38.0692971
            ],
            [
              -2.5145871,
              38.0692075
            ],
            [
              -2.5149175,
              38.0692269
            ],
            [
              -2.5152362,
              38.0693184
            ],
            [
              -2.5153269,
              38.0693908
            ],
            [
              -2.5153832,
              38.0694902
            ],
            [
              -2.5154836,
              38.0698241
            ],
            [
              -2.5155632,
              38.0698605
            ],
            [
              -2.5157227,
              38.0698792
            ],
            [
              -2.5160194,
              38.0698353
            ],
            [
              -2.5162365,
              38.0697551
            ],
            [
              -2.5163284,
              38.0696563
            ],
            [
              -2.5166489,
              38.0694504
            ],
            [
              -2.5173793,
              38.0693452
            ],
            [
              -2.5182106,
              38.0694838
            ],
            [
              -2.5185176,
              38.0696022
            ],
            [
              -2.518871,
              38.0696037
            ],
            [
              -2.5192023,
              38.0695059
            ],
            [
              -2.5196928,
              38.0694628
            ],
            [
              -2.5207986,
              38.0694674
            ],
            [
              -2.5210719,
              38.0695225
            ],
            [
              -2.5213682,
              38.0695328
            ],
            [
              -2.5215166,
              38.0695063
            ],
            [
              -2.5216766,
              38.0694439
            ],
            [
              -2.5220075,
              38.0694092
            ],
            [
              -2.5225775,
              38.0694025
            ],
            [
              -2.5229304,
              38.0694941
            ],
            [
              -2.5233291,
              38.0695317
            ],
            [
              -2.5237845,
              38.0696327
            ],
            [
              -2.5242519,
              38.0696346
            ],
            [
              -2.5246282,
              38.0696181
            ],
            [
              -2.5251065,
              38.0697011
            ],
            [
              -2.5255273,
              38.0698651
            ],
            [
              -2.5263446,
              38.0704091
            ],
            [
              -2.5265832,
              38.0705363
            ],
            [
              -2.5268335,
              38.0706184
            ],
            [
              -2.5270266,
              38.0707363
            ],
            [
              -2.5271849,
              38.0709262
            ],
            [
              -2.5274563,
              38.0712788
            ],
            [
              -2.5277044,
              38.0717034
            ],
            [
              -2.5278174,
              38.0718571
            ],
            [
              -2.5279423,
              38.0719297
            ],
            [
              -2.528079,
              38.0719483
            ],
            [
              -2.5281477,
              38.0719125
            ],
            [
              -2.5282275,
              38.0719038
            ],
            [
              -2.52833,
              38.0719222
            ],
            [
              -2.528398,
              38.0719856
            ],
            [
              -2.5285804,
              38.0719953
            ],
            [
              -2.5288533,
              38.0721046
            ],
            [
              -2.5290012,
              38.0721503
            ],
            [
              -2.5291722,
              38.0721509
            ],
            [
              -2.5294126,
              38.0720077
            ],
            [
              -2.5295498,
              38.0719452
            ],
            [
              -2.5297324,
              38.0719189
            ],
            [
              -2.5302105,
              38.0720289
            ],
            [
              -2.5305861,
              38.0721296
            ],
            [
              -2.5309841,
              38.0722844
            ],
            [
              -2.5311996,
              38.0724655
            ],
            [
              -2.5313122,
              38.0726822
            ],
            [
              -2.5314125,
              38.0730431
            ],
            [
              -2.5315144,
              38.0731607
            ],
            [
              -2.5316393,
              38.0732333
            ],
            [
              -2.5319577,
              38.0733698
            ],
            [
              -2.5323776,
              38.0736779
            ],
            [
              -2.5328079,
              38.0741392
            ],
            [
              -2.5330237,
              38.0742663
            ],
            [
              -2.5332738,
              38.0743844
            ],
            [
              -2.5336159,
              38.0743768
            ],
            [
              -2.5338899,
              38.0743148
            ],
            [
              -2.5347909,
              38.0742733
            ],
            [
              -2.5358302,
              38.07398
            ],
            [
              -2.5360358,
              38.0739177
            ],
            [
              -2.5362301,
              38.0738464
            ],
            [
              -2.5363669,
              38.0738469
            ],
            [
              -2.5365374,
              38.0739377
            ],
            [
              -2.5368665,
              38.0741823
            ],
            [
              -2.5372759,
              38.0743462
            ],
            [
              -2.5376967,
              38.074501
            ],
            [
              -2.5380374,
              38.0747187
            ],
            [
              -2.5384234,
              38.0749906
            ],
            [
              -2.5388329,
              38.0751274
            ],
            [
              -2.539186,
              38.0751919
            ],
            [
              -2.5393785,
              38.0753999
            ],
            [
              -2.5396286,
              38.0755181
            ],
            [
              -2.5397312,
              38.0755185
            ],
            [
              -2.5398911,
              38.075474
            ],
            [
              -2.5400625,
              38.0754116
            ],
            [
              -2.5403591,
              38.0753857
            ],
            [
              -2.5405983,
              38.0754227
            ],
            [
              -2.5407233,
              38.0754953
            ],
            [
              -2.5408253,
              38.0755858
            ],
            [
              -2.5409042,
              38.0757303
            ],
            [
              -2.5409145,
              38.0759106
            ],
            [
              -2.5410163,
              38.0760372
            ],
            [
              -2.5412668,
              38.0760923
            ],
            [
              -2.5415172,
              38.0761653
            ],
            [
              -2.5421652,
              38.0764743
            ],
            [
              -2.5428017,
              38.0767922
            ],
            [
              -2.5433122,
              38.0771998
            ],
            [
              -2.5438466,
              38.0774362
            ],
            [
              -2.5442438,
              38.0777351
            ],
            [
              -2.5445278,
              38.0779165
            ],
            [
              -2.5447896,
              38.0779896
            ],
            [
              -2.545278,
              38.0782799
            ],
            [
              -2.5453684,
              38.0784245
            ],
            [
              -2.5454364,
              38.0784878
            ],
            [
              -2.5455616,
              38.0785244
            ],
            [
              -2.5458351,
              38.0785434
            ],
            [
              -2.5460627,
              38.0786164
            ],
            [
              -2.5463472,
              38.0786986
            ],
            [
              -2.5464721,
              38.0787802
            ],
            [
              -2.5465739,
              38.0789248
            ],
            [
              -2.5466415,
              38.0790513
            ],
            [
              -2.5468917,
              38.0791514
            ],
            [
              -2.5472104,
              38.0792517
            ],
            [
              -2.5474601,
              38.0794329
            ],
            [
              -2.5475281,
              38.0795053
            ],
            [
              -2.5475613,
              38.0796677
            ],
            [
              -2.5478334,
              38.0799121
            ],
            [
              -2.5480152,
              38.0800209
            ],
            [
              -2.548129,
              38.0800574
            ],
            [
              -2.5483914,
              38.0800224
            ],
            [
              -2.5488132,
              38.080042
            ],
            [
              -2.5490183,
              38.0800608
            ],
            [
              -2.5491776,
              38.0801155
            ],
            [
              -2.5492912,
              38.080188
            ],
            [
              -2.5493705,
              38.0802785
            ],
            [
              -2.549518,
              38.0803872
            ],
            [
              -2.549723,
              38.080424
            ],
            [
              -2.5498139,
              38.0804875
            ],
            [
              -2.5498705,
              38.0805418
            ],
            [
              -2.5498927,
              38.080641
            ],
            [
              -2.5498348,
              38.080794
            ],
            [
              -2.5498345,
              38.080848
            ],
            [
              -2.549857,
              38.0808932
            ],
            [
              -2.5499252,
              38.0809205
            ],
            [
              -2.5500278,
              38.0809299
            ],
            [
              -2.5501077,
              38.0809212
            ],
            [
              -2.5502327,
              38.0809848
            ],
            [
              -2.5502664,
              38.081066
            ],
            [
              -2.5503673,
              38.0813458
            ],
            [
              -2.5505702,
              38.0817251
            ],
            [
              -2.5505922,
              38.0818694
            ],
            [
              -2.5506144,
              38.0819686
            ],
            [
              -2.5508414,
              38.0821317
            ],
            [
              -2.5509664,
              38.0822043
            ],
            [
              -2.5510111,
              38.0823487
            ],
            [
              -2.5510083,
              38.0828083
            ],
            [
              -2.551064,
              38.0830248
            ],
            [
              -2.5514942,
              38.0835402
            ],
            [
              -2.5519143,
              38.0838302
            ],
            [
              -2.5523346,
              38.0840932
            ],
            [
              -2.5708015,
              38.0810686
            ],
            [
              -2.5989539,
              38.061068
            ],
            [
              -2.6030738,
              38.0491731
            ],
            [
              -2.5975806,
              38.0253775
            ],
            [
              -2.6044471,
              38.0172636
            ],
            [
              -2.61818,
              38.0156407
            ],
            [
              -2.6428992,
              38.0194274
            ],
            [
              -2.6717384,
              38.0194274
            ],
            [
              -2.693711,
              38.0075257
            ],
            [
              -2.7060706,
              37.9918342
            ],
            [
              -2.7060706,
              37.9788456
            ],
            [
              -2.6916511,
              37.9739743
            ],
            [
              -2.6758582,
              37.9691026
            ],
            [
              -2.6758582,
              37.9555686
            ],
            [
              -2.6875312,
              37.9279514
            ],
            [
              -2.7197349,
              37.8771302
            ],
            [
              -2.7276996,
              37.8772927
            ],
            [
              -2.7634052,
              37.8775636
            ],
            [
              -2.7819446,
              37.8756667
            ],
            [
              -2.7960209,
              37.8688914
            ],
            [
              -2.8094104,
              37.8623865
            ],
            [
              -2.8262333,
              37.8547967
            ],
            [
              -2.8409961,
              37.842055
            ],
            [
              -2.867432,
              37.8230739
            ],
            [
              -2.9017643,
              37.8133103
            ],
            [
              -2.9463962,
              37.8059867
            ],
            [
              -2.9584125,
              37.7997476
            ],
            [
              -2.985535,
              37.7935079
            ],
            [
              -2.998238,
              37.786725
            ],
            [
              -3.0126575,
              37.7755998
            ],
            [
              -3.0191806,
              37.7693581
            ],
            [
              -3.0257038,
              37.7663727
            ],
            [
              -3.0257038,
              37.7612159
            ],
            [
              -3.0287937,
              37.7462863
            ],
            [
              -3.0325702,
              37.7392276
            ],
            [
              -3.0356601,
              37.7294529
            ],
            [
              -3.0476764,
              37.7253797
            ],
            [
              -3.0593494,
              37.7229357
            ],
            [
              -3.0686191,
              37.727009
            ],
            [
              -3.0785755,
              37.7297244
            ],
            [
              -3.082352,
              37.7370555
            ],
            [
              -3.0881885,
              37.7403136
            ],
            [
              -3.0971149,
              37.7411281
            ],
            [
              -3.1019214,
              37.7438429
            ],
            [
              -3.1101612,
              37.7433
            ],
            [
              -3.1190876,
              37.7449289
            ],
            [
              -3.1235508,
              37.7500868
            ],
            [
              -3.1180576,
              37.7631158
            ],
            [
              -3.1424335,
              37.7650157
            ],
            [
              -3.1671527,
              37.7677297
            ],
            [
              -3.1939319,
              37.7731574
            ],
            [
              -3.212128,
              37.7755998
            ],
            [
              -3.2231144,
              37.7742429
            ],
            [
              -3.2306675,
              37.7680011
            ],
            [
              -3.2646564,
              37.7511727
            ],
            [
              -3.2855991,
              37.7403136
            ],
            [
              -3.2976154,
              37.7291813
            ],
            [
              -3.3096317,
              37.7180474
            ],
            [
              -3.3230213,
              37.7107144
            ],
            [
              -3.3295444,
              37.6944163
            ],
            [
              -3.3384708,
              37.6816469
            ],
            [
              -3.3491138,
              37.6691471
            ],
            [
              -3.3669666,
              37.6694189
            ],
            [
              -3.3824161,
              37.6732234
            ],
            [
              -3.3947757,
              37.6792015
            ],
            [
              -3.4061054,
              37.6982195
            ],
            [
              -3.4164051,
              37.7028375
            ],
            [
              -3.4346012,
              37.7063686
            ],
            [
              -3.4521106,
              37.7188622
            ],
            [
              -3.463097,
              37.7226641
            ],
            [
              -3.4703067,
              37.7261944
            ],
            [
              -3.4905628,
              37.7310821
            ],
            [
              -3.506699,
              37.7346119
            ],
            [
              -3.526955,
              37.7313536
            ],
            [
              -3.5503009,
              37.7232073
            ],
            [
              -3.5729602,
              37.7126157
            ],
            [
              -3.5884098,
              37.7055538
            ],
            [
              -3.6100391,
              37.6925146
            ],
            [
              -3.6220554,
              37.6846357
            ],
            [
              -3.6236002,
              37.6711851
            ],
            [
              -3.6261751,
              37.6592271
            ],
            [
              -3.630295,
              37.6478109
            ],
            [
              -3.6337282,
              37.6421021
            ],
            [
              -3.6309821,
              37.6327229
            ],
            [
              -3.6282355,
              37.5881193
            ],
            [
              -3.618622,
              37.5658071
            ],
            [
              -3.6143305,
              37.5498854
            ],
            [
              -3.6163036,
              37.5348548
            ],
            [
              -3.6172489,
              37.5342328
            ],
            [
              -3.6436847,
              37.5268816
            ],
            [
              -3.666344,
              37.5208913
            ],
            [
              -3.6726801,
              37.5189725
            ],
            [
              -3.6852268,
              37.5151727
            ],
            [
              -3.7065128,
              37.5048238
            ],
            [
              -3.7295154,
              37.4884805
            ],
            [
              -3.7552646,
              37.4835768
            ],
            [
              -3.7724308,
              37.4808524
            ],
            [
              -3.7772373,
              37.4841217
            ],
            [
              -3.7806705,
              37.4898426
            ],
            [
              -3.7784387,
              37.4942009
            ],
            [
              -3.782387,
              37.5063216
            ],
            [
              -3.803158,
              37.5187127
            ],
            [
              -3.8342287,
              37.5215719
            ],
            [
              -3.847275,
              37.5270176
            ],
            [
              -3.8524248,
              37.5409025
            ],
            [
              -3.856373,
              37.5402219
            ],
            [
              -3.8637544,
              37.5387247
            ],
            [
              -3.8810923,
              37.5366828
            ],
            [
              -3.90049,
              37.5287874
            ],
            [
              -3.9157678,
              37.5169426
            ],
            [
              -3.9310457,
              37.5169427
            ],
            [
              -3.9501001,
              37.504279
            ],
            [
              -3.9825441,
              37.4967887
            ],
            [
              -4.0127565,
              37.514628
            ],
            [
              -4.0354158,
              37.5106792
            ],
            [
              -4.0592768,
              37.5064578
            ],
            [
              -4.072323,
              37.5082281
            ],
            [
              -4.083996,
              37.5135386
            ],
            [
              -4.0934373,
              37.5127897
            ],
            [
              -4.0991879,
              37.5344367
            ],
            [
              -4.1124059,
              37.5389968
            ],
            [
              -4.1139508,
              37.5438288
            ],
            [
              -4.1146375,
              37.5469592
            ],
            [
              -4.1185857,
              37.5471634
            ],
            [
              -4.1214181,
              37.5485244
            ],
            [
              -4.1212464,
              37.5533558
            ],
            [
              -4.1226197,
              37.5545806
            ],
            [
              -4.1269112,
              37.5557373
            ],
            [
              -4.1321469,
              37.5589353
            ],
            [
              -4.1374684,
              37.5620651
            ],
            [
              -4.139185,
              37.5613166
            ],
            [
              -4.1448499,
              37.5642422
            ],
            [
              -4.1458798,
              37.56778
            ],
            [
              -4.1475964,
              37.5705012
            ],
            [
              -4.1496564,
              37.5702971
            ],
            [
              -4.1506005,
              37.5707053
            ],
            [
              -4.1511155,
              37.5737666
            ],
            [
              -4.1558362,
              37.5743108
            ],
            [
              -4.1605569,
              37.5750591
            ],
            [
              -4.1588403,
              37.5783242
            ],
            [
              -4.162016,
              37.5824735
            ],
            [
              -4.1617585,
              37.5855343
            ],
            [
              -4.1639043,
              37.5879828
            ],
            [
              -4.1671658,
              37.5882549
            ],
            [
              -4.1685391,
              37.5922675
            ],
            [
              -4.1672519,
              37.5995445
            ],
            [
              -4.1679386,
              37.6041685
            ],
            [
              -4.1727451,
              37.611784
            ],
            [
              -4.1851047,
              37.6123279
            ],
            [
              -4.2029575,
              37.6158634
            ],
            [
              -4.2190937,
              37.6147756
            ],
            [
              -4.2341999,
              37.5987284
            ],
            [
              -4.2510227,
              37.5883911
            ],
            [
              -4.2692188,
              37.5892072
            ],
            [
              -4.2829517,
              37.5946481
            ],
            [
              -4.3008045,
              37.6009045
            ],
            [
              -4.3231205,
              37.5826777
            ],
            [
              -4.3313602,
              37.5728824
            ],
            [
              -4.3317035,
              37.5649908
            ],
            [
              -4.3238071,
              37.5475719
            ],
            [
              -4.3179706,
              37.5290598
            ],
            [
              -4.2997745,
              37.5099985
            ],
            [
              -4.2874149,
              37.4925667
            ],
            [
              -4.283295,
              37.4833044
            ],
            [
              -4.283295,
              37.4743134
            ],
            [
              -4.3032077,
              37.4585085
            ],
            [
              -4.3093876,
              37.4476066
            ],
            [
              -4.3286136,
              37.4337044
            ],
            [
              -4.3402866,
              37.4140733
            ],
            [
              -4.3536762,
              37.4001649
            ],
            [
              -4.3789102,
              37.3753413
            ],
            [
              -4.3790819,
              37.3731586
            ],
            [
              -4.3816568,
              37.3653823
            ],
            [
              -4.3809702,
              37.359379
            ],
            [
              -4.385605,
              37.355422
            ],
            [
              -4.3929865,
              37.3510554
            ],
            [
              -4.3916132,
              37.3457333
            ],
            [
              -4.3910982,
              37.339319
            ],
            [
              -4.3971063,
              37.3363164
            ],
            [
              -4.4060327,
              37.3330407
            ],
            [
              -4.4149591,
              37.3285363
            ],
            [
              -4.4187357,
              37.3289458
            ],
            [
              -4.4254305,
              37.3270348
            ],
            [
              -4.4425966,
              37.3233491
            ],
            [
              -4.4597627,
              37.3213014
            ],
            [
              -4.4705774,
              37.3207554
            ],
            [
              -4.4928934,
              37.314885
            ],
            [
              -4.5043947,
              37.3105161
            ],
            [
              -4.5207025,
              37.3080585
            ],
            [
              -4.5253374,
              37.3110622
            ],
            [
              -4.5298006,
              37.3129736
            ],
            [
              -4.528599,
              37.318025
            ],
            [
              -4.5267106,
              37.320414
            ],
            [
              -4.5323754,
              37.3282632
            ],
            [
              -4.5364953,
              37.3332453
            ],
            [
              -4.5419026,
              37.3335866
            ],
            [
              -4.544735,
              37.3359751
            ],
            [
              -4.5461083,
              37.3389778
            ],
            [
              -4.5501424,
              37.3378177
            ],
            [
              -4.5520306,
              37.3391825
            ],
            [
              -4.5546914,
              37.3415026
            ],
            [
              -4.5585538,
              37.3443686
            ],
            [
              -4.5611287,
              37.3494178
            ],
            [
              -4.5601846,
              37.3510554
            ],
            [
              -4.5601846,
              37.3546032
            ],
            [
              -4.5643903,
              37.3607434
            ],
            [
              -4.5645619,
              37.3646319
            ],
            [
              -4.5681668,
              37.367838
            ],
            [
              -4.5743466,
              37.3689294
            ],
            [
              -4.5811273,
              37.365928
            ],
            [
              -4.5844746,
              37.3625853
            ],
            [
              -4.5891953,
              37.3594472
            ],
            [
              -4.5911694,
              37.3602658
            ],
            [
              -4.5946885,
              37.3638132
            ],
            [
              -4.5968343,
              37.3681791
            ],
            [
              -4.6011258,
              37.3700208
            ],
            [
              -4.6032716,
              37.3702937
            ],
            [
              -4.6058465,
              37.3685884
            ],
            [
              -4.6064473,
              37.3669512
            ],
            [
              -4.6080781,
              37.3677016
            ],
            [
              -4.6156312,
              37.3654505
            ],
            [
              -4.6173478,
              37.3630628
            ],
            [
              -4.617262,
              37.360334
            ],
            [
              -4.6194077,
              37.3546032
            ],
            [
              -4.62636,
              37.3528976
            ],
            [
              -4.633484,
              37.353921
            ],
            [
              -4.6362306,
              37.3582192
            ],
            [
              -4.6384622,
              37.3599247
            ],
            [
              -4.6419812,
              37.3592425
            ],
            [
              -4.6447278,
              37.3583556
            ],
            [
              -4.6479035,
              37.35972
            ],
            [
              -4.6559716,
              37.3597883
            ],
            [
              -4.6620656,
              37.3606751
            ],
            [
              -4.6669579,
              37.363745
            ],
            [
              -4.6723653,
              37.3640861
            ],
            [
              -4.674511,
              37.3629264
            ],
            [
              -4.6776009,
              37.35972
            ],
            [
              -4.6810342,
              37.3586967
            ],
            [
              -4.6836949,
              37.3563089
            ],
            [
              -4.6854974,
              37.3529658
            ],
            [
              -4.6893598,
              37.3511918
            ],
            [
              -4.6975995,
              37.3505095
            ],
            [
              -4.703533,
              37.348272
            ],
            [
              -4.7039259,
              37.3466711
            ],
            [
              -4.7040031,
              37.3460932
            ],
            [
              -4.7039499,
              37.3457335
            ],
            [
              -4.7037862,
              37.3454835
            ],
            [
              -4.7035228,
              37.345316
            ],
            [
              -4.7016304,
              37.3460012
            ],
            [
              -4.7005181,
              37.3462335
            ],
            [
              -4.6991448,
              37.3464064
            ],
            [
              -4.6978938,
              37.3464965
            ],
            [
              -4.696898,
              37.3463936
            ],
            [
              -4.6949511,
              37.3456554
            ],
            [
              -4.6946756,
              37.3454521
            ],
            [
              -4.6945011,
              37.3452202
            ],
            [
              -4.6945151,
              37.3443368
            ],
            [
              -4.6943657,
              37.343717
            ],
            [
              -4.6939673,
              37.3430648
            ],
            [
              -4.693239,
              37.3423001
            ],
            [
              -4.6924144,
              37.3417712
            ],
            [
              -4.6916506,
              37.3414396
            ],
            [
              -4.6911193,
              37.3414021
            ],
            [
              -4.6895197,
              37.3415511
            ],
            [
              -4.6881996,
              37.341579
            ],
            [
              -4.6876678,
              37.3415235
            ],
            [
              -4.6870768,
              37.3413426
            ],
            [
              -4.686745,
              37.3411401
            ],
            [
              -4.6860105,
              37.340096
            ],
            [
              -4.6855122,
              37.3395173
            ],
            [
              -4.684534,
              37.338675
            ],
            [
              -4.6843558,
              37.338281
            ],
            [
              -4.6843559,
              37.3377763
            ],
            [
              -4.6852935,
              37.3362938
            ],
            [
              -4.6856838,
              37.3355763
            ],
            [
              -4.6859756,
              37.3344906
            ],
            [
              -4.6860441,
              37.3340209
            ],
            [
              -4.6862023,
              37.333523
            ],
            [
              -4.6863275,
              37.3330615
            ],
            [
              -4.6865372,
              37.3323465
            ],
            [
              -4.6867742,
              37.3318385
            ],
            [
              -4.6867486,
              37.3311989
            ],
            [
              -4.6862963,
              37.3306556
            ],
            [
              -4.6856556,
              37.3302682
            ],
            [
              -4.6849722,
              37.3299895
            ],
            [
              -4.6841345,
              37.3298752
            ],
            [
              -4.6831217,
              37.3300068
            ],
            [
              -4.6821342,
              37.3302642
            ],
            [
              -4.6815326,
              37.3306152
            ],
            [
              -4.6811916,
              37.3310166
            ],
            [
              -4.6810929,
              37.3316489
            ],
            [
              -4.6814943,
              37.33295
            ],
            [
              -4.6813576,
              37.3334026
            ],
            [
              -4.6811363,
              37.3341088
            ],
            [
              -4.6810373,
              37.3347321
            ],
            [
              -4.6807388,
              37.3355204
            ],
            [
              -4.6803545,
              37.3360036
            ],
            [
              -4.6798204,
              37.3363446
            ],
            [
              -4.6793172,
              37.336559
            ],
            [
              -4.6785749,
              37.3366777
            ],
            [
              -4.6775092,
              37.3364675
            ],
            [
              -4.6751104,
              37.3356903
            ],
            [
              -4.6741463,
              37.3354787
            ],
            [
              -4.6732527,
              37.3353921
            ],
            [
              -4.6724468,
              37.3351872
            ],
            [
              -4.6719118,
              37.3349875
            ],
            [
              -4.6711785,
              37.3344931
            ],
            [
              -4.6709237,
              37.3341993
            ],
            [
              -4.6707821,
              37.3339219
            ],
            [
              -4.6707957,
              37.3335161
            ],
            [
              -4.6707357,
              37.332841
            ],
            [
              -4.6709139,
              37.3322256
            ],
            [
              -4.6715413,
              37.3315048
            ],
            [
              -4.6724007,
              37.331069
            ],
            [
              -4.6731627,
              37.3308239
            ],
            [
              -4.6740749,
              37.3307299
            ],
            [
              -4.6772142,
              37.3313164
            ],
            [
              -4.6784227,
              37.3313533
            ],
            [
              -4.6790596,
              37.3310649
            ],
            [
              -4.6795559,
              37.3305441
            ],
            [
              -4.6795775,
              37.3299941
            ],
            [
              -4.6793644,
              37.3295465
            ],
            [
              -4.6785442,
              37.3292066
            ],
            [
              -4.6767508,
              37.3287453
            ],
            [
              -4.6752942,
              37.3282072
            ],
            [
              -4.67379,
              37.3275525
            ],
            [
              -4.6710925,
              37.3265271
            ],
            [
              -4.6697326,
              37.3257622
            ],
            [
              -4.6689382,
              37.3250524
            ],
            [
              -4.6684162,
              37.3244108
            ],
            [
              -4.6680596,
              37.3235957
            ],
            [
              -4.6678667,
              37.3225259
            ],
            [
              -4.6679097,
              37.3214077
            ],
            [
              -4.6680719,
              37.3205763
            ],
            [
              -4.6684385,
              37.319805
            ],
            [
              -4.6688325,
              37.3192497
            ],
            [
              -4.6695491,
              37.3189963
            ],
            [
              -4.6705094,
              37.3190458
            ],
            [
              -4.6718654,
              37.3196395
            ],
            [
              -4.6738751,
              37.3207017
            ],
            [
              -4.6749455,
              37.3211372
            ],
            [
              -4.6764628,
              37.321368
            ],
            [
              -4.6779022,
              37.3216451
            ],
            [
              -4.679213,
              37.3222303
            ],
            [
              -4.6802224,
              37.3229641
            ],
            [
              -4.6808503,
              37.3232886
            ],
            [
              -4.6814843,
              37.3233788
            ],
            [
              -4.6819662,
              37.3232277
            ],
            [
              -4.6821717,
              37.3228282
            ],
            [
              -4.6818436,
              37.3222831
            ],
            [
              -4.6808221,
              37.3215135
            ],
            [
              -4.6802168,
              37.3206839
            ],
            [
              -4.6795034,
              37.3195585
            ],
            [
              -4.6794162,
              37.3186855
            ],
            [
              -4.679642,
              37.3176729
            ],
            [
              -4.6798785,
              37.3171468
            ],
            [
              -4.6803896,
              37.316788
            ],
            [
              -4.6818713,
              37.3164335
            ],
            [
              -4.6831543,
              37.3162801
            ],
            [
              -4.6838599,
              37.3160448
            ],
            [
              -4.6840344,
              37.3157719
            ],
            [
              -4.6840703,
              37.3153568
            ],
            [
              -4.6837192,
              37.314794
            ],
            [
              -4.6802268,
              37.3099768
            ],
            [
              -4.679321,
              37.308818
            ],
            [
              -4.6787138,
              37.308403
            ],
            [
              -4.6778769,
              37.3083157
            ],
            [
              -4.6766506,
              37.3084773
            ],
            [
              -4.675591,
              37.309033
            ],
            [
              -4.6741652,
              37.3098643
            ],
            [
              -4.6728561,
              37.3103605
            ],
            [
              -4.6717065,
              37.3104218
            ],
            [
              -4.6704932,
              37.3101505
            ],
            [
              -4.6685845,
              37.3095556
            ],
            [
              -4.6649628,
              37.308543
            ],
            [
              -4.6637422,
              37.3079383
            ],
            [
              -4.6619827,
              37.3069446
            ],
            [
              -4.6604357,
              37.3058577
            ],
            [
              -4.6590081,
              37.3050756
            ],
            [
              -4.6586725,
              37.3046927
            ],
            [
              -4.6584719,
              37.30429
            ],
            [
              -4.6586981,
              37.3038001
            ],
            [
              -4.6593079,
              37.3033139
            ],
            [
              -4.6599894,
              37.3030069
            ],
            [
              -4.6610251,
              37.3029023
            ],
            [
              -4.661643,
              37.3027855
            ],
            [
              -4.6643407,
              37.3007918
            ],
            [
              -4.6653699,
              37.2998851
            ],
            [
              -4.6657737,
              37.2992666
            ],
            [
              -4.6658623,
              37.2986795
            ],
            [
              -4.6655538,
              37.2979898
            ],
            [
              -4.6647102,
              37.2970824
            ],
            [
              -4.664135,
              37.2965768
            ],
            [
              -4.6628751,
              37.2962249
            ],
            [
              -4.6615797,
              37.2958015
            ],
            [
              -4.6610419,
              37.2954575
            ],
            [
              -4.6606236,
              37.2949046
            ],
            [
              -4.6606135,
              37.2944451
            ],
            [
              -4.6609178,
              37.2939181
            ],
            [
              -4.6615779,
              37.2936655
            ],
            [
              -4.6625036,
              37.2936976
            ],
            [
              -4.6642532,
              37.2942588
            ],
            [
              -4.6697086,
              37.2971112
            ],
            [
              -4.6711819,
              37.2979286
            ],
            [
              -4.6720999,
              37.2986276
            ],
            [
              -4.6729436,
              37.299535
            ],
            [
              -4.6739895,
              37.3009172
            ],
            [
              -4.6743981,
              37.3015333
            ],
            [
              -4.6748202,
              37.3017437
            ],
            [
              -4.6752497,
              37.3017826
            ],
            [
              -4.6759205,
              37.3015028
            ],
            [
              -4.6766502,
              37.3008345
            ],
            [
              -4.6775158,
              37.2996777
            ],
            [
              -4.678261,
              37.29818
            ],
            [
              -4.6785294,
              37.2970586
            ],
            [
              -4.6783914,
              37.2964297
            ],
            [
              -4.6779539,
              37.2955256
            ],
            [
              -4.6776984,
              37.2936726
            ],
            [
              -4.6773208,
              37.2929209
            ],
            [
              -4.6764522,
              37.2919058
            ],
            [
              -4.676056,
              37.2913345
            ],
            [
              -4.6760796,
              37.2908746
            ],
            [
              -4.6763435,
              37.2905644
            ],
            [
              -4.6772329,
              37.2904887
            ],
            [
              -4.6793908,
              37.2906384
            ],
            [
              -4.6804726,
              37.290587
            ],
            [
              -4.6809422,
              37.2904001
            ],
            [
              -4.6810923,
              37.2900465
            ],
            [
              -4.6807756,
              37.2895012
            ],
            [
              -4.6801675,
              37.2890412
            ],
            [
              -4.6765399,
              37.2877226
            ],
            [
              -4.675265,
              37.2871999
            ],
            [
              -4.6743252,
              37.2870419
            ],
            [
              -4.6728152,
              37.2871083
            ],
            [
              -4.6715827,
              37.2869725
            ],
            [
              -4.668837,
              37.2857404
            ],
            [
              -4.6683864,
              37.2857648
            ],
            [
              -4.667711,
              37.2863421
            ],
            [
              -4.6671611,
              37.2869807
            ],
            [
              -4.6667839,
              37.2872654
            ],
            [
              -4.6663103,
              37.2872721
            ],
            [
              -4.6657749,
              37.2870363
            ],
            [
              -4.6646227,
              37.2859349
            ],
            [
              -4.6621155,
              37.2837439
            ],
            [
              -4.6618415,
              37.2830808
            ],
            [
              -4.6613212,
              37.2809611
            ],
            [
              -4.6606083,
              37.2803402
            ],
            [
              -4.6594398,
              37.2795184
            ],
            [
              -4.6589549,
              37.2790115
            ],
            [
              -4.657817,
              37.2770085
            ],
            [
              -4.6572443,
              37.276611
            ],
            [
              -4.656931,
              37.2762098
            ],
            [
              -4.6557066,
              37.2738566
            ],
            [
              -4.6551848,
              37.2732059
            ],
            [
              -4.6543116,
              37.2724701
            ],
            [
              -4.6540049,
              37.2718525
            ],
            [
              -4.654076,
              37.2704635
            ],
            [
              -4.6542088,
              37.2698308
            ],
            [
              -4.6548123,
              37.2690653
            ],
            [
              -4.6549601,
              37.2686036
            ],
            [
              -4.65487,
              37.2675774
            ],
            [
              -4.6548282,
              37.2656673
            ],
            [
              -4.6551508,
              37.2634007
            ],
            [
              -4.6552021,
              37.2621382
            ],
            [
              -4.6551555,
              37.261553
            ],
            [
              -4.6541993,
              37.2590789
            ],
            [
              -4.6539982,
              37.2576126
            ],
            [
              -4.6537819,
              37.2564891
            ],
            [
              -4.6533503,
              37.2558281
            ],
            [
              -4.6529616,
              37.2555812
            ],
            [
              -4.6520417,
              37.2547649
            ],
            [
              -4.6511813,
              37.2535692
            ],
            [
              -4.6504417,
              37.2527413
            ],
            [
              -4.6497176,
              37.2521115
            ],
            [
              -4.6491805,
              37.2512627
            ],
            [
              -4.6489494,
              37.2494544
            ],
            [
              -4.6486822,
              37.2490886
            ],
            [
              -4.6481007,
              37.2487903
            ],
            [
              -4.6472149,
              37.2484962
            ],
            [
              -4.646722,
              37.2481245
            ],
            [
              -4.6460402,
              37.2473589
            ],
            [
              -4.6453303,
              37.246855
            ],
            [
              -4.6396644,
              37.2412624
            ],
            [
              -4.6352217,
              37.2281843
            ],
            [
              -4.6362308,
              37.2226743
            ],
            [
              -4.6389774,
              37.2125584
            ],
            [
              -4.6444704,
              37.2002533
            ],
            [
              -4.6671297,
              37.1945103
            ],
            [
              -4.6755411,
              37.1912284
            ],
            [
              -4.6815492,
              37.1872625
            ],
            [
              -4.6870424,
              37.1771419
            ],
            [
              -4.6969988,
              37.1614111
            ],
            [
              -4.704552,
              37.1562126
            ],
            [
              -4.7117618,
              37.1422564
            ],
            [
              -4.7141651,
              37.1088605
            ],
            [
              -4.7186283,
              37.0962648
            ],
            [
              -4.7220615,
              37.0831193
            ],
            [
              -4.7357948,
              37.0743546
            ],
            [
              -4.7570808,
              37.0639448
            ],
            [
              -4.7811134,
              37.0475055
            ],
            [
              -4.8106391,
              37.0332552
            ],
            [
              -4.8415382,
              37.016261
            ],
            [
              -4.8758704,
              36.9998114
            ],
            [
              -4.9088294,
              36.9839067
            ],
            [
              -4.9548347,
              36.972936
            ],
            [
              -4.9884803,
              36.959769
            ],
            [
              -5.0118262,
              36.9570256
            ],
            [
              -5.0440986,
              36.959769
            ],
            [
              -5.0653846,
              36.9625123
            ],
            [
              -5.1065833,
              36.9723874
            ],
            [
              -5.1223762,
              36.9734845
            ],
            [
              -5.149842,
              36.9647069
            ],
            [
              -5.1738746,
              36.9575743
            ],
            [
              -5.1965339,
              36.9542821
            ],
            [
              -5.2267463,
              36.9542821
            ],
            [
              -5.2803046,
              36.9603177
            ],
            [
              -5.3002174,
              36.9636096
            ],
            [
              -5.3228767,
              36.9647069
            ],
            [
              -5.3565223,
              36.9570256
            ],
            [
              -5.3757484,
              36.9570256
            ],
            [
              -5.4128272,
              36.9531847
            ],
            [
              -5.4354865,
              36.9493436
            ],
            [
              -5.4505924,
              36.9419349
            ],
            [
              -5.4660419,
              36.9282137
            ],
            [
              -5.4828647,
              36.9114705
            ],
            [
              -5.4876712,
              36.9029603
            ],
            [
              -5.4962543,
              36.8993912
            ],
            [
              -5.5103305,
              36.8999403
            ],
            [
              -5.5230335,
              36.8903304
            ],
            [
              -5.5292133,
              36.880994
            ],
            [
              -5.5412296,
              36.871931
            ],
            [
              -5.549126,
              36.8623177
            ],
            [
              -5.5494693,
              36.8518789
            ],
            [
              -5.5498127,
              36.8340198
            ],
            [
              -5.5453495,
              36.817256
            ],
            [
              -5.539513,
              36.8145074
            ],
            [
              -5.52784,
              36.8084603
            ],
            [
              -5.5147937,
              36.801863
            ],
            [
              -5.5014036,
              36.7945776
            ],
            [
              -5.499344,
              36.7922406
            ],
            [
              -5.4923059,
              36.7888038
            ],
            [
              -5.4857828,
              36.7831672
            ],
            [
              -5.4821779,
              36.7765676
            ],
            [
              -5.4789163,
              36.7720301
            ],
            [
              -5.480633,
              36.7683174
            ],
            [
              -5.4820062,
              36.7606163
            ],
            [
              -5.4837229,
              36.7541524
            ],
            [
              -5.488701,
              36.7486507
            ],
            [
              -5.4984857,
              36.7397096
            ],
            [
              -5.5010607,
              36.7332439
            ],
            [
              -5.5032923,
              36.7265025
            ],
            [
              -5.5084421,
              36.721274
            ],
            [
              -5.5142786,
              36.720586
            ],
            [
              -5.5213167,
              36.7183845
            ],
            [
              -5.5292131,
              36.7115041
            ],
            [
              -5.5352213,
              36.7105408
            ],
            [
              -5.5403711,
              36.709027
            ],
            [
              -5.5410578,
              36.7065499
            ],
            [
              -5.5374529,
              36.702834
            ],
            [
              -5.5326464,
              36.7009071
            ],
            [
              -5.5297281,
              36.698705
            ],
            [
              -5.5269815,
              36.6959522
            ],
            [
              -5.5247499,
              36.6927864
            ],
            [
              -5.5266382,
              36.6900334
            ],
            [
              -5.5304148,
              36.6892075
            ],
            [
              -5.532818,
              36.6861791
            ],
            [
              -5.5324747,
              36.6806725
            ],
            [
              -5.5336765,
              36.6769555
            ],
            [
              -5.5377964,
              36.671173
            ],
            [
              -5.5432895,
              36.6664915
            ],
            [
              -5.5546192,
              36.6631868
            ],
            [
              -5.5594257,
              36.661259
            ],
            [
              -5.5635456,
              36.6527209
            ],
            [
              -5.5666355,
              36.6441819
            ],
            [
              -5.5752185,
              36.6441819
            ],
            [
              -5.5872348,
              36.6428045
            ],
            [
              -5.592728,
              36.6389478
            ],
            [
              -5.5992511,
              36.6337134
            ],
            [
              -5.5995945,
              36.6273765
            ],
            [
              -5.5941013,
              36.6210391
            ],
            [
              -5.5920414,
              36.6094651
            ],
            [
              -5.592728,
              36.5987163
            ],
            [
              -5.5992511,
              36.5824524
            ],
            [
              -5.6009678,
              36.5750085
            ],
            [
              -5.5975345,
              36.5592911
            ],
            [
              -5.5992511,
              36.5482595
            ],
            [
              -5.603371,
              36.533916
            ],
            [
              -5.603371,
              36.525088
            ],
            [
              -5.6016544,
              36.5170867
            ],
            [
              -5.5968479,
              36.5049452
            ],
            [
              -5.5941013,
              36.4939058
            ],
            [
              -5.5941013,
              36.4765156
            ],
            [
              -5.5872348,
              36.4596737
            ],
            [
              -5.5838016,
              36.4480756
            ],
            [
              -5.5851752,
              36.421283
            ],
            [
              -5.5856897,
              36.3915787
            ],
            [
              -5.586033,
              36.3828726
            ],
            [
              -5.5825998,
              36.3718158
            ],
            [
              -5.5796816,
              36.3660104
            ],
            [
              -5.5800249,
              36.3597898
            ],
            [
              -5.5743601,
              36.3469324
            ],
            [
              -5.5716135,
              36.3394658
            ],
            [
              -5.5676653,
              36.3354557
            ],
            [
              -5.5611421,
              36.3275731
            ],
            [
              -5.555134,
              36.3201046
            ],
            [
              -5.5498125,
              36.3165085
            ],
            [
              -5.5451776,
              36.3131888
            ],
            [
              -5.5426027,
              36.3095923
            ],
            [
              -5.5426027,
              36.3044739
            ],
            [
              -5.5465509,
              36.3019838
            ],
            [
              -5.5527307,
              36.2881482
            ],
            [
              -5.5565073,
              36.2810912
            ],
            [
              -5.555134,
              36.278877
            ],
            [
              -5.5475809,
              36.2763861
            ],
            [
              -5.5376245,
              36.2747254
            ],
            [
              -5.5297281,
              36.2719575
            ],
            [
              -5.522175,
              36.2707119
            ],
            [
              -5.5213169,
              36.2639303
            ],
            [
              -5.5240635,
              36.2561789
            ],
            [
              -5.5285266,
              36.2423352
            ],
            [
              -5.5347065,
              36.2279352
            ],
            [
              -5.5450061,
              36.222673
            ],
            [
              -5.5391697,
              36.2104855
            ],
            [
              -5.5298999,
              36.1872131
            ],
            [
              -5.5319599,
              36.1755743
            ],
            [
              -5.5264667,
              36.1661512
            ],
            [
              -5.5257801,
              36.1586673
            ],
            [
              -5.5319599,
              36.1445291
            ],
            [
              -5.5367664,
              36.1314976
            ],
            [
              -5.5367664,
              36.1151358
            ],
            [
              -5.5347065,
              36.1059828
            ],
            [
              -5.5333332,
              36.0943319
            ],
            [
              -5.5309299,
              36.0862863
            ],
            [
              -5.5254367,
              36.0790723
            ],
            [
              -5.5175403,
              36.0704701
            ],
            [
              -5.5089573,
              36.0571487
            ],
            [
              -5.4958531,
              36.0506708
            ],
            [
              -5.4910957,
              36.0435793
            ],
            [
              -5.4758241,
              36.0110292
            ],
            [
              -5.4659159,
              36.0098827
            ],
            [
              -5.4623339,
              36.0102962
            ],
            [
              -5.461919,
              36.0102757
            ],
            [
              -5.4606588,
              36.0104896
            ],
            [
              -5.4513132,
              36.0115684
            ],
            [
              -5.4488933,
              36.012486
            ],
            [
              -5.44787,
              36.0127778
            ],
            [
              -5.445567,
              36.0137473
            ],
            [
              -5.4379573,
              36.0166328
            ],
            [
              -5.4377436,
              36.016789
            ],
            [
              -5.4372297,
              36.0169567
            ],
            [
              -5.4361921,
              36.0176106
            ],
            [
              -5.4343745,
              36.0178996
            ],
            [
              -5.4211185,
              36.0240839
            ],
            [
              -5.4210466,
              36.0240062
            ],
            [
              -5.41675,
              36.0267467
            ],
            [
              -5.4071697,
              36.0359413
            ],
            [
              -5.3979599,
              36.0410262
            ],
            [
              -5.3907762,
              36.0480058
            ],
            [
              -5.3905978,
              36.0479007
            ],
            [
              -5.3885444,
              36.0502722
            ],
            [
              -5.3877649,
              36.0512389
            ],
            [
              -5.3863876,
              36.0536337
            ],
            [
              -5.3795621,
              36.0629208
            ],
            [
              -5.3746839,
              36.0771049
            ],
            [
              -5.3611067,
              36.0705963
            ],
            [
              -5.359808,
              36.0703214
            ],
            [
              -5.3525867,
              36.0692447
            ],
            [
              -5.351621,
              36.0691595
            ],
            [
              -5.334194,
              36.070106
            ],
            [
              -5.3332441,
              36.0702963
            ],
            [
              -5.3179268,
              36.0756943
            ],
            [
              -5.3056725,
              36.0848755
            ],
            [
              -5.2978546,
              36.0968094
            ],
            [
              -5.2971408,
              36.100613
            ],
            [
              -5.2966215,
              36.1014939
            ],
            [
              -5.2964694,
              36.1019929
            ],
            [
              -5.2954909,
              36.1034757
            ],
            [
              -5.2931704,
              36.1123246
            ],
            [
              -5.2925782,
              36.1135674
            ],
            [
              -5.2910424,
              36.1230123
            ],
            [
              -5.2909852,
              36.1250456
            ],
            [
              -5.2917481,
              36.1289179
            ],
            [
              -5.2913123,
              36.1309815
            ],
            [
              -5.2908663,
              36.1323253
            ],
            [
              -5.2896166,
              36.137485
            ],
            [
              -5.2894147,
              36.1387522
            ],
            [
              -5.2900443,
              36.1388176
            ],
            [
              -5.2887942,
              36.1470056
            ],
            [
              -5.2895955,
              36.1496599
            ],
            [
              -5.2895036,
              36.1500671
            ],
            [
              -5.2894541,
              36.1507747
            ],
            [
              -5.2890582,
              36.1529999
            ],
            [
              -5.2883374,
              36.1601437
            ],
            [
              -5.2882073,
              36.160677
            ],
            [
              -5.2879476,
              36.1631203
            ],
            [
              -5.2875902,
              36.1647433
            ],
            [
              -5.2863976,
              36.1665804
            ],
            [
              -5.2837073,
              36.1785642
            ],
            [
              -5.2837666,
              36.1789476
            ],
            [
              -5.2834911,
              36.1798122
            ],
            [
              -5.2831308,
              36.1812998
            ],
            [
              -5.282683,
              36.1824354
            ],
            [
              -5.2829058,
              36.1817559
            ],
            [
              -5.2821622,
              36.1837399
            ],
            [
              -5.2813798,
              36.1860566
            ],
            [
              -5.2814429,
              36.18607
            ],
            [
              -5.2814037,
              36.186197
            ],
            [
              -5.2808723,
              36.1873769
            ],
            [
              -5.280522,
              36.1883566
            ],
            [
              -5.2806862,
              36.1883948
            ],
            [
              -5.2801712,
              36.1899727
            ],
            [
              -5.2799892,
              36.1899267
            ],
            [
              -5.2798016,
              36.1904096
            ],
            [
              -5.2790078,
              36.1926701
            ],
            [
              -5.2790979,
              36.1926893
            ],
            [
              -5.2788886,
              36.193387
            ],
            [
              -5.2787217,
              36.1936493
            ],
            [
              -5.2782663,
              36.1947656
            ],
            [
              -5.2768012,
              36.1987773
            ],
            [
              -5.2765572,
              36.1995222
            ],
            [
              -5.2766473,
              36.1995415
            ],
            [
              -5.2765959,
              36.1997309
            ],
            [
              -5.2760701,
              36.2011992
            ],
            [
              -5.2757548,
              36.2021606
            ],
            [
              -5.2757948,
              36.2021692
            ],
            [
              -5.2751585,
              36.2032717
            ],
            [
              -5.2749127,
              36.204079
            ],
            [
              -5.2742849,
              36.20574
            ],
            [
              -5.2743254,
              36.2057502
            ],
            [
              -5.2742783,
              36.2058939
            ],
            [
              -5.274337,
              36.2059064
            ],
            [
              -5.2740112,
              36.2069213
            ],
            [
              -5.2738016,
              36.2068684
            ],
            [
              -5.2726041,
              36.2101608
            ],
            [
              -5.2611792,
              36.2182256
            ],
            [
              -5.2591146,
              36.2202018
            ],
            [
              -5.2565601,
              36.2230121
            ],
            [
              -5.2564657,
              36.2229565
            ],
            [
              -5.2558029,
              36.2236883
            ],
            [
              -5.255538,
              36.2241365
            ],
            [
              -5.2543656,
              36.2254682
            ],
            [
              -5.2546061,
              36.2255887
            ],
            [
              -5.2526359,
              36.2285745
            ],
            [
              -5.2525048,
              36.2285087
            ],
            [
              -5.2514693,
              36.2298513
            ],
            [
              -5.2508125,
              36.2313377
            ],
            [
              -5.2485152,
              36.234819
            ],
            [
              -5.2479861,
              36.2359981
            ],
            [
              -5.2464064,
              36.2383328
            ],
            [
              -5.2435698,
              36.2440727
            ],
            [
              -5.2424004,
              36.2465903
            ],
            [
              -5.2407247,
              36.2505528
            ],
            [
              -5.240363,
              36.2515516
            ],
            [
              -5.2404191,
              36.2515652
            ],
            [
              -5.2398804,
              36.2533503
            ],
            [
              -5.2397267,
              36.2533063
            ],
            [
              -5.2383284,
              36.2565562
            ],
            [
              -5.2299025,
              36.2633411
            ],
            [
              -5.2288504,
              36.2649936
            ],
            [
              -5.227699,
              36.2660118
            ],
            [
              -5.2249012,
              36.2711964
            ],
            [
              -5.2228237,
              36.2744593
            ],
            [
              -5.2225859,
              36.2750409
            ],
            [
              -5.2224527,
              36.2757335
            ],
            [
              -5.2220049,
              36.2765632
            ],
            [
              -5.2214887,
              36.276718
            ],
            [
              -5.2073142,
              36.2872518
            ],
            [
              -5.2070594,
              36.2875324
            ],
            [
              -5.1995876,
              36.2995837
            ],
            [
              -5.1990143,
              36.3011031
            ],
            [
              -5.1979498,
              36.3044288
            ],
            [
              -5.1976404,
              36.3055999
            ],
            [
              -5.1952387,
              36.3095397
            ],
            [
              -5.1947111,
              36.3110086
            ],
            [
              -5.1936819,
              36.3142684
            ],
            [
              -5.1937187,
              36.3142777
            ],
            [
              -5.1937013,
              36.3143464
            ],
            [
              -5.19358,
              36.314551
            ],
            [
              -5.1933349,
              36.3152956
            ],
            [
              -5.1934551,
              36.3153213
            ],
            [
              -5.1932756,
              36.3161811
            ],
            [
              -5.1929256,
              36.3160925
            ],
            [
              -5.191258,
              36.3207
            ],
            [
              -5.1914864,
              36.3207488
            ],
            [
              -5.1905566,
              36.3228787
            ],
            [
              -5.1904825,
              36.3228599
            ],
            [
              -5.1898983,
              36.3244426
            ],
            [
              -5.1892108,
              36.3259627
            ],
            [
              -5.188859,
              36.3269419
            ],
            [
              -5.1884692,
              36.3287772
            ],
            [
              -5.1875139,
              36.3314406
            ],
            [
              -5.1866761,
              36.334085
            ],
            [
              -5.1831603,
              36.3383969
            ],
            [
              -5.1799761,
              36.3484459
            ],
            [
              -5.1792989,
              36.3499691
            ],
            [
              -5.1782847,
              36.3505128
            ],
            [
              -5.1706708,
              36.3577995
            ],
            [
              -5.1705182,
              36.3577095
            ],
            [
              -5.1699493,
              36.3583356
            ],
            [
              -5.1697372,
              36.3586928
            ],
            [
              -5.1691887,
              36.3592178
            ],
            [
              -5.1684448,
              36.3601785
            ],
            [
              -5.1685909,
              36.3602519
            ],
            [
              -5.1671874,
              36.3619285
            ],
            [
              -5.1670398,
              36.3618414
            ],
            [
              -5.1657492,
              36.3632983
            ],
            [
              -5.1651605,
              36.3640359
            ],
            [
              -5.1649307,
              36.3641701
            ],
            [
              -5.1571932,
              36.3715185
            ],
            [
              -5.156814,
              36.371912
            ],
            [
              -5.1568507,
              36.3719366
            ],
            [
              -5.156541,
              36.3723149
            ],
            [
              -5.1544332,
              36.3740247
            ],
            [
              -5.1466531,
              36.3750088
            ],
            [
              -5.1378687,
              36.3784839
            ],
            [
              -5.127931,
              36.3814503
            ],
            [
              -5.1197678,
              36.3875007
            ],
            [
              -5.1180499,
              36.3883968
            ],
            [
              -5.1176752,
              36.388741
            ],
            [
              -5.1170754,
              36.388859
            ],
            [
              -5.1171383,
              36.3890659
            ],
            [
              -5.1121922,
              36.3898963
            ],
            [
              -5.1065441,
              36.3906832
            ],
            [
              -5.1046406,
              36.3912151
            ],
            [
              -5.1000312,
              36.3932851
            ],
            [
              -5.0959751,
              36.394284
            ],
            [
              -5.094809,
              36.3947189
            ],
            [
              -5.0919723,
              36.3961467
            ],
            [
              -5.0904592,
              36.3964962
            ],
            [
              -5.090147,
              36.3966397
            ],
            [
              -5.089139,
              36.3968924
            ],
            [
              -5.0863184,
              36.3983992
            ],
            [
              -5.0801112,
              36.4012519
            ],
            [
              -5.0772764,
              36.4029961
            ],
            [
              -5.0760628,
              36.4037917
            ],
            [
              -5.0761051,
              36.4038336
            ],
            [
              -5.0725238,
              36.4064055
            ],
            [
              -5.0686517,
              36.4081845
            ],
            [
              -5.0670656,
              36.4091315
            ],
            [
              -5.0655119,
              36.410223
            ],
            [
              -5.0592809,
              36.4102481
            ],
            [
              -5.0438015,
              36.4123141
            ],
            [
              -5.0400473,
              36.4138871
            ],
            [
              -5.0313265,
              36.4159832
            ],
            [
              -5.021908,
              36.42065
            ],
            [
              -5.0086703,
              36.4191155
            ],
            [
              -5.0063998,
              36.4191592
            ],
            [
              -4.9945528,
              36.4205426
            ],
            [
              -4.9834559,
              36.4241562
            ],
            [
              -4.9818396,
              36.4248747
            ],
            [
              -4.977841,
              36.4277004
            ],
            [
              -4.9711999,
              36.4316491
            ],
            [
              -4.9711521,
              36.4315971
            ],
            [
              -4.9681845,
              36.4334203
            ],
            [
              -4.9614699,
              36.437142
            ],
            [
              -4.9592764,
              36.4386342
            ],
            [
              -4.9586277,
              36.4392358
            ],
            [
              -4.9574378,
              36.4398685
            ],
            [
              -4.956173,
              36.4407715
            ],
            [
              -4.9554851,
              36.4413254
            ],
            [
              -4.9554366,
              36.4412726
            ],
            [
              -4.9543488,
              36.4419363
            ],
            [
              -4.9512857,
              36.4430525
            ],
            [
              -4.9483205,
              36.4430024
            ],
            [
              -4.9349641,
              36.4458207
            ],
            [
              -4.9332265,
              36.4464039
            ],
            [
              -4.9284316,
              36.4489282
            ],
            [
              -4.9271905,
              36.449295
            ],
            [
              -4.9242882,
              36.4511094
            ],
            [
              -4.9179278,
              36.4544577
            ],
            [
              -4.9166582,
              36.4558794
            ],
            [
              -4.9150765,
              36.4568682
            ],
            [
              -4.9118697,
              36.4606264
            ],
            [
              -4.9097397,
              36.4628226
            ],
            [
              -4.9090832,
              36.4630308
            ],
            [
              -4.9027465,
              36.4645201
            ],
            [
              -4.8984724,
              36.4665702
            ],
            [
              -4.8961251,
              36.4660649
            ],
            [
              -4.8822488,
              36.4662595
            ],
            [
              -4.8777689,
              36.4669584
            ],
            [
              -4.8769549,
              36.4671162
            ],
            [
              -4.8769923,
              36.4672411
            ],
            [
              -4.8746097,
              36.4669347
            ],
            [
              -4.8727769,
              36.4669675
            ],
            [
              -4.8675293,
              36.4675166
            ],
            [
              -4.8650827,
              36.4673763
            ],
            [
              -4.8632311,
              36.4663997
            ],
            [
              -4.8558198,
              36.4649665
            ],
            [
              -4.8558831,
              36.464802
            ],
            [
              -4.8552983,
              36.4646564
            ],
            [
              -4.8518228,
              36.4639701
            ],
            [
              -4.8491454,
              36.4633721
            ],
            [
              -4.8491354,
              36.4634035
            ],
            [
              -4.8455706,
              36.4626847
            ],
            [
              -4.8441101,
              36.4624577
            ],
            [
              -4.8403675,
              36.4619938
            ],
            [
              -4.8394131,
              36.4619052
            ],
            [
              -4.8393974,
              36.4620145
            ],
            [
              -4.8375642,
              36.4617787
            ],
            [
              -4.8337658,
              36.4609824
            ],
            [
              -4.8317823,
              36.4606372
            ],
            [
              -4.8317384,
              36.4608002
            ],
            [
              -4.8262762,
              36.4597559
            ],
            [
              -4.8249153,
              36.459569
            ],
            [
              -4.8239898,
              36.4593052
            ],
            [
              -4.8228022,
              36.4590341
            ],
            [
              -4.8205314,
              36.4587416
            ],
            [
              -4.8151624,
              36.4575384
            ],
            [
              -4.8098931,
              36.4561848
            ],
            [
              -4.8065163,
              36.4554208
            ],
            [
              -4.8025491,
              36.4546598
            ],
            [
              -4.7990264,
              36.4536831
            ],
            [
              -4.799046,
              36.4536324
            ],
            [
              -4.7984614,
              36.4534863
            ],
            [
              -4.7984468,
              36.453524
            ],
            [
              -4.796924,
              36.4531059
            ],
            [
              -4.7969469,
              36.4530466
            ],
            [
              -4.7928673,
              36.452101
            ],
            [
              -4.7909161,
              36.4517362
            ],
            [
              -4.7892721,
              36.451267
            ],
            [
              -4.7878558,
              36.4509431
            ],
            [
              -4.7859879,
              36.4504098
            ],
            [
              -4.7848006,
              36.4501382
            ],
            [
              -4.7823174,
              36.4498174
            ],
            [
              -4.7805563,
              36.4494356
            ],
            [
              -4.7778942,
              36.4489699
            ],
            [
              -4.7720194,
              36.4477506
            ],
            [
              -4.7683488,
              36.447161
            ],
            [
              -4.76833,
              36.4472391
            ],
            [
              -4.7647233,
              36.4464748
            ],
            [
              -4.763201,
              36.4462088
            ],
            [
              -4.7589313,
              36.4458178
            ],
            [
              -4.7559479,
              36.4445479
            ],
            [
              -4.7404857,
              36.4423999
            ],
            [
              -4.7249585,
              36.44422
            ],
            [
              -4.7181297,
              36.4469442
            ],
            [
              -4.714514,
              36.4470056
            ],
            [
              -4.7127954,
              36.4472214
            ],
            [
              -4.7091294,
              36.4477857
            ],
            [
              -4.699219,
              36.4487331
            ],
            [
              -4.6939833,
              36.4504323
            ],
            [
              -4.6923305,
              36.4505475
            ],
            [
              -4.6922771,
              36.4502717
            ],
            [
              -4.6891279,
              36.4507233
            ],
            [
              -4.6883059,
              36.4508625
            ],
            [
              -4.6849458,
              36.4519088
            ],
            [
              -4.677752,
              36.4529883
            ],
            [
              -4.6687569,
              36.4570718
            ],
            [
              -4.6647163,
              36.4583272
            ],
            [
              -4.6633722,
              36.4590401
            ],
            [
              -4.6546438,
              36.4661989
            ],
            [
              -4.6484161,
              36.4669536
            ],
            [
              -4.6463683,
              36.466591
            ],
            [
              -4.6431798,
              36.4669338
            ],
            [
              -4.6404591,
              36.4669502
            ],
            [
              -4.6323085,
              36.4677436
            ],
            [
              -4.6322801,
              36.467596
            ],
            [
              -4.6315595,
              36.4676858
            ],
            [
              -4.6306134,
              36.4679086
            ],
            [
              -4.6292854,
              36.4680378
            ],
            [
              -4.6283795,
              36.4682111
            ],
            [
              -4.6284413,
              36.46842
            ],
            [
              -4.6190448,
              36.4706322
            ],
            [
              -4.6079063,
              36.4760845
            ],
            [
              -4.6068025,
              36.4767991
            ],
            [
              -4.5963633,
              36.4860533
            ],
            [
              -4.5953606,
              36.4872828
            ],
            [
              -4.5922154,
              36.491735
            ],
            [
              -4.5918845,
              36.4922819
            ],
            [
              -4.5870282,
              36.4984827
            ],
            [
              -4.5860014,
              36.5001791
            ],
            [
              -4.5839447,
              36.5045775
            ],
            [
              -4.5831035,
              36.5058175
            ],
            [
              -4.5830457,
              36.5057994
            ],
            [
              -4.5828869,
              36.5061268
            ],
            [
              -4.5822687,
              36.5070098
            ],
            [
              -4.5819813,
              36.5078748
            ],
            [
              -4.5810985,
              36.5095136
            ],
            [
              -4.5807176,
              36.5106414
            ],
            [
              -4.5791769,
              36.5134708
            ],
            [
              -4.5786267,
              36.5147466
            ],
            [
              -4.5747018,
              36.5186012
            ],
            [
              -4.5742291,
              36.5192708
            ],
            [
              -4.5688543,
              36.5305906
            ],
            [
              -4.5687266,
              36.5322624
            ],
            [
              -4.568457,
              36.5323809
            ],
            [
              -4.5658569,
              36.5346296
            ],
            [
              -4.565199,
              36.5349686
            ],
            [
              -4.5638791,
              36.5358788
            ],
            [
              -4.5624441,
              36.5372121
            ],
            [
              -4.5590453,
              36.5381357
            ],
            [
              -4.5585241,
              36.5383377
            ],
            [
              -4.5582652,
              36.5383574
            ],
            [
              -4.5582272,
              36.5381592
            ],
            [
              -4.5571118,
              36.5382973
            ],
            [
              -4.5561812,
              36.5385154
            ],
            [
              -4.5553271,
              36.5385801
            ],
            [
              -4.5543212,
              36.5387716
            ],
            [
              -4.5543707,
              36.5389397
            ],
            [
              -4.5495123,
              36.5400785
            ],
            [
              -4.5450699,
              36.5395364
            ],
            [
              -4.5426709,
              36.5394501
            ],
            [
              -4.5280713,
              36.5406607
            ],
            [
              -4.5145412,
              36.5452306
            ],
            [
              -4.5140817,
              36.5455373
            ],
            [
              -4.5108992,
              36.5466219
            ],
            [
              -4.5088422,
              36.5475881
            ],
            [
              -4.4991603,
              36.5541295
            ],
            [
              -4.4972279,
              36.554377
            ],
            [
              -4.4837397,
              36.5597587
            ],
            [
              -4.4728641,
              36.5681266
            ],
            [
              -4.4706963,
              36.5703912
            ],
            [
              -4.469222,
              36.5718461
            ],
            [
              -4.4611216,
              36.5832427
            ],
            [
              -4.4592873,
              36.5909104
            ],
            [
              -4.4591437,
              36.5910875
            ],
            [
              -4.4590865,
              36.5910622
            ],
            [
              -4.4587429,
              36.5915635
            ],
            [
              -4.4583517,
              36.5918651
            ],
            [
              -4.4515244,
              36.6010497
            ],
            [
              -4.4509628,
              36.6026764
            ],
            [
              -4.4508803,
              36.6027571
            ],
            [
              -4.4507666,
              36.6027068
            ],
            [
              -4.4504309,
              36.6031962
            ],
            [
              -4.4492596,
              36.6043409
            ],
            [
              -4.4472594,
              36.6080592
            ],
            [
              -4.4462948,
              36.6092246
            ],
            [
              -4.4451303,
              36.61086
            ],
            [
              -4.4439309,
              36.6120481
            ],
            [
              -4.4436627,
              36.6125411
            ],
            [
              -4.442157,
              36.6143897
            ],
            [
              -4.4413587,
              36.6158375
            ],
            [
              -4.4402397,
              36.6171424
            ],
            [
              -4.4400954,
              36.6172507
            ],
            [
              -4.4371865,
              36.6206999
            ],
            [
              -4.4357935,
              36.6222014
            ],
            [
              -4.4326618,
              36.6252877
            ],
            [
              -4.429432,
              36.628883
            ],
            [
              -4.4293273,
              36.6288205
            ],
            [
              -4.4267439,
              36.6316042
            ],
            [
              -4.4208364,
              36.6356186
            ],
            [
              -4.4116417,
              36.6453564
            ],
            [
              -4.4099418,
              36.6474587
            ],
            [
              -4.4088097,
              36.64908
            ],
            [
              -4.4075509,
              36.6515421
            ],
            [
              -4.4056496,
              36.6540941
            ],
            [
              -4.4052262,
              36.6553175
            ],
            [
              -4.4049276,
              36.6557827
            ],
            [
              -4.405048,
              36.6558325
            ],
            [
              -4.4047546,
              36.6566805
            ],
            [
              -4.4022746,
              36.6599839
            ],
            [
              -4.4018692,
              36.6611934
            ],
            [
              -4.4010347,
              36.6632638
            ],
            [
              -4.398571,
              36.6661882
            ],
            [
              -4.398531,
              36.6663093
            ],
            [
              -4.393002,
              36.6683966
            ],
            [
              -4.3823107,
              36.6760364
            ],
            [
              -4.3790714,
              36.6802254
            ],
            [
              -4.3741651,
              36.679595
            ],
            [
              -4.3712463,
              36.6790569
            ],
            [
              -4.3695241,
              36.6789987
            ],
            [
              -4.3684369,
              36.678859
            ],
            [
              -4.3668701,
              36.678474
            ],
            [
              -4.3652404,
              36.6784921
            ],
            [
              -4.3603276,
              36.6765176
            ],
            [
              -4.3603518,
              36.6764634
            ],
            [
              -4.3595613,
              36.6762096
            ],
            [
              -4.3561729,
              36.6753339
            ],
            [
              -4.3547855,
              36.6747766
            ],
            [
              -4.3538951,
              36.6745596
            ],
            [
              -4.3384511,
              36.6728376
            ],
            [
              -4.3365932,
              36.6728655
            ],
            [
              -4.334865,
              36.6724063
            ],
            [
              -4.3181924,
              36.6726175
            ],
            [
              -4.3173279,
              36.6728718
            ],
            [
              -4.3158025,
              36.672872
            ],
            [
              -4.3139582,
              36.6730281
            ],
            [
              -4.3130973,
              36.6730523
            ],
            [
              -4.3122145,
              36.6731757
            ],
            [
              -4.3062672,
              36.673679
            ],
            [
              -4.3062592,
              36.6736414
            ],
            [
              -4.3042315,
              36.673953
            ],
            [
              -4.3042545,
              36.6740393
            ],
            [
              -4.3039841,
              36.6741017
            ],
            [
              -4.2888492,
              36.6733308
            ],
            [
              -4.2877397,
              36.6734823
            ],
            [
              -4.2846164,
              36.6742538
            ],
            [
              -4.2843836,
              36.6742294
            ],
            [
              -4.2843738,
              36.6742897
            ],
            [
              -4.2790999,
              36.6734515
            ],
            [
              -4.2786867,
              36.6733549
            ],
            [
              -4.2749791,
              36.6727965
            ],
            [
              -4.2719217,
              36.672562
            ],
            [
              -4.2697479,
              36.6723073
            ],
            [
              -4.2673424,
              36.6718809
            ],
            [
              -4.264734,
              36.6715881
            ],
            [
              -4.2606392,
              36.6715929
            ],
            [
              -4.2582932,
              36.6712704
            ],
            [
              -4.2576532,
              36.6713131
            ],
            [
              -4.2556879,
              36.6712038
            ],
            [
              -4.2556797,
              36.6713253
            ],
            [
              -4.2524498,
              36.67093
            ],
            [
              -4.2511124,
              36.6709226
            ],
            [
              -4.2486772,
              36.6706487
            ],
            [
              -4.2469384,
              36.670673
            ],
            [
              -4.2426346,
              36.6712866
            ],
            [
              -4.2349531,
              36.6719877
            ],
            [
              -4.2349429,
              36.6719392
            ],
            [
              -4.2307131,
              36.6725675
            ],
            [
              -4.2279199,
              36.672822
            ],
            [
              -4.2279115,
              36.6727826
            ],
            [
              -4.2258974,
              36.6730905
            ],
            [
              -4.2259229,
              36.6731869
            ],
            [
              -4.225097,
              36.6733946
            ],
            [
              -4.2214751,
              36.6737007
            ],
            [
              -4.2202301,
              36.6737046
            ],
            [
              -4.2159703,
              36.6742019
            ],
            [
              -4.2113815,
              36.6746401
            ],
            [
              -4.2113791,
              36.6745243
            ],
            [
              -4.2095104,
              36.6745498
            ],
            [
              -4.2072554,
              36.6747547
            ],
            [
              -4.2063073,
              36.6747056
            ],
            [
              -4.2055386,
              36.6748099
            ],
            [
              -4.2033394,
              36.6748845
            ],
            [
              -4.2008403,
              36.6751362
            ],
            [
              -4.2000062,
              36.6751636
            ],
            [
              -4.1968679,
              36.6754794
            ],
            [
              -4.1961169,
              36.6753859
            ],
            [
              -4.1920881,
              36.6756696
            ],
            [
              -4.1875797,
              36.6754079
            ],
            [
              -4.1875662,
              36.6756051
            ],
            [
              -4.1828698,
              36.6750735
            ],
            [
              -4.1802854,
              36.675108
            ],
            [
              -4.1780608,
              36.6754286
            ],
            [
              -4.1700916,
              36.6761501
            ],
            [
              -4.1700792,
              36.6760912
            ],
            [
              -4.1680563,
              36.6763993
            ],
            [
              -4.1680819,
              36.6764965
            ],
            [
              -4.1654912,
              36.6771465
            ],
            [
              -4.1654636,
              36.6770148
            ],
            [
              -4.164924,
              36.6770878
            ],
            [
              -4.1631361,
              36.6775984
            ],
            [
              -4.1592932,
              36.6781433
            ],
            [
              -4.1574213,
              36.6786634
            ],
            [
              -4.1576191,
              36.6791215
            ],
            [
              -4.1518758,
              36.680661
            ],
            [
              -4.1504598,
              36.6806644
            ],
            [
              -4.141345,
              36.6814381
            ],
            [
              -4.1413343,
              36.6813869
            ],
            [
              -4.1408352,
              36.6814543
            ],
            [
              -4.1392493,
              36.6814626
            ],
            [
              -4.1351129,
              36.6825433
            ],
            [
              -4.1334691,
              36.6828095
            ],
            [
              -4.1334946,
              36.6829067
            ],
            [
              -4.1326202,
              36.6831561
            ],
            [
              -4.1296209,
              36.6836075
            ],
            [
              -4.1264464,
              36.6839246
            ],
            [
              -4.1264365,
              36.6838775
            ],
            [
              -4.12437,
              36.6841748
            ],
            [
              -4.1233563,
              36.6842659
            ],
            [
              -4.1214248,
              36.6842905
            ],
            [
              -4.1138915,
              36.6849675
            ],
            [
              -4.1131024,
              36.6850189
            ],
            [
              -4.1130948,
              36.6849824
            ],
            [
              -4.112563,
              36.685054
            ],
            [
              -4.1080818,
              36.6853459
            ],
            [
              -4.108069,
              36.6852848
            ],
            [
              -4.1055701,
              36.6856472
            ],
            [
              -4.1029618,
              36.6858816
            ],
            [
              -4.1029517,
              36.6858331
            ],
            [
              -4.0991625,
              36.6864047
            ],
            [
              -4.0991838,
              36.6864861
            ],
            [
              -4.0888169,
              36.6889381
            ],
            [
              -4.0852192,
              36.6906214
            ],
            [
              -4.0851153,
              36.6904609
            ],
            [
              -4.0825067,
              36.6915457
            ],
            [
              -4.0813547,
              36.6921222
            ],
            [
              -4.0806341,
              36.6923025
            ],
            [
              -4.0692623,
              36.698206
            ],
            [
              -4.0667548,
              36.70048
            ],
            [
              -4.0666663,
              36.7004059
            ],
            [
              -4.065319,
              36.7014393
            ],
            [
              -4.060274,
              36.7060777
            ],
            [
              -4.0600787,
              36.7060465
            ],
            [
              -4.0599813,
              36.7063468
            ],
            [
              -4.0571191,
              36.7059902
            ],
            [
              -4.0571289,
              36.7059524
            ],
            [
              -4.0556712,
              36.7057081
            ],
            [
              -4.0542444,
              36.7055568
            ],
            [
              -4.0528194,
              36.7052947
            ],
            [
              -4.0504145,
              36.7051507
            ],
            [
              -4.0485294,
              36.7049508
            ],
            [
              -4.0479256,
              36.7048144
            ],
            [
              -4.0478929,
              36.7049073
            ],
            [
              -4.0477941,
              36.7049028
            ],
            [
              -4.0453979,
              36.704516
            ],
            [
              -4.0419937,
              36.7042466
            ],
            [
              -4.0419554,
              36.7045576
            ],
            [
              -4.0311532,
              36.7028763
            ],
            [
              -4.0283117,
              36.7029648
            ],
            [
              -4.0246132,
              36.703483
            ],
            [
              -4.0243742,
              36.7034301
            ],
            [
              -4.0232235,
              36.7029905
            ],
            [
              -4.0220585,
              36.7027271
            ],
            [
              -4.0154278,
              36.7021111
            ],
            [
              -4.0130756,
              36.7016628
            ],
            [
              -4.0120374,
              36.701243
            ],
            [
              -4.0119711,
              36.7013485
            ],
            [
              -4.0071868,
              36.6991178
            ],
            [
              -4.0019864,
              36.697142
            ],
            [
              -3.9955611,
              36.6952898
            ],
            [
              -3.9949972,
              36.6950753
            ],
            [
              -3.9950558,
              36.6949687
            ],
            [
              -3.9941431,
              36.6946459
            ],
            [
              -3.9922029,
              36.6940756
            ],
            [
              -3.991444,
              36.6937718
            ],
            [
              -3.990026,
              36.6934356
            ],
            [
              -3.9881564,
              36.692886
            ],
            [
              -3.9857849,
              36.6923236
            ],
            [
              -3.982543,
              36.6918702
            ],
            [
              -3.9805625,
              36.6914158
            ],
            [
              -3.9767445,
              36.6896761
            ],
            [
              -3.9650422,
              36.6870522
            ],
            [
              -3.9641405,
              36.6869424
            ],
            [
              -3.9500583,
              36.68684
            ],
            [
              -3.9476893,
              36.687374
            ],
            [
              -3.9469341,
              36.6874743
            ],
            [
              -3.9458869,
              36.6877803
            ],
            [
              -3.936501,
              36.689896
            ],
            [
              -3.9334761,
              36.6914071
            ],
            [
              -3.9296459,
              36.6925264
            ],
            [
              -3.9281843,
              36.6932207
            ],
            [
              -3.9268768,
              36.6940272
            ],
            [
              -3.9264329,
              36.6941374
            ],
            [
              -3.925866,
              36.6944306
            ],
            [
              -3.9203024,
              36.6964238
            ],
            [
              -3.9187418,
              36.697131
            ],
            [
              -3.9188988,
              36.6973538
            ],
            [
              -3.917488,
              36.6977882
            ],
            [
              -3.9173515,
              36.6975871
            ],
            [
              -3.9156029,
              36.6983608
            ],
            [
              -3.9145479,
              36.6986591
            ],
            [
              -3.9136991,
              36.6990437
            ],
            [
              -3.9121549,
              36.6994805
            ],
            [
              -3.9105942,
              36.7001875
            ],
            [
              -3.9106368,
              36.7002479
            ],
            [
              -3.9078077,
              36.7009347
            ],
            [
              -3.9062426,
              36.7015013
            ],
            [
              -3.9024481,
              36.7032817
            ],
            [
              -3.9012852,
              36.7032775
            ],
            [
              -3.9005136,
              36.7034613
            ],
            [
              -3.8961763,
              36.702661
            ],
            [
              -3.8944521,
              36.7024787
            ],
            [
              -3.8899245,
              36.701598
            ],
            [
              -3.8766085,
              36.7019149
            ],
            [
              -3.87479,
              36.7021724
            ],
            [
              -3.8732789,
              36.7027074
            ],
            [
              -3.8732612,
              36.7026389
            ],
            [
              -3.8720251,
              36.7028442
            ],
            [
              -3.8720675,
              36.7030085
            ],
            [
              -3.8632535,
              36.7043498
            ],
            [
              -3.8500178,
              36.7099979
            ],
            [
              -3.849767,
              36.7102012
            ],
            [
              -3.8495155,
              36.7102766
            ],
            [
              -3.8481296,
              36.7113052
            ],
            [
              -3.8460855,
              36.7115243
            ],
            [
              -3.8449191,
              36.7114594
            ],
            [
              -3.8440902,
              36.7115685
            ],
            [
              -3.8431185,
              36.7118423
            ],
            [
              -3.8356428,
              36.7126434
            ],
            [
              -3.8350586,
              36.7125293
            ],
            [
              -3.8294182,
              36.7126582
            ],
            [
              -3.8272913,
              36.7125813
            ],
            [
              -3.8261342,
              36.712163
            ],
            [
              -3.8231063,
              36.7113828
            ],
            [
              -3.8221738,
              36.7109635
            ],
            [
              -3.8211927,
              36.7106219
            ],
            [
              -3.8210654,
              36.7108569
            ],
            [
              -3.8199456,
              36.7105683
            ],
            [
              -3.8162396,
              36.7090993
            ],
            [
              -3.8151521,
              36.7082486
            ],
            [
              -3.8148189,
              36.7080493
            ],
            [
              -3.8110833,
              36.7064748
            ],
            [
              -3.810598,
              36.7058582
            ],
            [
              -3.8000047,
              36.6983549
            ],
            [
              -3.7911457,
              36.6950158
            ],
            [
              -3.7852488,
              36.6925303
            ],
            [
              -3.7718771,
              36.6902537
            ],
            [
              -3.7674716,
              36.6904855
            ],
            [
              -3.7660673,
              36.6892705
            ],
            [
              -3.7651774,
              36.6887049
            ],
            [
              -3.7532934,
              36.6830997
            ],
            [
              -3.7399505,
              36.6803156
            ],
            [
              -3.7307341,
              36.6804826
            ],
            [
              -3.7288576,
              36.6802659
            ],
            [
              -3.7268596,
              36.6805528
            ],
            [
              -3.7261669,
              36.6805653
            ],
            [
              -3.7255494,
              36.6806458
            ],
            [
              -3.724374,
              36.6809097
            ],
            [
              -3.7131936,
              36.6825152
            ],
            [
              -3.6992085,
              36.6886038
            ],
            [
              -3.6984751,
              36.6892311
            ],
            [
              -3.6954133,
              36.6888137
            ],
            [
              -3.6818131,
              36.6904332
            ],
            [
              -3.6726929,
              36.6899757
            ],
            [
              -3.6688087,
              36.6907209
            ],
            [
              -3.6687864,
              36.6906105
            ],
            [
              -3.6682576,
              36.6906792
            ],
            [
              -3.6672297,
              36.6910239
            ],
            [
              -3.6583129,
              36.6927347
            ],
            [
              -3.6489667,
              36.6971478
            ],
            [
              -3.6467633,
              36.6978866
            ],
            [
              -3.6452078,
              36.6987991
            ],
            [
              -3.6401486,
              36.7030167
            ],
            [
              -3.6392599,
              36.7029019
            ],
            [
              -3.6380576,
              36.7028874
            ],
            [
              -3.6356661,
              36.7025902
            ],
            [
              -3.6315771,
              36.7026204
            ],
            [
              -3.6298431,
              36.7027673
            ],
            [
              -3.6296124,
              36.702721
            ],
            [
              -3.6277862,
              36.7026295
            ],
            [
              -3.6277617,
              36.7029435
            ],
            [
              -3.6270895,
              36.7030005
            ],
            [
              -3.6219548,
              36.7027006
            ],
            [
              -3.622216,
              36.7025302
            ],
            [
              -3.6192815,
              36.6996372
            ],
            [
              -3.609932,
              36.6927157
            ],
            [
              -3.6100309,
              36.69261
            ],
            [
              -3.6083825,
              36.6916596
            ],
            [
              -3.6083002,
              36.6917555
            ],
            [
              -3.6016297,
              36.6890081
            ],
            [
              -3.6002597,
              36.6883667
            ],
            [
              -3.5991334,
              36.6879799
            ],
            [
              -3.5984364,
              36.6876928
            ],
            [
              -3.5984504,
              36.6876681
            ],
            [
              -3.5943294,
              36.6860012
            ],
            [
              -3.5936836,
              36.685838
            ],
            [
              -3.5930672,
              36.6857486
            ],
            [
              -3.5930986,
              36.6856874
            ],
            [
              -3.5913964,
              36.6851264
            ],
            [
              -3.5899065,
              36.6844513
            ],
            [
              -3.5847728,
              36.6827224
            ],
            [
              -3.5848649,
              36.682578
            ],
            [
              -3.5805497,
              36.6808561
            ],
            [
              -3.5721527,
              36.6782867
            ],
            [
              -3.569489,
              36.6774257
            ],
            [
              -3.5655458,
              36.6765394
            ],
            [
              -3.5640023,
              36.6762417
            ],
            [
              -3.5560955,
              36.6752462
            ],
            [
              -3.5535615,
              36.6750926
            ],
            [
              -3.5409799,
              36.6756087
            ],
            [
              -3.5296176,
              36.6784695
            ],
            [
              -3.5280603,
              36.6771715
            ],
            [
              -3.528187,
              36.6770677
            ],
            [
              -3.5271952,
              36.6762883
            ],
            [
              -3.5258631,
              36.6754069
            ],
            [
              -3.5239848,
              36.673873
            ],
            [
              -3.5229228,
              36.6733102
            ],
            [
              -3.5202134,
              36.6710885
            ],
            [
              -3.5195461,
              36.6708235
            ],
            [
              -3.5172967,
              36.6690494
            ],
            [
              -3.5163325,
              36.6684677
            ],
            [
              -3.515237,
              36.6680284
            ],
            [
              -3.5149154,
              36.6678393
            ],
            [
              -3.5124612,
              36.6659683
            ],
            [
              -3.5021216,
              36.6612128
            ],
            [
              -3.5010431,
              36.6608461
            ],
            [
              -3.4962132,
              36.6594344
            ],
            [
              -3.4950189,
              36.6591403
            ],
            [
              -3.4910645,
              36.6584235
            ],
            [
              -3.4901259,
              36.658082
            ],
            [
              -3.4833277,
              36.6560881
            ],
            [
              -3.4700009,
              36.6542429
            ],
            [
              -3.4565459,
              36.6553357
            ],
            [
              -3.4546936,
              36.6559167
            ],
            [
              -3.4516578,
              36.6559897
            ],
            [
              -3.4506837,
              36.6559391
            ],
            [
              -3.4494267,
              36.6557493
            ],
            [
              -3.4482809,
              36.6556895
            ],
            [
              -3.4482562,
              36.6559952
            ],
            [
              -3.4471863,
              36.655849
            ],
            [
              -3.4439568,
              36.6552039
            ],
            [
              -3.4321893,
              36.6554263
            ],
            [
              -3.4302195,
              36.6548532
            ],
            [
              -3.413497,
              36.6547018
            ],
            [
              -3.4116663,
              36.6549344
            ],
            [
              -3.3962359,
              36.6590456
            ],
            [
              -3.3832715,
              36.6669168
            ],
            [
              -3.382074,
              36.6679289
            ],
            [
              -3.3816761,
              36.6683533
            ],
            [
              -3.3802387,
              36.6691192
            ],
            [
              -3.3748845,
              36.6706636
            ],
            [
              -3.3718413,
              36.6724373
            ],
            [
              -3.3701466,
              36.6728201
            ],
            [
              -3.3653542,
              36.6730944
            ],
            [
              -3.3647783,
              36.6731699
            ],
            [
              -3.3558352,
              36.6753646
            ],
            [
              -3.3527335,
              36.6755916
            ],
            [
              -3.3374723,
              36.6811879
            ],
            [
              -3.3278714,
              36.6886042
            ],
            [
              -3.3250175,
              36.6904321
            ],
            [
              -3.3220997,
              36.6944077
            ],
            [
              -3.3216781,
              36.6947434
            ],
            [
              -3.3214744,
              36.6945881
            ],
            [
              -3.3203981,
              36.6954962
            ],
            [
              -3.319062,
              36.6968263
            ],
            [
              -3.3183879,
              36.697363
            ],
            [
              -3.317335,
              36.6985431
            ],
            [
              -3.3172749,
              36.6985039
            ],
            [
              -3.315905,
              36.6998527
            ],
            [
              -3.3110131,
              36.6988688
            ],
            [
              -3.2977049,
              36.6991006
            ],
            [
              -3.2965488,
              36.6992459
            ],
            [
              -3.2846972,
              36.7019711
            ],
            [
              -3.2813936,
              36.7035122
            ],
            [
              -3.2780206,
              36.7042524
            ],
            [
              -3.2720042,
              36.705392
            ],
            [
              -3.2699588,
              36.7059149
            ],
            [
              -3.2700347,
              36.7061056
            ],
            [
              -3.2626085,
              36.7078935
            ],
            [
              -3.2572522,
              36.7106138
            ],
            [
              -3.2567652,
              36.7107244
            ],
            [
              -3.2560846,
              36.7110353
            ],
            [
              -3.2498393,
              36.7131419
            ],
            [
              -3.2408252,
              36.7110164
            ],
            [
              -3.236853,
              36.7110411
            ],
            [
              -3.2352899,
              36.7105305
            ],
            [
              -3.2342738,
              36.7099907
            ],
            [
              -3.2315684,
              36.7093149
            ],
            [
              -3.2305388,
              36.7089786
            ],
            [
              -3.2282806,
              36.7084936
            ],
            [
              -3.2208273,
              36.7066317
            ],
            [
              -3.2195846,
              36.7064704
            ],
            [
              -3.2023618,
              36.7067115
            ],
            [
              -3.2023561,
              36.706682
            ],
            [
              -3.2019163,
              36.7067177
            ],
            [
              -3.2003471,
              36.7069668
            ],
            [
              -3.2003974,
              36.7071704
            ],
            [
              -3.191994,
              36.7097746
            ],
            [
              -3.1906628,
              36.7094826
            ],
            [
              -3.1895328,
              36.7087814
            ],
            [
              -3.1883887,
              36.7083563
            ],
            [
              -3.180289,
              36.7066894
            ],
            [
              -3.1803898,
              36.7064377
            ],
            [
              -3.179252,
              36.7061448
            ],
            [
              -3.1769318,
              36.7059984
            ],
            [
              -3.1708237,
              36.7047413
            ],
            [
              -3.1685534,
              36.7046163
            ],
            [
              -3.1684806,
              36.7054651
            ],
            [
              -3.1563594,
              36.7047003
            ],
            [
              -3.1555195,
              36.7048045
            ],
            [
              -3.1523874,
              36.7057266
            ],
            [
              -3.1366081,
              36.7047274
            ],
            [
              -3.1360666,
              36.7047945
            ],
            [
              -3.1247522,
              36.7073184
            ],
            [
              -3.1168677,
              36.7108311
            ],
            [
              -3.112188,
              36.7105478
            ],
            [
              -3.1119373,
              36.710601
            ],
            [
              -3.1104272,
              36.7103715
            ],
            [
              -3.1092735,
              36.7100729
            ],
            [
              -3.1020172,
              36.7086683
            ],
            [
              -3.1010372,
              36.7085399
            ],
            [
              -3.0956241,
              36.7085747
            ],
            [
              -3.0936993,
              36.7083482
            ],
            [
              -3.0925433,
              36.7081322
            ],
            [
              -3.0908467,
              36.7079323
            ],
            [
              -3.0908323,
              36.7080108
            ],
            [
              -3.0898096,
              36.7078904
            ],
            [
              -3.0890098,
              36.7078858
            ],
            [
              -3.0859438,
              36.7074247
            ],
            [
              -3.0841242,
              36.7075233
            ],
            [
              -3.0832113,
              36.7074362
            ],
            [
              -3.0798326,
              36.7064713
            ],
            [
              -3.0626566,
              36.7066788
            ],
            [
              -3.062648,
              36.7066339
            ],
            [
              -3.0585391,
              36.7072027
            ],
            [
              -3.0542071,
              36.7072667
            ],
            [
              -3.0540057,
              36.7072256
            ],
            [
              -3.0453551,
              36.7073524
            ],
            [
              -3.0388221,
              36.7043732
            ],
            [
              -3.0259218,
              36.7017363
            ],
            [
              -3.0125219,
              36.7019383
            ],
            [
              -3.0116162,
              36.7017771
            ],
            [
              -2.998016,
              36.7025422
            ],
            [
              -2.9957104,
              36.7016277
            ],
            [
              -2.9927505,
              36.7008973
            ],
            [
              -2.9926194,
              36.7012507
            ],
            [
              -2.9846953,
              36.699143
            ],
            [
              -2.9680084,
              36.6994257
            ],
            [
              -2.9677212,
              36.6994357
            ],
            [
              -2.9659732,
              36.6997087
            ],
            [
              -2.9660102,
              36.6998612
            ],
            [
              -2.9600489,
              36.701439
            ],
            [
              -2.9598338,
              36.7014652
            ],
            [
              -2.9573993,
              36.7021402
            ],
            [
              -2.9544049,
              36.7024233
            ],
            [
              -2.9525241,
              36.7029195
            ],
            [
              -2.9527133,
              36.7033804
            ],
            [
              -2.9515221,
              36.7036957
            ],
            [
              -2.9507021,
              36.7040435
            ],
            [
              -2.9503911,
              36.7042237
            ],
            [
              -2.9413425,
              36.7068669
            ],
            [
              -2.9348325,
              36.7101064
            ],
            [
              -2.9293673,
              36.7071399
            ],
            [
              -2.9285426,
              36.7065025
            ],
            [
              -2.9256276,
              36.7035932
            ],
            [
              -2.9230199,
              36.701325
            ],
            [
              -2.9228336,
              36.7014626
            ],
            [
              -2.921003,
              36.6999132
            ],
            [
              -2.9200652,
              36.6987888
            ],
            [
              -2.9175865,
              36.6961649
            ],
            [
              -2.9148933,
              36.6934254
            ],
            [
              -2.9119977,
              36.6907267
            ],
            [
              -2.9116192,
              36.690229
            ],
            [
              -2.9107964,
              36.6893054
            ],
            [
              -2.9108722,
              36.6892559
            ],
            [
              -2.9098988,
              36.6882977
            ],
            [
              -2.9093607,
              36.6876935
            ],
            [
              -2.9074731,
              36.6850626
            ],
            [
              -2.9061154,
              36.683975
            ],
            [
              -2.9057318,
              36.6834518
            ],
            [
              -2.9045939,
              36.6822127
            ],
            [
              -2.9024284,
              36.6800529
            ],
            [
              -2.9023881,
              36.6800032
            ],
            [
              -2.9024638,
              36.6799618
            ],
            [
              -2.9021112,
              36.6795472
            ],
            [
              -2.9016047,
              36.6790357
            ],
            [
              -2.9009237,
              36.6781949
            ],
            [
              -2.9003155,
              36.6776072
            ],
            [
              -2.8993827,
              36.6763067
            ],
            [
              -2.893856,
              36.6718785
            ],
            [
              -2.894035,
              36.6717344
            ],
            [
              -2.892904,
              36.6708306
            ],
            [
              -2.8915274,
              36.6700128
            ],
            [
              -2.8900905,
              36.6688614
            ],
            [
              -2.889611,
              36.6685673
            ],
            [
              -2.8875089,
              36.6673425
            ],
            [
              -2.8873459,
              36.6675285
            ],
            [
              -2.8812324,
              36.6638964
            ],
            [
              -2.875259,
              36.662172
            ],
            [
              -2.8705931,
              36.6598985
            ],
            [
              -2.869191,
              36.6593714
            ],
            [
              -2.8551924,
              36.6560039
            ],
            [
              -2.840578,
              36.6560336
            ],
            [
              -2.8391952,
              36.6562007
            ],
            [
              -2.830334,
              36.6579479
            ],
            [
              -2.8281215,
              36.6585609
            ],
            [
              -2.8197922,
              36.6621207
            ],
            [
              -2.8192925,
              36.6617806
            ],
            [
              -2.8146431,
              36.6598173
            ],
            [
              -2.8137744,
              36.6592638
            ],
            [
              -2.8124733,
              36.6589008
            ],
            [
              -2.8115435,
              36.6581539
            ],
            [
              -2.8102805,
              36.6573769
            ],
            [
              -2.8082494,
              36.6564578
            ],
            [
              -2.8070677,
              36.6551134
            ],
            [
              -2.7939858,
              36.6474506
            ],
            [
              -2.7918275,
              36.6465761
            ],
            [
              -2.7762418,
              36.6426623
            ],
            [
              -2.7719532,
              36.6427496
            ],
            [
              -2.7704276,
              36.6424638
            ],
            [
              -2.7705901,
              36.6418905
            ],
            [
              -2.7690397,
              36.6416076
            ],
            [
              -2.7643545,
              36.6413263
            ],
            [
              -2.7622836,
              36.6409385
            ],
            [
              -2.7608643,
              36.6409078
            ],
            [
              -2.7608573,
              36.6411164
            ],
            [
              -2.754267,
              36.6407208
            ],
            [
              -2.7505615,
              36.6413958
            ],
            [
              -2.7453509,
              36.6418162
            ],
            [
              -2.7433063,
              36.6420959
            ],
            [
              -2.7433213,
              36.6421589
            ],
            [
              -2.7335916,
              36.644237
            ],
            [
              -2.7332528,
              36.6443432
            ],
            [
              -2.732346,
              36.6442314
            ],
            [
              -2.7274372,
              36.6442785
            ],
            [
              -2.7163681,
              36.6454738
            ],
            [
              -2.7140591,
              36.6451975
            ],
            [
              -2.714082,
              36.6450164
            ],
            [
              -2.7108842,
              36.6447558
            ],
            [
              -2.7108765,
              36.6448167
            ],
            [
              -2.7012955,
              36.6436701
            ],
            [
              -2.6992849,
              36.6437039
            ],
            [
              -2.6928133,
              36.6446414
            ],
            [
              -2.6927678,
              36.6443957
            ],
            [
              -2.6918218,
              36.6445084
            ],
            [
              -2.6896757,
              36.645096
            ],
            [
              -2.683858,
              36.6459388
            ],
            [
              -2.6791217,
              36.6479854
            ],
            [
              -2.674781,
              36.6491738
            ],
            [
              -2.6725449,
              36.6501778
            ],
            [
              -2.6699007,
              36.651529
            ],
            [
              -2.6668254,
              36.6521355
            ],
            [
              -2.6651335,
              36.6526078
            ],
            [
              -2.6641142,
              36.6530116
            ],
            [
              -2.662488,
              36.6537476
            ],
            [
              -2.6618838,
              36.6538794
            ],
            [
              -2.6521113,
              36.6581773
            ],
            [
              -2.6508701,
              36.6583443
            ],
            [
              -2.6383691,
              36.661201
            ],
            [
              -2.6356769,
              36.6621495
            ],
            [
              -2.6357613,
              36.6623013
            ],
            [
              -2.6336677,
              36.6627573
            ],
            [
              -2.6319122,
              36.6635288
            ],
            [
              -2.6316243,
              36.663606
            ],
            [
              -2.629289,
              36.6646252
            ],
            [
              -2.6293184,
              36.6646687
            ],
            [
              -2.6233607,
              36.6672868
            ],
            [
              -2.6192343,
              36.6696897
            ],
            [
              -2.6194175,
              36.6698957
            ],
            [
              -2.6132793,
              36.6734233
            ],
            [
              -2.6125356,
              36.6739829
            ],
            [
              -2.6114472,
              36.6749967
            ],
            [
              -2.6113134,
              36.6750651
            ],
            [
              -2.6077806,
              36.6780989
            ],
            [
              -2.607832,
              36.6781379
            ],
            [
              -2.6066771,
              36.6791573
            ],
            [
              -2.60655,
              36.6790588
            ],
            [
              -2.6040657,
              36.6811672
            ],
            [
              -2.602451,
              36.6826198
            ],
            [
              -2.6012228,
              36.6836389
            ],
            [
              -2.5971862,
              36.6874351
            ],
            [
              -2.5955502,
              36.6892243
            ],
            [
              -2.5925086,
              36.6921685
            ],
            [
              -2.5912874,
              36.6934611
            ],
            [
              -2.5879555,
              36.6962369
            ],
            [
              -2.5839167,
              36.7000335
            ],
            [
              -2.5819411,
              36.7022061
            ],
            [
              -2.579944,
              36.7036441
            ],
            [
              -2.5766343,
              36.7073049
            ],
            [
              -2.5750683,
              36.7097673
            ],
            [
              -2.5713948,
              36.7147466
            ],
            [
              -2.5712702,
              36.7146931
            ],
            [
              -2.570221,
              36.7163376
            ],
            [
              -2.5697983,
              36.7170872
            ],
            [
              -2.5698643,
              36.7171111
            ],
            [
              -2.5691333,
              36.7185157
            ],
            [
              -2.5690746,
              36.7184936
            ],
            [
              -2.5686171,
              36.7192743
            ],
            [
              -2.5652583,
              36.7262459
            ],
            [
              -2.5639449,
              36.7295389
            ],
            [
              -2.5638312,
              36.7297036
            ],
            [
              -2.5632213,
              36.7317956
            ],
            [
              -2.562568,
              36.7333032
            ],
            [
              -2.5626354,
              36.7333212
            ],
            [
              -2.5609966,
              36.7375235
            ],
            [
              -2.5575125,
              36.7437962
            ],
            [
              -2.5565757,
              36.7547288
            ],
            [
              -2.5547104,
              36.7574902
            ],
            [
              -2.5528661,
              36.7603861
            ],
            [
              -2.5486618,
              36.7657111
            ],
            [
              -2.5477096,
              36.7666734
            ],
            [
              -2.5466468,
              36.7685257
            ],
            [
              -2.5465522,
              36.7684688
            ],
            [
              -2.5458572,
              36.7692099
            ],
            [
              -2.5447782,
              36.7705806
            ],
            [
              -2.5444775,
              36.7708505
            ],
            [
              -2.544534,
              36.7708909
            ],
            [
              -2.544324,
              36.7711577
            ],
            [
              -2.5441993,
              36.7710827
            ],
            [
              -2.5422184,
              36.7732678
            ],
            [
              -2.5388813,
              36.7764423
            ],
            [
              -2.538208,
              36.7775632
            ],
            [
              -2.5370705,
              36.7787376
            ],
            [
              -2.5322856,
              36.7792717
            ],
            [
              -2.5302126,
              36.7799301
            ],
            [
              -2.5268379,
              36.7796946
            ],
            [
              -2.5254285,
              36.7798598
            ],
            [
              -2.512263,
              36.7829275
            ],
            [
              -2.5076036,
              36.7852604
            ],
            [
              -2.4992442,
              36.7855772
            ],
            [
              -2.4992242,
              36.7854674
            ],
            [
              -2.4977848,
              36.7856366
            ],
            [
              -2.4934222,
              36.7858144
            ],
            [
              -2.4801059,
              36.7895174
            ],
            [
              -2.4788785,
              36.7902156
            ],
            [
              -2.4763035,
              36.7909715
            ],
            [
              -2.4745932,
              36.7907129
            ],
            [
              -2.4737951,
              36.790259
            ],
            [
              -2.4723986,
              36.789113
            ],
            [
              -2.4724491,
              36.7890608
            ],
            [
              -2.4694364,
              36.7872669
            ],
            [
              -2.4695615,
              36.7871372
            ],
            [
              -2.4689919,
              36.7867987
            ],
            [
              -2.4674082,
              36.7850101
            ],
            [
              -2.4661765,
              36.7840167
            ],
            [
              -2.4537117,
              36.7766867
            ],
            [
              -2.4501804,
              36.7757423
            ],
            [
              -2.4483788,
              36.7748434
            ],
            [
              -2.434961,
              36.7717913
            ],
            [
              -2.4210129,
              36.7718326
            ],
            [
              -2.4189606,
              36.7720707
            ],
            [
              -2.4046934,
              36.775528
            ],
            [
              -2.392337,
              36.7822054
            ],
            [
              -2.391547,
              36.7827872
            ],
            [
              -2.3906269,
              36.7836317
            ],
            [
              -2.3829219,
              36.787262
            ],
            [
              -2.380035,
              36.7890607
            ],
            [
              -2.3725234,
              36.7954097
            ],
            [
              -2.3718947,
              36.7956816
            ],
            [
              -2.3703402,
              36.7960932
            ],
            [
              -2.3680338,
              36.7970903
            ],
            [
              -2.3681574,
              36.7972737
            ],
            [
              -2.3654263,
              36.7980805
            ],
            [
              -2.3628929,
              36.7993453
            ],
            [
              -2.3606745,
              36.8005231
            ],
            [
              -2.3599463,
              36.8008089
            ],
            [
              -2.3595458,
              36.8007107
            ],
            [
              -2.3595193,
              36.8007801
            ],
            [
              -2.3545083,
              36.7993141
            ],
            [
              -2.354449,
              36.7994691
            ],
            [
              -2.3541074,
              36.7994005
            ],
            [
              -2.3540489,
              36.7995872
            ],
            [
              -2.3454663,
              36.7975536
            ],
            [
              -2.3443712,
              36.7975772
            ],
            [
              -2.3433836,
              36.7973377
            ],
            [
              -2.342055,
              36.7971526
            ],
            [
              -2.3405266,
              36.7971311
            ],
            [
              -2.3382404,
              36.7966468
            ],
            [
              -2.3332943,
              36.7945285
            ],
            [
              -2.3328954,
              36.7942048
            ],
            [
              -2.3319397,
              36.7936107
            ],
            [
              -2.32782,
              36.7911703
            ],
            [
              -2.3275762,
              36.791444
            ],
            [
              -2.3194629,
              36.7868246
            ],
            [
              -2.3189384,
              36.7863542
            ],
            [
              -2.3181184,
              36.7859357
            ],
            [
              -2.3169495,
              36.7848608
            ],
            [
              -2.315331,
              36.7837028
            ],
            [
              -2.315193,
              36.7838265
            ],
            [
              -2.31428,
              36.7831701
            ],
            [
              -2.3143669,
              36.7831012
            ],
            [
              -2.3127844,
              36.7817778
            ],
            [
              -2.3091839,
              36.7790518
            ],
            [
              -2.309358,
              36.7789206
            ],
            [
              -2.3067289,
              36.7766445
            ],
            [
              -2.3054294,
              36.7757042
            ],
            [
              -2.3014072,
              36.7717641
            ],
            [
              -2.299474,
              36.7701983
            ],
            [
              -2.2985351,
              36.7689673
            ],
            [
              -2.2961963,
              36.7670845
            ],
            [
              -2.2953502,
              36.7661822
            ],
            [
              -2.2941465,
              36.7651935
            ],
            [
              -2.2917476,
              36.7627368
            ],
            [
              -2.2910395,
              36.7621112
            ],
            [
              -2.2908813,
              36.7622261
            ],
            [
              -2.289808,
              36.7610666
            ],
            [
              -2.2896077,
              36.7607829
            ],
            [
              -2.2896462,
              36.7607554
            ],
            [
              -2.2894881,
              36.7606135
            ],
            [
              -2.2888013,
              36.7596406
            ],
            [
              -2.2874565,
              36.7585476
            ],
            [
              -2.286838,
              36.757893
            ],
            [
              -2.2861658,
              36.7570503
            ],
            [
              -2.284882,
              36.7557917
            ],
            [
              -2.2848241,
              36.7558297
            ],
            [
              -2.283986,
              36.7548524
            ],
            [
              -2.2814745,
              36.7521112
            ],
            [
              -2.2803458,
              36.7509831
            ],
            [
              -2.2797804,
              36.7505545
            ],
            [
              -2.2694763,
              36.7392152
            ],
            [
              -2.2674558,
              36.7367949
            ],
            [
              -2.2643528,
              36.733239
            ],
            [
              -2.2618982,
              36.7305838
            ],
            [
              -2.2608444,
              36.7293416
            ],
            [
              -2.2597849,
              36.7279149
            ],
            [
              -2.256866,
              36.7244624
            ],
            [
              -2.2538139,
              36.7211218
            ],
            [
              -2.2472111,
              36.7136299
            ],
            [
              -2.2464088,
              36.7125154
            ],
            [
              -2.2458096,
              36.7108336
            ],
            [
              -2.2421541,
              36.7065296
            ],
            [
              -2.2405223,
              36.7042337
            ],
            [
              -2.2393638,
              36.7030959
            ],
            [
              -2.2392829,
              36.7031488
            ],
            [
              -2.2368709,
              36.7003088
            ],
            [
              -2.2316203,
              36.6970855
            ],
            [
              -2.2288468,
              36.6938962
            ],
            [
              -2.2157712,
              36.6861704
            ],
            [
              -2.2002943,
              36.68222
            ],
            [
              -2.1973644,
              36.682264
            ],
            [
              -2.1969814,
              36.6821348
            ],
            [
              -2.1817102,
              36.6810324
            ],
            [
              -2.1667424,
              36.6836997
            ],
            [
              -2.1654067,
              36.6841187
            ],
            [
              -2.1647862,
              36.6840729
            ],
            [
              -2.163781,
              36.6841869
            ],
            [
              -2.1629829,
              36.6841604
            ],
            [
              -2.1594521,
              36.6847766
            ],
            [
              -2.1594595,
              36.6848088
            ],
            [
              -2.1500343,
              36.6865433
            ],
            [
              -2.1423453,
              36.6898523
            ],
            [
              -2.1420699,
              36.6898219
            ],
            [
              -2.1400162,
              36.6898282
            ],
            [
              -2.136755,
              36.6898918
            ],
            [
              -2.1367668,
              36.6902164
            ],
            [
              -2.1224761,
              36.6914807
            ],
            [
              -2.1202459,
              36.6923953
            ],
            [
              -2.1178421,
              36.6926974
            ],
            [
              -2.11566,
              36.6936325
            ],
            [
              -2.1147408,
              36.6936849
            ],
            [
              -2.1017004,
              36.6975015
            ],
            [
              -2.0995276,
              36.6987691
            ],
            [
              -2.0958924,
              36.6999496
            ],
            [
              -2.0913599,
              36.7030904
            ],
            [
              -2.0907663,
              36.7032767
            ],
            [
              -2.0789688,
              36.7108912
            ],
            [
              -2.0705633,
              36.7209908
            ],
            [
              -2.0680645,
              36.72786
            ],
            [
              -2.0657003,
              36.7285267
            ],
            [
              -2.0639565,
              36.7292131
            ],
            [
              -2.0627237,
              36.7294832
            ],
            [
              -2.0617382,
              36.7300246
            ],
            [
              -2.0552659,
              36.7320855
            ],
            [
              -2.0515819,
              36.7345424
            ],
            [
              -2.0503566,
              36.73493
            ],
            [
              -2.039356,
              36.7421628
            ],
            [
              -2.0387225,
              36.7425397
            ],
            [
              -2.0341428,
              36.7446319
            ],
            [
              -2.0335968,
              36.7449699
            ],
            [
              -2.0336634,
              36.745039
            ],
            [
              -2.0297392,
              36.7478836
            ],
            [
              -2.0269275,
              36.7495561
            ],
            [
              -2.0258959,
              36.7504359
            ],
            [
              -2.0260765,
              36.7505718
            ],
            [
              -2.0224142,
              36.7532598
            ],
            [
              -2.0148612,
              36.7636507
            ],
            [
              -2.0115055,
              36.7753691
            ],
            [
              -2.0124115,
              36.784852
            ],
            [
              -2.0123262,
              36.7853699
            ],
            [
              -2.0125905,
              36.7867263
            ],
            [
              -2.0123967,
              36.7879437
            ],
            [
              -2.0023147,
              36.7955469
            ],
            [
              -1.9919721,
              36.7973216
            ],
            [
              -1.9887816,
              36.7987448
            ],
            [
              -1.9882828,
              36.7988778
            ],
            [
              -1.9850416,
              36.8002361
            ],
            [
              -1.9831056,
              36.8007185
            ],
            [
              -1.981706,
              36.8013378
            ],
            [
              -1.9818645,
              36.8015675
            ],
            [
              -1.9741322,
              36.8048076
            ],
            [
              -1.9656345,
              36.8118626
            ],
            [
              -1.9652158,
              36.8120919
            ],
            [
              -1.9644108,
              36.8128785
            ],
            [
              -1.9630454,
              36.814012
            ],
            [
              -1.962265,
              36.815319
            ],
            [
              -1.9599152,
              36.8180126
            ],
            [
              -1.9587582,
              36.8195829
            ],
            [
              -1.9554768,
              36.823365
            ],
            [
              -1.9540268,
              36.8277119
            ],
            [
              -1.9537583,
              36.8276333
            ],
            [
              -1.953372,
              36.8284781
            ],
            [
              -1.9525516,
              36.8319558
            ],
            [
              -1.9480104,
              36.8402474
            ],
            [
              -1.94643,
              36.8525371
            ],
            [
              -1.949164,
              36.8629004
            ],
            [
              -1.9391771,
              36.8663968
            ],
            [
              -1.9287052,
              36.8750242
            ],
            [
              -1.9283122,
              36.8747663
            ],
            [
              -1.9277664,
              36.8752986
            ],
            [
              -1.9268046,
              36.87659
            ],
            [
              -1.9257845,
              36.8774304
            ],
            [
              -1.9250678,
              36.8783113
            ],
            [
              -1.9253956,
              36.8784819
            ],
            [
              -1.9223182,
              36.8826137
            ],
            [
              -1.9221735,
              36.8827079
            ],
            [
              -1.9137645,
              36.8930121
            ],
            [
              -1.9130371,
              36.8951239
            ],
            [
              -1.9054123,
              36.8955854
            ],
            [
              -1.9040317,
              36.8958301
            ],
            [
              -1.8967533,
              36.8982631
            ],
            [
              -1.8898291,
              36.899301
            ],
            [
              -1.8881449,
              36.8998229
            ],
            [
              -1.8884363,
              36.9004244
            ],
            [
              -1.8815801,
              36.9021241
            ],
            [
              -1.8804735,
              36.9026119
            ],
            [
              -1.8668118,
              36.9114605
            ],
            [
              -1.858764,
              36.9222957
            ],
            [
              -1.8564901,
              36.9239219
            ],
            [
              -1.8482663,
              36.9363308
            ],
            [
              -1.8459304,
              36.9502463
            ],
            [
              -1.846104,
              36.9534299
            ],
            [
              -1.8491702,
              36.9655594
            ],
            [
              -1.8496366,
              36.9662243
            ],
            [
              -1.8497508,
              36.9724914
            ],
            [
              -1.8479773,
              36.9740836
            ],
            [
              -1.8474873,
              36.9746839
            ],
            [
              -1.8428847,
              36.9837657
            ],
            [
              -1.8426883,
              36.983708
            ],
            [
              -1.8424371,
              36.9842543
            ],
            [
              -1.8422391,
              36.9850393
            ],
            [
              -1.8406659,
              36.9881433
            ],
            [
              -1.8324935,
              36.9975178
            ],
            [
              -1.8280397,
              37.0107781
            ],
            [
              -1.8278933,
              37.0120888
            ],
            [
              -1.8282908,
              37.0162713
            ],
            [
              -1.8269085,
              37.0175111
            ],
            [
              -1.8267838,
              37.0174293
            ],
            [
              -1.8262721,
              37.0179265
            ],
            [
              -1.8258726,
              37.0184402
            ],
            [
              -1.824846,
              37.019361
            ],
            [
              -1.8235408,
              37.0209583
            ],
            [
              -1.8238068,
              37.0210968
            ],
            [
              -1.8193246,
              37.0268605
            ],
            [
              -1.8192414,
              37.0270823
            ],
            [
              -1.8177607,
              37.0289863
            ],
            [
              -1.8164074,
              37.0325953
            ],
            [
              -1.8162339,
              37.0325444
            ],
            [
              -1.8158337,
              37.0334133
            ],
            [
              -1.8153265,
              37.0352178
            ],
            [
              -1.8086285,
              37.0449607
            ],
            [
              -1.8085233,
              37.0453328
            ],
            [
              -1.808425,
              37.0454307
            ],
            [
              -1.8074162,
              37.0477743
            ],
            [
              -1.8072946,
              37.047726
            ],
            [
              -1.8068385,
              37.0484577
            ],
            [
              -1.8054721,
              37.0515099
            ],
            [
              -1.8041459,
              37.0532972
            ],
            [
              -1.8034528,
              37.0546773
            ],
            [
              -1.8027596,
              37.0577033
            ],
            [
              -1.8025116,
              37.0585694
            ],
            [
              -1.8025592,
              37.0585781
            ],
            [
              -1.7998801,
              37.0702719
            ],
            [
              -1.7999227,
              37.0720135
            ],
            [
              -1.8001591,
              37.0737697
            ],
            [
              -1.7999932,
              37.0744254
            ],
            [
              -1.7999259,
              37.0755916
            ],
            [
              -1.7999631,
              37.075593
            ],
            [
              -1.7996103,
              37.0770706
            ],
            [
              -1.7999289,
              37.0788692
            ],
            [
              -1.7998941,
              37.0805367
            ],
            [
              -1.8002689,
              37.0833156
            ],
            [
              -1.8001342,
              37.0837417
            ],
            [
              -1.8001999,
              37.0848486
            ],
            [
              -1.8001041,
              37.0862594
            ],
            [
              -1.7993837,
              37.0890008
            ],
            [
              -1.7992734,
              37.0891668
            ],
            [
              -1.7990955,
              37.0891146
            ],
            [
              -1.7987537,
              37.0899489
            ],
            [
              -1.7985735,
              37.09022
            ],
            [
              -1.7980585,
              37.0916148
            ],
            [
              -1.7981742,
              37.091642
            ],
            [
              -1.7977634,
              37.0928421
            ],
            [
              -1.7944406,
              37.0958969
            ],
            [
              -1.793061,
              37.0978501
            ],
            [
              -1.7905286,
              37.1018484
            ],
            [
              -1.790031,
              37.1027915
            ],
            [
              -1.7893044,
              37.1038269
            ],
            [
              -1.7885578,
              37.1052421
            ],
            [
              -1.7882531,
              37.1056762
            ],
            [
              -1.7867291,
              37.1087078
            ],
            [
              -1.7849807,
              37.1120213
            ],
            [
              -1.7848734,
              37.1123119
            ],
            [
              -1.7845042,
              37.1128045
            ],
            [
              -1.7842478,
              37.1136432
            ],
            [
              -1.7834793,
              37.1151718
            ],
            [
              -1.7826796,
              37.117644
            ],
            [
              -1.7830044,
              37.1177108
            ],
            [
              -1.782606,
              37.1190141
            ],
            [
              -1.7822397,
              37.1189391
            ],
            [
              -1.7817946,
              37.1203215
            ],
            [
              -1.7812845,
              37.1233366
            ],
            [
              -1.7809765,
              37.1243441
            ],
            [
              -1.7809166,
              37.1248774
            ],
            [
              -1.7807183,
              37.1251402
            ],
            [
              -1.7798247,
              37.1279636
            ],
            [
              -1.7766263,
              37.134695
            ],
            [
              -1.7758628,
              37.137442
            ],
            [
              -1.7760081,
              37.1374686
            ],
            [
              -1.7750178,
              37.1404864
            ],
            [
              -1.7746803,
              37.1421648
            ],
            [
              -1.7734095,
              37.1451099
            ],
            [
              -1.7731217,
              37.1465413
            ],
            [
              -1.7727682,
              37.1570066
            ],
            [
              -1.7732989,
              37.1587578
            ],
            [
              -1.7730789,
              37.1596037
            ],
            [
              -1.7731164,
              37.1599281
            ],
            [
              -1.7693856,
              37.165174
            ],
            [
              -1.7662363,
              37.1771721
            ],
            [
              -1.7664543,
              37.1788479
            ],
            [
              -1.766212,
              37.1796728
            ],
            [
              -1.7661834,
              37.1799803
            ],
            [
              -1.7655561,
              37.1816974
            ],
            [
              -1.7643122,
              37.1859665
            ],
            [
              -1.7640068,
              37.1873592
            ],
            [
              -1.764101,
              37.1873723
            ],
            [
              -1.762197,
              37.1932614
            ],
            [
              -1.7620327,
              37.1940098
            ],
            [
              -1.7621701,
              37.1940289
            ],
            [
              -1.7613592,
              37.1965372
            ],
            [
              -1.7590548,
              37.200137
            ],
            [
              -1.7586336,
              37.2012736
            ],
            [
              -1.756088,
              37.2022743
            ],
            [
              -1.7542879,
              37.2037226
            ],
            [
              -1.7459399,
              37.2073887
            ],
            [
              -1.7356857,
              37.2157943
            ],
            [
              -1.7346138,
              37.2169824
            ],
            [
              -1.7311116,
              37.2236108
            ],
            [
              -1.73047,
              37.2241807
            ],
            [
              -1.729783,
              37.2253163
            ],
            [
              -1.7271479,
              37.2280955
            ],
            [
              -1.7271013,
              37.2280671
            ],
            [
              -1.7266198,
              37.2285676
            ],
            [
              -1.7251524,
              37.2301999
            ],
            [
              -1.7228733,
              37.2326035
            ],
            [
              -1.7226053,
              37.233224
            ],
            [
              -1.7191461,
              37.2377822
            ],
            [
              -1.7163407,
              37.2397467
            ],
            [
              -1.715701,
              37.239244
            ],
            [
              -1.7136643,
              37.2408864
            ],
            [
              -1.7091185,
              37.2452103
            ],
            [
              -1.7090771,
              37.245185
            ],
            [
              -1.7083536,
              37.2459363
            ],
            [
              -1.7079155,
              37.2464416
            ],
            [
              -1.7079935,
              37.2464854
            ],
            [
              -1.7070578,
              37.2479121
            ],
            [
              -1.7060321,
              37.248723
            ],
            [
              -1.7055232,
              37.2492966
            ],
            [
              -1.7044196,
              37.2508871
            ],
            [
              -1.7007147,
              37.2526569
            ],
            [
              -1.6910169,
              37.2610827
            ],
            [
              -1.690673,
              37.261645
            ],
            [
              -1.6903167,
              37.2619673
            ],
            [
              -1.6904282,
              37.2620453
            ],
            [
              -1.6903081,
              37.2622416
            ],
            [
              -1.6868605,
              37.2648049
            ],
            [
              -1.6858237,
              37.2663944
            ],
            [
              -1.6841076,
              37.2677221
            ],
            [
              -1.6831305,
              37.2692443
            ],
            [
              -1.6810631,
              37.2702531
            ],
            [
              -1.6769342,
              37.2738807
            ],
            [
              -1.6763943,
              37.2741484
            ],
            [
              -1.668685,
              37.2809793
            ],
            [
              -1.6686502,
              37.280958
            ],
            [
              -1.6670239,
              37.2824511
            ],
            [
              -1.666648,
              37.2830705
            ],
            [
              -1.6658288,
              37.2839779
            ],
            [
              -1.6594588,
              37.2938256
            ],
            [
              -1.6589217,
              37.2959836
            ],
            [
              -1.6577356,
              37.2975552
            ],
            [
              -1.654848,
              37.3021168
            ],
            [
              -1.6541786,
              37.3033688
            ],
            [
              -1.6525598,
              37.3068367
            ],
            [
              -1.6521707,
              37.3077839
            ],
            [
              -1.6516797,
              37.3093838
            ],
            [
              -1.6486966,
              37.3139208
            ],
            [
              -1.6486316,
              37.3140743
            ],
            [
              -1.6489195,
              37.3141533
            ],
            [
              -1.6485526,
              37.3148333
            ],
            [
              -1.6482458,
              37.3152769
            ],
            [
              -1.6468895,
              37.3152963
            ],
            [
              -1.6462965,
              37.31537
            ],
            [
              -1.6322414,
              37.3188656
            ],
            [
              -1.6200809,
              37.3254705
            ],
            [
              -1.619334,
              37.3260209
            ],
            [
              -1.6125143,
              37.3322078
            ],
            [
              -1.6114285,
              37.3334279
            ],
            [
              -1.6116869,
              37.3335733
            ],
            [
              -1.6079262,
              37.3373368
            ],
            [
              -1.5991249,
              37.3403907
            ],
            [
              -1.5877719,
              37.3482039
            ],
            [
              -1.6298365,
              37.3731315
            ],
            [
              -1.6301237,
              37.3752312
            ],
            [
              -1.6408706,
              37.3823856
            ],
            [
              -1.665968,
              37.4008601
            ],
            [
              -1.6709232,
              37.403034
            ],
            [
              -1.6749419,
              37.4051522
            ],
            [
              -1.6875726,
              37.4116745
            ],
            [
              -1.6971125,
              37.4167103
            ],
            [
              -1.7050161,
              37.4210243
            ],
            [
              -1.7104485,
              37.4245087
            ],
            [
              -1.7370751,
              37.4426335
            ],
            [
              -1.779836,
              37.4469766
            ],
            [
              -1.7963027,
              37.452193
            ],
            [
              -1.8117564,
              37.4515563
            ],
            [
              -1.8085627,
              37.433533
            ]
          ]
        ]
      }
    }
  ]
}