{
    "type": "FeatureCollection",
    "features": [
      {
        "type": "Feature",
        "properties": {
          "slug": "mapungubwe",
          "name": "Kingdom of Mapungubwe",
          "start_date": "1220",
          "end_date": "1289",
          "region_type": "kingdom",
          "source_system": "OHM",
          "osm_type": "way",
          "osm_id": "201334542"
        },
        "geometry": {
          "type": "Polygon",
          "coordinates": [
            [
              [29.1897028, -22.5750223],
              [30.4180238, -22.6616349],
              [30.9571219, -21.661136],
              [29.3705383, -20.3588355],
              [28.3546146, -20.8147949],
              [28.5520848, -21.6393333],
              [29.1897028, -22.5750223]
            ]
          ]
        }
      },
      {
        "type": "Feature",
        "properties": {
          "slug": "kingdom-of-vungu",
          "name": "Kingdom of Vungu",
          "start_date": "1250",
          "end_date": "1625",
          "region_type": "kingdom",
          "source_system": "OHM",
          "osm_type": "way",
          "osm_id": "201345173"
        },
        "geometry": {
          "type": "Polygon",
          "coordinates": [
            [
                [13.3778294, -5.8729822],
                [13.3824307, -5.8699833],
                [13.3883013, -5.8709303],
                [13.4009945, -5.8714038],
                [13.4098797, -5.8712460],
                [13.4206689, -5.8687207],
                [13.4259048, -5.8638278],
                [13.4268305, -5.8613164],
                [13.4276502, -5.8590928],
                [13.4274915, -5.8493069],
                [13.4273328, -5.8393629],
                [13.4278088, -5.8297345],
                [13.4330448, -5.8256305],
                [13.4412953, -5.8224736],
                [13.4470073, -5.8208952],
                [13.4565272, -5.8142655],
                [13.4622391, -5.8044788],
                [13.4728697, -5.8025846],
                [13.4873082, -5.8041631],
                [13.4928614, -5.7981648],
                [13.4961934, -5.7939027],
                [13.5044440, -5.7932713],
                [13.5123772, -5.7937449],
                [13.5157092, -5.7839578],
                [13.5147572, -5.7757492],
                [13.5168198, -5.7672247],
                [13.5258637, -5.7557007],
                [13.5323690, -5.7481231],
                [13.5342730, -5.7433871],
                [13.5414129, -5.7364408],
                [13.5434755, -5.7271264],
                [13.5482355, -5.7182854],
                [13.5591834, -5.7144964],
                [13.5652126, -5.7174961],
                [13.5758432, -5.7163909],
                [13.5809204, -5.7111810],
                [13.5869497, -5.7021819],
                [13.5891710, -5.6930248],
                [13.5880604, -5.6835518],
                [13.5875844, -5.6737629],
                [13.5912337, -5.6587634],
                [13.5936136, -5.6432898],
                [13.5937723, -5.6371318],
                [13.5909163, -5.6300264],
                [13.5886950, -5.6219734],
                [13.5910750, -5.5992351],
                [13.5885364, -5.5884973],
                [13.5828244, -5.5799701],
                [13.5750498, -5.5755485],
                [13.5694966, -5.5689160],
                [13.5610873, -5.5597568],
                [13.5593420, -5.5502817],
                [13.5647366, -5.5431752],
                [13.5752085, -5.5474391],
                [13.5842524, -5.5509133],
                [13.5864737, -5.5488604],
                [13.5888537, -5.5412801],
                [13.5904403, -5.5367003],
                [13.5948830, -5.5329102],
                [13.6021816, -5.5318837],
                [13.6112255, -5.5308571],
                [13.6205074, -5.5314888],
                [13.6322486, -5.5313309],
                [13.6369292, -5.5248559],
                [13.6359772, -5.5130112],
                [13.6324073, -5.5082733],
                [13.6219354, -5.4951647],
                [13.6136055, -5.4881366],
                [13.6076556, -5.4829246],
                [13.6055136, -5.4795289],
                [13.6022609, -5.4750276],
                [13.5974217, -5.4664197],
                [13.5944864, -5.4612866],
                [13.5913131, -5.4507042],
                [13.5846491, -5.4409903],
                [13.5736219, -5.4321450],
                [13.5698139, -5.4286700],
                [13.5615633, -5.4207723],
                [13.5552167, -5.4127165],
                [13.5469662, -5.3989741],
                [13.5449035, -5.3882327],
                [13.5436342, -5.3803344],
                [13.5439515, -5.3724361],
                [13.5471248, -5.3654854],
                [13.5506154, -5.3596405],
                [13.5598180, -5.3534796],
                [13.5704486, -5.3455809],
                [13.5818724, -5.3323109],
                [13.5880604, -5.3255178],
                [13.5955176, -5.3218843],
                [13.6058308, -5.3201465],
                [13.6132881, -5.3196725],
                [13.6191587, -5.3161969],
                [13.6209040, -5.3082977],
                [13.6256639, -5.3034002],
                [13.6302532, -5.2921122],
                [13.6384365, -5.2790700],
                [13.6500191, -5.2846787],
                [13.6600943, -5.2938421],
                [13.6694554, -5.3030842],
                [13.6802447, -5.3119314],
                [13.6886539, -5.3195145],
                [13.6994431, -5.3283614],
                [13.7121363, -5.3343646],
                [13.7221322, -5.3353125],
                [13.7254641, -5.3334168],
                [13.7292721, -5.3282035],
                [13.7311761, -5.3220422],
                [13.7299068, -5.3131952],
                [13.7310174, -5.3018203],
                [13.7357774, -5.2880754],
                [13.7532306, -5.2781221],
                [13.7583079, -5.2739353],
                [13.7658444, -5.2669835],
                [13.7713184, -5.2672205],
                [13.7767130, -5.2698274],
                [13.7865502, -5.2786750],
                [13.7952768, -5.2881545],
                [13.8025754, -5.2966859],
                [13.8118573, -5.3116945],
                [13.8200285, -5.3168289],
                [13.8262164, -5.3198306],
                [13.8353397, -5.3222793],
                [13.8451769, -5.3248860],
                [13.8538241, -5.3280456],
                [13.8595361, -5.3240171],
                [13.8605674, -5.3160390],
                [13.8598534, -5.3021364],
                [13.8667553, -5.2973968],
                [13.8664380, -5.2932891],
                [13.8643753, -5.2830198],
                [13.8722292, -5.2770161],
                [13.8733399, -5.2706964],
                [13.8723879, -5.2512628],
                [13.8758785, -5.2435208],
                [13.8836531, -5.2340407],
                [13.8980916, -5.2293006],
                [13.9069769, -5.2329347],
                [13.9161794, -5.2409928],
                [13.9228433, -5.2389388],
                [13.9346639, -5.2345147],
                [13.9470397, -5.2287476],
                [13.9516410, -5.2255085],
                [13.9592569, -5.2229804],
                [13.9636995, -5.2194252],
                [13.9654449, -5.2104188],
                [13.9670315, -5.1997530],
                [13.9738541, -5.1847417],
                [13.9799627, -5.1766829],
                [13.9875786, -5.1627772],
                [13.9895619, -5.1526637],
                [13.9905139, -5.1476860],
                [13.9923386, -5.1423921],
                [13.9937665, -5.1360710],
                [13.9936079, -5.1253250],
                [13.9921799, -5.1111021],
                [13.9911486, -5.1048598],
                [13.9920212, -5.0998816],
                [13.9898793, -5.0938762],
                [13.9882926, -5.0894511],
                [13.9882133, -5.0787043],
                [13.9880546, -5.0749903],
                [13.9852780, -5.0671672],
                [13.9874199, -5.0589488],
                [13.9963052, -5.0544444],
                [13.9986852, -5.0509674],
                [14.0047938, -5.0476484],
                [14.0054285, -5.0438157],
                [14.0049921, -5.0366243],
                [14.0068961, -5.0315667],
                [14.0080861, -5.0293934],
                [14.0068168, -5.0242566],
                [14.0031278, -5.0188827],
                [13.9754229, -4.9777339],
                [13.9583840, -4.9558939],
                [13.9383923, -4.9287050],
                [13.9209391, -4.9030958],
                [13.9098326, -4.8838093],
                [13.8952354, -4.8553527],
                [13.8853982, -4.8322704],
                [13.8727050, -4.8038116],
                [13.8539825, -4.7766166],
                [13.8110200, -4.7711276],
                [13.7797274, -4.7671297],
                [13.7365705, -4.7627024],
                [13.6908750, -4.7750354],
                [13.6505742, -4.7940089],
                [13.5994841, -4.8262625],
                [13.5718764, -4.8446021],
                [13.5404607, -4.8692650],
                [13.5042851, -4.8974048],
                [13.4630323, -4.9179556],
                [13.4287607, -4.9375573],
                [13.3982970, -4.9539970],
                [13.3506975, -4.9805526],
                [13.3015114, -5.0327123],
                [13.2624799, -5.0598968],
                [13.2307469, -5.0861320],
                [13.2015525, -5.1155268],
                [13.1596650, -5.1360708],
                [13.1241241, -5.1581943],
                [13.0758900, -5.1768407],
                [13.0485996, -5.1841094],
                [13.0562146, -5.2185550],
                [13.0765237, -5.3019772],
                [13.1069873, -5.4005526],
                [13.1387203, -5.4763689],
                [13.1755306, -5.5572290],
                [13.2186874, -5.6216565],
                [13.2580363, -5.6886030],
                [13.3050011, -5.7732223],
                [13.3354648, -5.8275236],
                [13.3684671, -5.8616170],
                [13.3778294, -5.8729822]
            ]
          ]
        }
      },
      {
        "type": "Feature",
        "properties": {
          "slug": "ngoyo",
          "name": "Kingdom of Ngoyo",
          "start_date": "1250",
          "end_date": "1885",
          "region_type": "kingdom",
          "place_type": "country",
          "source_system": "OHM",
          "osm_type": "way",
          "osm_id": "201345175",
          "admin_level": "2",
          "boundary": "administrative",
          "wikidata": "Q967246",
          "wikipedia": "en:Ngoyo",
          "source_1": "Thornton, John K., A History of West Central Africa to 1850. Cambridge University Press, 2020, x, 25."
        },
        "geometry": {
          "type": "Polygon",
          "coordinates": [
            [
              [12.2270328, -5.5423854],
              [12.2257637, -5.5458599],
              [12.2222731, -5.5494921],
              [12.2187824, -5.5524926],
              [12.2154505, -5.5540718],
              [12.2125945, -5.5529663],
              [12.2070412, -5.5496500],
              [12.1991080, -5.5464915],
              [12.1956174, -5.5452282],
              [12.1899054, -5.5447544],
              [12.1854628, -5.5466495],
              [12.1813375, -5.5491762],
              [12.1775296, -5.5526505],
              [12.1749909, -5.5565985],
              [12.1718176, -5.5610202],
              [12.1691203, -5.5644944],
              [12.1654710, -5.5687581],
              [12.1638844, -5.5750747],
              [12.1629324, -5.5798121],
              [12.1591244, -5.5862865],
              [12.1581724, -5.5927609],
              [12.1588071, -5.5993930],
              [12.1596004, -5.6063409],
              [12.1580138, -5.6104465],
              [12.1548405, -5.6154994],
              [12.1513499, -5.6208681],
              [12.1465899, -5.6271842],
              [12.1438926, -5.6322369],
              [12.1421473, -5.6376055],
              [12.1424646, -5.6420266],
              [12.1419886, -5.6499213],
              [12.1443686, -5.6563950],
              [12.1445273, -5.6587634],
              [12.1475419, -5.6661842],
              [12.1488112, -5.6731313],
              [12.1497632, -5.6813414],
              [12.1500805, -5.6874989],
              [12.1516672, -5.6950773],
              [12.1526192, -5.7012346],
              [12.1546818, -5.7064447],
              [12.1567445, -5.7100759],
              [12.1576964, -5.7126019],
              [12.1643604, -5.7260213],
              [12.1681683, -5.7351779],
              [12.1735629, -5.7459130],
              [12.1780056, -5.7539642],
              [12.1827655, -5.7609102],
              [12.1853041, -5.7645410],
              [12.1870494, -5.7670668],
              [12.1945067, -5.7770120],
              [12.1997426, -5.7855364],
              [12.2076759, -5.7953234],
              [12.2152918, -5.8041631],
              [12.2202104, -5.8098458],
              [12.2243357, -5.8167911],
              [12.2298890, -5.8232628],
              [12.2338556, -5.8256305],
              [12.2478181, -5.8396786],
              [12.2576553, -5.8499382],
              [12.2628913, -5.8559360],
              [12.2655886, -5.8622495],
              [12.2697139, -5.8701412],
              [12.2746325, -5.8761388],
              [12.2820897, -5.8849773],
              [12.2878016, -5.8900278],
              [12.2917683, -5.8950782],
              [12.3082694, -5.9110184],
              [12.3179480, -5.9192250],
              [12.3258812, -5.9274316],
              [12.3301652, -5.9307457],
              [12.3357184, -5.9359536],
              [12.3384157, -5.9403724],
              [12.3469837, -5.9504723],
              [12.3534889, -5.9578893],
              [12.3577729, -5.9634126],
              [12.3606288, -5.9683045],
              [12.3698314, -5.9806132],
              [12.3804619, -5.9911858],
              [12.3917270, -6.0235333],
              [12.3974389, -6.0396275],
              [12.4075935, -6.0560368],
              [12.4228253, -6.0664502],
              [12.4340718, -6.0711100],
              [12.4342492, -6.0711834],
              [12.4437691, -6.0727612],
              [12.4621742, -6.0689746],
              [12.4964458, -6.0658191],
              [12.5205629, -6.0604546],
              [12.5396027, -6.0538279],
              [12.5564211, -6.0472011],
              [12.5672103, -6.0393119],
              [12.5745089, -6.0355251],
              [12.5973567, -6.0260579],
              [12.6183004, -6.0191152],
              [12.6351189, -6.0159594],
              [12.6525721, -6.0153282],
              [12.6684385, -6.0112256],
              [12.6820837, -6.0090165],
              [12.6925556, -6.0077542],
              [12.6995369, -6.0064918],
              [12.7242886, -6.0020736],
              [12.7433284, -6.0001800],
              [12.7534829, -5.9970241],
              [12.7630028, -5.9922902],
              [12.7788693, -5.9866094],
              [12.7915625, -5.9825066],
              [12.8023517, -5.9774570],
              [12.8112369, -5.9717761],
              [12.8175835, -5.9626234],
              [12.8236128, -5.9578892],
              [12.8486818, -5.9462113],
              [12.8708949, -5.9373738],
              [12.8785108, -5.9335862],
              [12.8937427, -5.9266423],
              [12.9115131, -5.9222234],
              [12.9261103, -5.9196983],
              [12.9378515, -5.9152794],
              [12.9476887, -5.9127543],
              [12.9810084, -5.9026536],
              [12.9978265, -5.8969717],
              [12.9667282, -5.8458339],
              [12.9400725, -5.8060569],
              [12.9153208, -5.7599625],
              [12.8651827, -5.6974450],
              [12.7712531, -5.6096565],
              [12.7230189, -5.5597564],
              [12.7096911, -5.5363840],
              [12.6817661, -5.5130107],
              [12.6335320, -5.5066934],
              [12.5884711, -5.5041665],
              [12.5275438, -5.4965856],
              [12.4831176, -5.5029030],
              [12.4399608, -5.5117472],
              [12.3923613, -5.5186961],
              [12.3568204, -5.5313304],
              [12.3174715, -5.5420692],
              [12.2800266, -5.5483861],
              [12.2270328, -5.5423854]
            ]
          ]
        }
      },
      {
        "type": "Feature",
        "properties": {
          "slug": "kakongo",
          "name": "Kingdom of Kakongo",
          "start_date": "1250",
          "end_date": "1885",
          "region_type": "kingdom",
          "place_type": "country",
          "source_system": "OHM",
          "osm_type": "way",
          "osm_id": "201345174",
          "admin_level": "2",
          "boundary": "administrative",
          "wikidata": "Q369587",
          "wikipedia": "en:Kakongo",
          "source_1": "Thornton, John K., A History of West Central Africa to 1850. Cambridge University Press, 2020, x, 25."
        },
        "geometry": {
          "type": "Polygon",
          "coordinates": [
            [
              [13.0485996, -5.1841094],
              [12.9914799, -5.1995945],
              [12.9521310, -5.2040188],
              [12.9153208, -5.2122353],
              [12.8747026, -5.2128673],
              [12.8036207, -5.2116033],
              [12.7484053, -5.2052829],
              [12.6969973, -5.2059143],
              [12.6474938, -5.1945374],
              [12.5852972, -5.1743114],
              [12.5180233, -5.1477638],
              [12.4570960, -5.1186865],
              [12.3974380, -5.0807577],
              [12.3555504, -5.0668499],
              [12.2806606, -5.0668499],
              [12.2273492, -5.0706430],
              [12.1600753, -5.0769647],
              [12.1039089, -5.0864481],
              [12.0886771, -5.0899250],
              [12.0747146, -5.0937179],
              [12.0601174, -5.0984591],
              [12.0550401, -5.1013037],
              [12.0807438, -5.1338584],
              [12.1045437, -5.1660955],
              [12.1132703, -5.1788950],
              [12.1248528, -5.1959607],
              [12.1358007, -5.2128678],
              [12.1386567, -5.2187141],
              [12.1357214, -5.2220323],
              [12.1339761, -5.2273255],
              [12.1319135, -5.2315916],
              [12.1302475, -5.2373588],
              [12.1302475, -5.2417828],
              [12.1320721, -5.2453378],
              [12.1389741, -5.2539488],
              [12.1452413, -5.2623226],
              [12.1508739, -5.2712494],
              [12.1592038, -5.2841257],
              [12.1649158, -5.2932891],
              [12.1703104, -5.3015045],
              [12.1723730, -5.3069550],
              [12.1761810, -5.3167499],
              [12.1776090, -5.3215684],
              [12.1776090, -5.3240171],
              [12.1760223, -5.3268607],
              [12.1736423, -5.3277296],
              [12.1688824, -5.3271767],
              [12.1652331, -5.3286775],
              [12.1674544, -5.3333378],
              [12.1715001, -5.3446329],
              [12.1778467, -5.3575867],
              [12.1816547, -5.3689606],
              [12.1937132, -5.3948669],
              [12.2051371, -5.4220358],
              [12.2108490, -5.4441491],
              [12.2210036, -5.4782651],
              [12.2248115, -5.4975335],
              [12.2273502, -5.5133268],
              [12.2289368, -5.5272246],
              [12.2270328, -5.5423854],
              [12.2800266, -5.5483861],
              [12.3174715, -5.5420692],
              [12.3568204, -5.5313304],
              [12.3923613, -5.5186961],
              [12.4399608, -5.5117472],
              [12.4831176, -5.5029030],
              [12.5275438, -5.4965856],
              [12.5884711, -5.5041665],
              [12.6335320, -5.5066934],
              [12.6817661, -5.5130107],
              [12.7096911, -5.5363840],
              [12.7230189, -5.5597564],
              [12.7712531, -5.6096565],
              [12.8651827, -5.6974450],
              [12.9153208, -5.7599625],
              [12.9400725, -5.8060569],
              [12.9667282, -5.8458339],
              [12.9978265, -5.8969717],
              [13.0092507, -5.8811892],
              [13.0260692, -5.8732977],
              [13.0432050, -5.8666687],
              [13.0581195, -5.8660374],
              [13.0787459, -5.8707724],
              [13.0914391, -5.8767700],
              [13.0993724, -5.8849771],
              [13.1076229, -5.8982346],
              [13.1161908, -5.9029693],
              [13.1307880, -5.8988659],
              [13.1471307, -5.8859242],
              [13.1634731, -5.8792954],
              [13.1863209, -5.8710882],
              [13.2066300, -5.8647748],
              [13.2168504, -5.8626117],
              [13.2215445, -5.8616181],
              [13.2443922, -5.8671423],
              [13.2593067, -5.8690363],
              [13.2764425, -5.8747183],
              [13.2872317, -5.8792954],
              [13.3029396, -5.8863977],
              [13.3167434, -5.8960252],
              [13.3283259, -5.8972878],
              [13.3413365, -5.8990238],
              [13.3537123, -5.9092824],
              [13.3648189, -5.9061259],
              [13.3684682, -5.8912904],
              [13.3743388, -5.8781906],
              [13.3778294, -5.8729822],
              [13.3684671, -5.8616170],
              [13.3354648, -5.8275236],
              [13.3050011, -5.7732223],
              [13.2580363, -5.6886030],
              [13.2186874, -5.6216565],
              [13.1755306, -5.5572290],
              [13.1387203, -5.4763689],
              [13.1069873, -5.4005526],
              [13.0765237, -5.3019772],
              [13.0562146, -5.2185550],
              [13.0485996, -5.1841094]
            ]
          ]
        }
      },
      {
        "type": "Feature",
        "properties": {
          "slug": "nsundi",
          "name": "Kingdom of Nsundi",
          "start_date": "1250",
          "end_date": "1440",
          "region_type": "kingdom",
          "source_system": "OHM",
          "osm_type": "way",
          "osm_id": "201345754",
          "wikidata": "Q7067585",
          "wikipedia": "en:Nsundi",
          "source_1": "Thornton, John K., A History of West Central Africa to 1850. Cambridge University Press, 2020, 29–32.",
          "source_2": "Tsoupra, Anna et al. A multi-analytical characterization of fourteenth to eighteenth century pottery from the Kongo kingdom, Central Africa. Scientific Reports. 2022.",
          "source_3": "Thornton, John K., The Origins and Early History of the Kingdom of Kongo, c. 1350–1550. International Journal of African Historical Studies, 2001."
        },
            "geometry": {
              "type": "Polygon",
              "coordinates": [
                [
                  [
                    15.2495979,
                    -4.5760984
                  ],
                  [
                    15.2248436,
                    -4.571885
                  ],
                  [
                    15.194742,
                    -4.5601435
                  ],
                  [
                    15.1646405,
                    -4.5444879
                  ],
                  [
                    15.1410827,
                    -4.5288319
                  ],
                  [
                    15.1044374,
                    -4.497519
                  ],
                  [
                    15.0873324,
                    -4.4781553
                  ],
                  [
                    15.0404615,
                    -4.5402031
                  ],
                  [
                    15.023955,
                    -4.5473489
                  ],
                  [
                    15.0139922,
                    -4.5466563
                  ],
                  [
                    14.9893287,
                    -4.5765925
                  ],
                  [
                    14.9380839,
                    -4.6320316
                  ],
                  [
                    14.931358,
                    -4.6433881
                  ],
                  [
                    14.9055886,
                    -4.6497185
                  ],
                  [
                    14.8926337,
                    -4.6978106
                  ],
                  [
                    14.8191192,
                    -4.8369412
                  ],
                  [
                    14.7637862,
                    -4.8721315
                  ],
                  [
                    14.6636592,
                    -4.9184996
                  ],
                  [
                    14.6072497,
                    -4.9086642
                  ],
                  [
                    14.5525243,
                    -4.8725658
                  ],
                  [
                    14.4805423,
                    -4.8452506
                  ],
                  [
                    14.4530583,
                    -4.8635075
                  ],
                  [
                    14.4242655,
                    -4.897412
                  ],
                  [
                    14.3868291,
                    -4.9112346
                  ],
                  [
                    14.3584266,
                    -4.9152424
                  ],
                  [
                    14.3480632,
                    -4.9268664
                  ],
                  [
                    14.27535,
                    -4.9389956
                  ],
                  [
                    14.2018772,
                    -4.9225242
                  ],
                  [
                    14.161615,
                    -4.9374682
                  ],
                  [
                    14.1179085,
                    -4.995787
                  ],
                  [
                    14.0643091,
                    -5.0349338
                  ],
                  [
                    14.0463285,
                    -5.0405529
                  ],
                  [
                    14.0324024,
                    -5.0380945
                  ],
                  [
                    14.0149507,
                    -5.0258025
                  ],
                  [
                    14.0080861,
                    -5.0293934
                  ],
                  [
                    14.0068961,
                    -5.0315667
                  ],
                  [
                    14.0049921,
                    -5.0366243
                  ],
                  [
                    14.0054285,
                    -5.0438157
                  ],
                  [
                    14.0047938,
                    -5.0476484
                  ],
                  [
                    13.9986852,
                    -5.0509674
                  ],
                  [
                    13.9963052,
                    -5.0544444
                  ],
                  [
                    13.9874199,
                    -5.0589488
                  ],
                  [
                    13.985278,
                    -5.0671672
                  ],
                  [
                    13.9880546,
                    -5.0749903
                  ],
                  [
                    13.9882133,
                    -5.0787043
                  ],
                  [
                    13.9882926,
                    -5.0894511
                  ],
                  [
                    13.9898793,
                    -5.0938762
                  ],
                  [
                    13.9920212,
                    -5.0998816
                  ],
                  [
                    13.9911486,
                    -5.1048598
                  ],
                  [
                    13.9921799,
                    -5.1111021
                  ],
                  [
                    13.9936079,
                    -5.125325
                  ],
                  [
                    13.9937665,
                    -5.136071
                  ],
                  [
                    13.9923386,
                    -5.1423921
                  ],
                  [
                    13.9905139,
                    -5.147686
                  ],
                  [
                    13.9895619,
                    -5.1526637
                  ],
                  [
                    13.9875786,
                    -5.1627772
                  ],
                  [
                    13.9799627,
                    -5.1766829
                  ],
                  [
                    13.9738541,
                    -5.1847417
                  ],
                  [
                    13.9670315,
                    -5.199753
                  ],
                  [
                    13.9654449,
                    -5.2104188
                  ],
                  [
                    13.9636995,
                    -5.2194252
                  ],
                  [
                    13.9669187,
                    -5.2185394
                  ],
                  [
                    13.9690046,
                    -5.2211868
                  ],
                  [
                    13.9704769,
                    -5.2238342
                  ],
                  [
                    13.9723174,
                    -5.2260743
                  ],
                  [
                    13.9734625,
                    -5.2272147
                  ],
                  [
                    13.9743419,
                    -5.2280293
                  ],
                  [
                    13.9749349,
                    -5.2282329
                  ],
                  [
                    13.9757938,
                    -5.2285587
                  ],
                  [
                    13.9764891,
                    -5.2287217
                  ],
                  [
                    13.9769185,
                    -5.2284162
                  ],
                  [
                    13.977123,
                    -5.2281311
                  ],
                  [
                    13.9774911,
                    -5.2278256
                  ],
                  [
                    13.9780637,
                    -5.2277238
                  ],
                  [
                    13.9784727,
                    -5.2276423
                  ],
                  [
                    13.9786772,
                    -5.2272554
                  ],
                  [
                    13.978943,
                    -5.2268074
                  ],
                  [
                    13.9790044,
                    -5.2263594
                  ],
                  [
                    13.9791271,
                    -5.2259114
                  ],
                  [
                    13.9792293,
                    -5.2253004
                  ],
                  [
                    13.9798837,
                    -5.224608
                  ],
                  [
                    13.9812129,
                    -5.2244859
                  ],
                  [
                    13.9816423,
                    -5.2244248
                  ],
                  [
                    13.982583,
                    -5.2247913
                  ],
                  [
                    13.9838509,
                    -5.2250764
                  ],
                  [
                    13.9849142,
                    -5.2246488
                  ],
                  [
                    13.9860594,
                    -5.224384
                  ],
                  [
                    13.9879817,
                    -5.2252597
                  ],
                  [
                    13.9890041,
                    -5.2260132
                  ],
                  [
                    13.9900675,
                    -5.2263797
                  ],
                  [
                    13.9916012,
                    -5.2267056
                  ],
                  [
                    13.9923987,
                    -5.226787
                  ],
                  [
                    13.9937075,
                    -5.22695
                  ],
                  [
                    13.9955479,
                    -5.2273165
                  ],
                  [
                    13.9963864,
                    -5.2274387
                  ],
                  [
                    13.9968976,
                    -5.2277849
                  ],
                  [
                    13.9973475,
                    -5.2277442
                  ],
                  [
                    13.9978178,
                    -5.2277442
                  ],
                  [
                    13.9986154,
                    -5.2281515
                  ],
                  [
                    13.999147,
                    -5.2289253
                  ],
                  [
                    13.9994129,
                    -5.2294548
                  ],
                  [
                    13.9994947,
                    -5.2297806
                  ],
                  [
                    13.9999446,
                    -5.2303304
                  ],
                  [
                    13.9993311,
                    -5.2312876
                  ],
                  [
                    13.9992084,
                    -5.2320003
                  ],
                  [
                    13.9997196,
                    -5.2329981
                  ],
                  [
                    14.0002309,
                    -5.2336498
                  ],
                  [
                    14.0011102,
                    -5.2343015
                  ],
                  [
                    14.003196,
                    -5.2356048
                  ],
                  [
                    14.0043617,
                    -5.2365008
                  ],
                  [
                    14.005425,
                    -5.2369284
                  ],
                  [
                    14.0066315,
                    -5.2370302
                  ],
                  [
                    14.0070201,
                    -5.2371117
                  ],
                  [
                    14.0080425,
                    -5.2378652
                  ],
                  [
                    14.0084106,
                    -5.2383743
                  ],
                  [
                    14.0095967,
                    -5.238863
                  ],
                  [
                    14.0105783,
                    -5.2388834
                  ],
                  [
                    14.0116825,
                    -5.2388426
                  ],
                  [
                    14.0121938,
                    -5.2389037
                  ],
                  [
                    14.0127255,
                    -5.2387408
                  ],
                  [
                    14.0132776,
                    -5.2394739
                  ],
                  [
                    14.0136048,
                    -5.2405939
                  ],
                  [
                    14.0141978,
                    -5.2414696
                  ],
                  [
                    14.0143819,
                    -5.2422434
                  ],
                  [
                    14.0154861,
                    -5.2428747
                  ],
                  [
                    14.015752,
                    -5.2435467
                  ],
                  [
                    14.0158236,
                    -5.2438725
                  ],
                  [
                    14.0169483,
                    -5.2443307
                  ],
                  [
                    14.0185536,
                    -5.2449518
                  ],
                  [
                    14.0198419,
                    -5.2457969
                  ],
                  [
                    14.0207621,
                    -5.2464078
                  ],
                  [
                    14.0212529,
                    -5.2471511
                  ],
                  [
                    14.021713,
                    -5.2478129
                  ],
                  [
                    14.0222447,
                    -5.248658
                  ],
                  [
                    14.0228275,
                    -5.2496049
                  ],
                  [
                    14.0232774,
                    -5.2504398
                  ],
                  [
                    14.0236148,
                    -5.2509591
                  ],
                  [
                    14.0240033,
                    -5.2515802
                  ],
                  [
                    14.0243919,
                    -5.2521198
                  ],
                  [
                    14.0249236,
                    -5.2525169
                  ],
                  [
                    14.0256904,
                    -5.2525068
                  ],
                  [
                    14.0264061,
                    -5.2525271
                  ],
                  [
                    14.0269685,
                    -5.2524253
                  ],
                  [
                    14.0275206,
                    -5.2521402
                  ],
                  [
                    14.0277251,
                    -5.2519569
                  ],
                  [
                    14.0284306,
                    -5.2518144
                  ],
                  [
                    14.0291055,
                    -5.2516209
                  ],
                  [
                    14.0296167,
                    -5.2515293
                  ],
                  [
                    14.0300973,
                    -5.2514682
                  ],
                  [
                    14.0304551,
                    -5.2513257
                  ],
                  [
                    14.0306596,
                    -5.2507758
                  ],
                  [
                    14.030721,
                    -5.2500224
                  ],
                  [
                    14.0306699,
                    -5.2494115
                  ],
                  [
                    14.0307414,
                    -5.2489737
                  ],
                  [
                    14.0309357,
                    -5.2486275
                  ],
                  [
                    14.0313447,
                    -5.2480471
                  ],
                  [
                    14.0319275,
                    -5.2477824
                  ],
                  [
                    14.032817,
                    -5.2477518
                  ],
                  [
                    14.0334305,
                    -5.2478638
                  ],
                  [
                    14.0342894,
                    -5.2481082
                  ],
                  [
                    14.0347495,
                    -5.2484646
                  ],
                  [
                    14.0350972,
                    -5.2487191
                  ],
                  [
                    14.0359765,
                    -5.2495438
                  ],
                  [
                    14.0370603,
                    -5.2502362
                  ],
                  [
                    14.0381237,
                    -5.2509897
                  ],
                  [
                    14.0387678,
                    -5.2513766
                  ],
                  [
                    14.039187,
                    -5.2514275
                  ],
                  [
                    14.0395449,
                    -5.2514275
                  ],
                  [
                    14.0403015,
                    -5.2514682
                  ],
                  [
                    14.0416512,
                    -5.2518144
                  ],
                  [
                    14.0419682,
                    -5.2518144
                  ],
                  [
                    14.0422851,
                    -5.2512849
                  ],
                  [
                    14.0427146,
                    -5.250674
                  ],
                  [
                    14.0437064,
                    -5.25045
                  ],
                  [
                    14.0445039,
                    -5.2503075
                  ],
                  [
                    14.0448209,
                    -5.2502464
                  ],
                  [
                    14.0455161,
                    -5.2502057
                  ],
                  [
                    14.0463443,
                    -5.2509795
                  ],
                  [
                    14.04751,
                    -5.2518348
                  ],
                  [
                    14.0493606,
                    -5.251458
                  ],
                  [
                    14.0506898,
                    -5.2502871
                  ],
                  [
                    14.0513442,
                    -5.2489228
                  ],
                  [
                    14.0508023,
                    -5.2477416
                  ],
                  [
                    14.0517021,
                    -5.2462754
                  ],
                  [
                    14.0535425,
                    -5.2458274
                  ],
                  [
                    14.0547695,
                    -5.2459496
                  ],
                  [
                    14.0559555,
                    -5.2474158
                  ],
                  [
                    14.0576733,
                    -5.2503889
                  ],
                  [
                    14.0578369,
                    -5.2523031
                  ],
                  [
                    14.0579596,
                    -5.2541765
                  ],
                  [
                    14.0567735,
                    -5.2557649
                  ],
                  [
                    14.0564872,
                    -5.2580456
                  ],
                  [
                    14.0568962,
                    -5.2590638
                  ],
                  [
                    14.0584913,
                    -5.2600005
                  ],
                  [
                    14.060618,
                    -5.260367
                  ],
                  [
                    14.0629492,
                    -5.2618332
                  ],
                  [
                    14.0651987,
                    -5.2640324
                  ],
                  [
                    14.0670391,
                    -5.2652135
                  ],
                  [
                    14.0675299,
                    -5.2666796
                  ],
                  [
                    14.0671209,
                    -5.2679421
                  ],
                  [
                    14.0656486,
                    -5.2685937
                  ],
                  [
                    14.064258,
                    -5.2688381
                  ],
                  [
                    14.0633582,
                    -5.2679014
                  ],
                  [
                    14.0616405,
                    -5.2673312
                  ],
                  [
                    14.0607407,
                    -5.2674941
                  ],
                  [
                    14.0606998,
                    -5.268553
                  ],
                  [
                    14.0609043,
                    -5.2696933
                  ],
                  [
                    14.0616814,
                    -5.2703042
                  ],
                  [
                    14.0621313,
                    -5.2716482
                  ],
                  [
                    14.0615587,
                    -5.2731958
                  ],
                  [
                    14.0615587,
                    -5.2738066
                  ],
                  [
                    14.0615587,
                    -5.2753949
                  ],
                  [
                    14.0633991,
                    -5.2763316
                  ],
                  [
                    14.0659349,
                    -5.278653
                  ],
                  [
                    14.0679389,
                    -5.279834
                  ],
                  [
                    14.069125,
                    -5.2813409
                  ],
                  [
                    14.0703519,
                    -5.2840287
                  ],
                  [
                    14.0724787,
                    -5.284721
                  ],
                  [
                    14.0750553,
                    -5.2834586
                  ],
                  [
                    14.0763232,
                    -5.281178
                  ],
                  [
                    14.0759551,
                    -5.2786937
                  ],
                  [
                    14.0746872,
                    -5.2768611
                  ],
                  [
                    14.075178,
                    -5.2755986
                  ],
                  [
                    14.0763641,
                    -5.2746619
                  ],
                  [
                    14.078,
                    -5.2758429
                  ],
                  [
                    14.079636,
                    -5.2780828
                  ],
                  [
                    14.0813946,
                    -5.2804042
                  ],
                  [
                    14.082867,
                    -5.2825626
                  ],
                  [
                    14.0837668,
                    -5.2848025
                  ],
                  [
                    14.084462,
                    -5.2873682
                  ],
                  [
                    14.086916,
                    -5.2878569
                  ],
                  [
                    14.088102,
                    -5.2894858
                  ],
                  [
                    14.0884292,
                    -5.2913592
                  ],
                  [
                    14.0896971,
                    -5.2935583
                  ],
                  [
                    14.0918238,
                    -5.2945764
                  ],
                  [
                    14.0937052,
                    -5.2946579
                  ],
                  [
                    14.0955456,
                    -5.2931511
                  ],
                  [
                    14.0959853,
                    -5.2931307
                  ],
                  [
                    14.0975088,
                    -5.2937518
                  ],
                  [
                    14.0984393,
                    -5.294383
                  ],
                  [
                    14.0994311,
                    -5.2953298
                  ],
                  [
                    14.100157,
                    -5.296409
                  ],
                  [
                    14.1007909,
                    -5.2977326
                  ],
                  [
                    14.1013226,
                    -5.2990357
                  ],
                  [
                    14.1015373,
                    -5.2998197
                  ],
                  [
                    14.1022838,
                    -5.3003695
                  ],
                  [
                    14.1026927,
                    -5.3012857
                  ],
                  [
                    14.1033267,
                    -5.302986
                  ],
                  [
                    14.1042264,
                    -5.3042586
                  ],
                  [
                    14.1054534,
                    -5.3053887
                  ],
                  [
                    14.1067213,
                    -5.305969
                  ],
                  [
                    14.1081425,
                    -5.3066613
                  ],
                  [
                    14.1089707,
                    -5.3079441
                  ],
                  [
                    14.1091445,
                    -5.3080561
                  ],
                  [
                    14.1099727,
                    -5.3083411
                  ],
                  [
                    14.1108316,
                    -5.3080255
                  ],
                  [
                    14.1114758,
                    -5.3078117
                  ],
                  [
                    14.1123653,
                    -5.3080153
                  ],
                  [
                    14.1130401,
                    -5.308392
                  ],
                  [
                    14.113306,
                    -5.3095221
                  ],
                  [
                    14.1134594,
                    -5.3105198
                  ],
                  [
                    14.1136332,
                    -5.3116601
                  ],
                  [
                    14.1136741,
                    -5.3127392
                  ],
                  [
                    14.1139195,
                    -5.3138082
                  ],
                  [
                    14.1148704,
                    -5.3150197
                  ],
                  [
                    14.1156372,
                    -5.3157833
                  ],
                  [
                    14.1162507,
                    -5.3171577
                  ],
                  [
                    14.1163939,
                    -5.3176362
                  ],
                  [
                    14.1165063,
                    -5.318247
                  ],
                  [
                    14.1163836,
                    -5.3194789
                  ],
                  [
                    14.1161791,
                    -5.3202628
                  ],
                  [
                    14.1164654,
                    -5.3211892
                  ],
                  [
                    14.1164654,
                    -5.3216575
                  ],
                  [
                    14.1165779,
                    -5.3227672
                  ],
                  [
                    14.1170176,
                    -5.323602
                  ],
                  [
                    14.1183366,
                    -5.3238667
                  ],
                  [
                    14.1188069,
                    -5.32405
                  ],
                  [
                    14.1192363,
                    -5.3246812
                  ],
                  [
                    14.1197987,
                    -5.3254549
                  ],
                  [
                    14.1202383,
                    -5.3268191
                  ],
                  [
                    14.1207087,
                    -5.3278372
                  ],
                  [
                    14.1202997,
                    -5.3286109
                  ],
                  [
                    14.1199316,
                    -5.3292319
                  ],
                  [
                    14.1195635,
                    -5.3302601
                  ],
                  [
                    14.119993,
                    -5.3314105
                  ],
                  [
                    14.1202077,
                    -5.3320824
                  ],
                  [
                    14.1202895,
                    -5.333019
                  ],
                  [
                    14.1203099,
                    -5.3341491
                  ],
                  [
                    14.1205758,
                    -5.3355743
                  ],
                  [
                    14.1208212,
                    -5.3361852
                  ],
                  [
                    14.1214449,
                    -5.3379871
                  ],
                  [
                    14.1222526,
                    -5.3394632
                  ],
                  [
                    14.1234285,
                    -5.3403286
                  ],
                  [
                    14.1249213,
                    -5.3409597
                  ],
                  [
                    14.1262914,
                    -5.3412753
                  ],
                  [
                    14.1274774,
                    -5.3402369
                  ],
                  [
                    14.1277535,
                    -5.3395956
                  ],
                  [
                    14.1284386,
                    -5.3391171
                  ],
                  [
                    14.1293997,
                    -5.3392393
                  ],
                  [
                    14.1300336,
                    -5.340522
                  ],
                  [
                    14.1303404,
                    -5.3418454
                  ],
                  [
                    14.1308618,
                    -5.3423341
                  ],
                  [
                    14.1317821,
                    -5.3427209
                  ],
                  [
                    14.1324876,
                    -5.3428533
                  ],
                  [
                    14.1326921,
                    -5.3435659
                  ],
                  [
                    14.1326,
                    -5.3444821
                  ],
                  [
                    14.132416,
                    -5.3454696
                  ],
                  [
                    14.1324569,
                    -5.3461822
                  ],
                  [
                    14.1330295,
                    -5.3476482
                  ],
                  [
                    14.1331828,
                    -5.3487884
                  ],
                  [
                    14.1339599,
                    -5.350122
                  ],
                  [
                    14.1346552,
                    -5.3502034
                  ],
                  [
                    14.1354936,
                    -5.3500303
                  ],
                  [
                    14.1364241,
                    -5.3501525
                  ],
                  [
                    14.1371603,
                    -5.3505699
                  ],
                  [
                    14.1379373,
                    -5.3516185
                  ],
                  [
                    14.138469,
                    -5.3525143
                  ],
                  [
                    14.1387758,
                    -5.3533898
                  ],
                  [
                    14.1387144,
                    -5.3540108
                  ],
                  [
                    14.1386633,
                    -5.3545707
                  ],
                  [
                    14.1386531,
                    -5.3550288
                  ],
                  [
                    14.1386122,
                    -5.3557516
                  ],
                  [
                    14.1393074,
                    -5.3571564
                  ],
                  [
                    14.1399414,
                    -5.3578487
                  ],
                  [
                    14.1408923,
                    -5.3586325
                  ],
                  [
                    14.1413115,
                    -5.3591619
                  ],
                  [
                    14.1424771,
                    -5.3608518
                  ],
                  [
                    14.1431519,
                    -5.3616967
                  ],
                  [
                    14.1446243,
                    -5.3626842
                  ],
                  [
                    14.1457695,
                    -5.3630303
                  ],
                  [
                    14.1463011,
                    -5.3632542
                  ],
                  [
                    14.1477531,
                    -5.3643028
                  ],
                  [
                    14.1485915,
                    -5.3652292
                  ],
                  [
                    14.1491027,
                    -5.3654124
                  ],
                  [
                    14.1496958,
                    -5.3652699
                  ],
                  [
                    14.1500434,
                    -5.3647202
                  ],
                  [
                    14.1504217,
                    -5.3642417
                  ],
                  [
                    14.1512499,
                    -5.3638243
                  ],
                  [
                    14.1519861,
                    -5.3634782
                  ],
                  [
                    14.152937,
                    -5.3634273
                  ],
                  [
                    14.1541333,
                    -5.3632441
                  ],
                  [
                    14.1551966,
                    -5.3625416
                  ],
                  [
                    14.1557999,
                    -5.3620836
                  ],
                  [
                    14.1567508,
                    -5.3619309
                  ],
                  [
                    14.1571291,
                    -5.3619614
                  ],
                  [
                    14.1579471,
                    -5.3621344
                  ],
                  [
                    14.1582334,
                    -5.3625722
                  ],
                  [
                    14.1591536,
                    -5.3631321
                  ],
                  [
                    14.1602681,
                    -5.363071
                  ],
                  [
                    14.1614746,
                    -5.3631423
                  ],
                  [
                    14.1619756,
                    -5.3632441
                  ],
                  [
                    14.1629879,
                    -5.3640686
                  ],
                  [
                    14.1631004,
                    -5.3654429
                  ],
                  [
                    14.1629981,
                    -5.3666849
                  ],
                  [
                    14.1628959,
                    -5.3673262
                  ],
                  [
                    14.1618223,
                    -5.3688735
                  ],
                  [
                    14.1618018,
                    -5.3697083
                  ],
                  [
                    14.1625584,
                    -5.3701358
                  ],
                  [
                    14.163356,
                    -5.3701969
                  ],
                  [
                    14.1644807,
                    -5.3697897
                  ],
                  [
                    14.1653191,
                    -5.3696676
                  ],
                  [
                    14.1664643,
                    -5.3704005
                  ],
                  [
                    14.1669551,
                    -5.3715407
                  ],
                  [
                    14.1679366,
                    -5.3719071
                  ],
                  [
                    14.1688569,
                    -5.3713167
                  ],
                  [
                    14.1696953,
                    -5.3716628
                  ],
                  [
                    14.1709018,
                    -5.3726197
                  ],
                  [
                    14.1716993,
                    -5.3734952
                  ],
                  [
                    14.1710449,
                    -5.375185
                  ],
                  [
                    14.1704519,
                    -5.3772617
                  ],
                  [
                    14.1700634,
                    -5.3786054
                  ],
                  [
                    14.169184,
                    -5.379603
                  ],
                  [
                    14.1696748,
                    -5.3807431
                  ],
                  [
                    14.1704724,
                    -5.3811707
                  ],
                  [
                    14.1720879,
                    -5.3813336
                  ],
                  [
                    14.1737034,
                    -5.3815779
                  ],
                  [
                    14.1751553,
                    -5.3823515
                  ],
                  [
                    14.1756461,
                    -5.3831455
                  ],
                  [
                    14.1753393,
                    -5.3842857
                  ],
                  [
                    14.1746645,
                    -5.3847539
                  ],
                  [
                    14.1737647,
                    -5.3859347
                  ],
                  [
                    14.1725173,
                    -5.386627
                  ],
                  [
                    14.172047,
                    -5.3874413
                  ],
                  [
                    14.1717198,
                    -5.3885611
                  ],
                  [
                    14.1709427,
                    -5.3896197
                  ],
                  [
                    14.1704519,
                    -5.3903119
                  ],
                  [
                    14.1698998,
                    -5.3913095
                  ],
                  [
                    14.1698589,
                    -5.3921035
                  ],
                  [
                    14.1692454,
                    -5.3935083
                  ],
                  [
                    14.1694294,
                    -5.3946484
                  ],
                  [
                    14.1703906,
                    -5.3956663
                  ],
                  [
                    14.171638,
                    -5.3958903
                  ],
                  [
                    14.1724764,
                    -5.3957071
                  ],
                  [
                    14.1734784,
                    -5.3946891
                  ],
                  [
                    14.1739283,
                    -5.3936101
                  ],
                  [
                    14.1751348,
                    -5.3924089
                  ],
                  [
                    14.1768117,
                    -5.3917778
                  ],
                  [
                    14.1782636,
                    -5.3915335
                  ],
                  [
                    14.1795519,
                    -5.390882
                  ],
                  [
                    14.1800018,
                    -5.3905359
                  ],
                  [
                    14.1809834,
                    -5.3906784
                  ],
                  [
                    14.1818218,
                    -5.3915946
                  ],
                  [
                    14.1812697,
                    -5.3930808
                  ],
                  [
                    14.1811061,
                    -5.3939969
                  ],
                  [
                    14.1806153,
                    -5.3952795
                  ],
                  [
                    14.1795928,
                    -5.3962771
                  ],
                  [
                    14.1784885,
                    -5.3970304
                  ],
                  [
                    14.1780795,
                    -5.3983741
                  ],
                  [
                    14.1780182,
                    -5.3986591
                  ],
                  [
                    14.1774661,
                    -5.4002674
                  ],
                  [
                    14.1767094,
                    -5.40155
                  ],
                  [
                    14.1760551,
                    -5.4027308
                  ],
                  [
                    14.1759733,
                    -5.4039116
                  ],
                  [
                    14.1758301,
                    -5.4041152
                  ],
                  [
                    14.1754211,
                    -5.4046242
                  ],
                  [
                    14.1735398,
                    -5.4054996
                  ],
                  [
                    14.1713926,
                    -5.406151
                  ],
                  [
                    14.1704724,
                    -5.4068432
                  ],
                  [
                    14.1703701,
                    -5.4075761
                  ],
                  [
                    14.170002,
                    -5.4091437
                  ],
                  [
                    14.1684888,
                    -5.4109149
                  ],
                  [
                    14.1674458,
                    -5.4122382
                  ],
                  [
                    14.1667301,
                    -5.41291
                  ],
                  [
                    14.1665665,
                    -5.4135004
                  ],
                  [
                    14.1658917,
                    -5.4150273
                  ],
                  [
                    14.1661166,
                    -5.4164727
                  ],
                  [
                    14.166587,
                    -5.4180606
                  ],
                  [
                    14.1668119,
                    -5.4190175
                  ],
                  [
                    14.1670982,
                    -5.4196689
                  ],
                  [
                    14.168407,
                    -5.4222137
                  ],
                  [
                    14.1687751,
                    -5.4242698
                  ],
                  [
                    14.1689387,
                    -5.4258781
                  ],
                  [
                    14.1692249,
                    -5.4267127
                  ],
                  [
                    14.1696544,
                    -5.4285449
                  ],
                  [
                    14.1689591,
                    -5.4297664
                  ],
                  [
                    14.1690409,
                    -5.4311711
                  ],
                  [
                    14.1693681,
                    -5.4328608
                  ],
                  [
                    14.1695317,
                    -5.4337972
                  ],
                  [
                    14.1698998,
                    -5.4353647
                  ],
                  [
                    14.1694499,
                    -5.4365251
                  ],
                  [
                    14.1687342,
                    -5.4371155
                  ],
                  [
                    14.1698793,
                    -5.4396194
                  ],
                  [
                    14.1706155,
                    -5.4415127
                  ],
                  [
                    14.1705951,
                    -5.4428766
                  ],
                  [
                    14.1704928,
                    -5.4439148
                  ],
                  [
                    14.1704928,
                    -5.4443423
                  ],
                  [
                    14.1704724,
                    -5.4459709
                  ],
                  [
                    14.1709631,
                    -5.4473959
                  ],
                  [
                    14.1722719,
                    -5.4480677
                  ],
                  [
                    14.1725378,
                    -5.4487802
                  ],
                  [
                    14.1723128,
                    -5.4495944
                  ],
                  [
                    14.171638,
                    -5.4505512
                  ],
                  [
                    14.1710449,
                    -5.4517116
                  ],
                  [
                    14.1703497,
                    -5.4521187
                  ],
                  [
                    14.1708813,
                    -5.4541748
                  ],
                  [
                    14.1712494,
                    -5.4558644
                  ],
                  [
                    14.1718425,
                    -5.4577779
                  ],
                  [
                    14.172824,
                    -5.4595489
                  ],
                  [
                    14.1731717,
                    -5.4600579
                  ],
                  [
                    14.1748281,
                    -5.4627246
                  ],
                  [
                    14.1759528,
                    -5.464292
                  ],
                  [
                    14.1763413,
                    -5.4651266
                  ],
                  [
                    14.1763822,
                    -5.4662462
                  ],
                  [
                    14.1762186,
                    -5.4668569
                  ],
                  [
                    14.1761369,
                    -5.4677933
                  ],
                  [
                    14.175687,
                    -5.468689
                  ],
                  [
                    14.1755234,
                    -5.4707654
                  ],
                  [
                    14.1759324,
                    -5.4719053
                  ],
                  [
                    14.1761369,
                    -5.473717
                  ],
                  [
                    14.1761369,
                    -5.4743277
                  ],
                  [
                    14.1755847,
                    -5.4750198
                  ],
                  [
                    14.1749099,
                    -5.4759358
                  ],
                  [
                    14.1754211,
                    -5.4772997
                  ],
                  [
                    14.1760551,
                    -5.478806
                  ],
                  [
                    14.1771184,
                    -5.4815134
                  ],
                  [
                    14.1774865,
                    -5.4832233
                  ],
                  [
                    14.1773843,
                    -5.4844446
                  ],
                  [
                    14.1764231,
                    -5.4861749
                  ],
                  [
                    14.1753189,
                    -5.4871926
                  ],
                  [
                    14.1746645,
                    -5.4878847
                  ],
                  [
                    14.1729058,
                    -5.488129
                  ],
                  [
                    14.1715562,
                    -5.487559
                  ],
                  [
                    14.1708404,
                    -5.4880883
                  ],
                  [
                    14.17082,
                    -5.4891671
                  ],
                  [
                    14.1713926,
                    -5.4902053
                  ],
                  [
                    14.1720061,
                    -5.4904496
                  ],
                  [
                    14.1728036,
                    -5.4906531
                  ],
                  [
                    14.174869,
                    -5.4904903
                  ],
                  [
                    14.1764845,
                    -5.4898999
                  ],
                  [
                    14.1781204,
                    -5.488699
                  ],
                  [
                    14.17992,
                    -5.4881697
                  ],
                  [
                    14.1816991,
                    -5.4880883
                  ],
                  [
                    14.1837236,
                    -5.4882308
                  ],
                  [
                    14.1843371,
                    -5.4891468
                  ],
                  [
                    14.1852573,
                    -5.4909584
                  ],
                  [
                    14.1856049,
                    -5.4924648
                  ],
                  [
                    14.1862798,
                    -5.4948871
                  ],
                  [
                    14.1865865,
                    -5.4968819
                  ],
                  [
                    14.1868933,
                    -5.4983475
                  ],
                  [
                    14.186198,
                    -5.4991617
                  ],
                  [
                    14.1847256,
                    -5.4999759
                  ],
                  [
                    14.183335,
                    -5.5004034
                  ],
                  [
                    14.1830283,
                    -5.5003219
                  ],
                  [
                    14.1824762,
                    -5.5007698
                  ],
                  [
                    14.1827625,
                    -5.5018689
                  ],
                  [
                    14.1832124,
                    -5.5027646
                  ],
                  [
                    14.1837031,
                    -5.5039045
                  ],
                  [
                    14.1841939,
                    -5.5052072
                  ],
                  [
                    14.1842757,
                    -5.5065913
                  ],
                  [
                    14.1845825,
                    -5.5080162
                  ],
                  [
                    14.1860753,
                    -5.5091154
                  ],
                  [
                    14.1872613,
                    -5.509726
                  ],
                  [
                    14.1885497,
                    -5.5115987
                  ],
                  [
                    14.1894494,
                    -5.5131456
                  ],
                  [
                    14.1898789,
                    -5.5149368
                  ],
                  [
                    14.190431,
                    -5.5164838
                  ],
                  [
                    14.191024,
                    -5.517644
                  ],
                  [
                    14.1923123,
                    -5.5179086
                  ],
                  [
                    14.1932121,
                    -5.5184379
                  ],
                  [
                    14.1933757,
                    -5.5197202
                  ],
                  [
                    14.193478,
                    -5.52143
                  ],
                  [
                    14.193478,
                    -5.5225088
                  ],
                  [
                    14.1929463,
                    -5.5237504
                  ],
                  [
                    14.1925373,
                    -5.5249106
                  ],
                  [
                    14.1925373,
                    -5.5262336
                  ],
                  [
                    14.1936416,
                    -5.5279434
                  ],
                  [
                    14.1946231,
                    -5.5287983
                  ],
                  [
                    14.1952162,
                    -5.5307319
                  ],
                  [
                    14.1955025,
                    -5.5318718
                  ],
                  [
                    14.1954411,
                    -5.5325028
                  ],
                  [
                    14.1945209,
                    -5.5338868
                  ],
                  [
                    14.1952162,
                    -5.5345382
                  ],
                  [
                    14.1963,
                    -5.534701
                  ],
                  [
                    14.1974861,
                    -5.5349045
                  ],
                  [
                    14.1988766,
                    -5.5353116
                  ],
                  [
                    14.2001445,
                    -5.535393
                  ],
                  [
                    14.2010238,
                    -5.5354948
                  ],
                  [
                    14.2029052,
                    -5.5371842
                  ],
                  [
                    14.2051137,
                    -5.5387514
                  ],
                  [
                    14.206811,
                    -5.5388736
                  ],
                  [
                    14.2089173,
                    -5.538324
                  ],
                  [
                    14.2106964,
                    -5.5374895
                  ],
                  [
                    14.2120256,
                    -5.5368382
                  ],
                  [
                    14.2140705,
                    -5.5374081
                  ],
                  [
                    14.2150521,
                    -5.5384665
                  ],
                  [
                    14.215318,
                    -5.5398099
                  ],
                  [
                    14.2150521,
                    -5.5409904
                  ],
                  [
                    14.2147658,
                    -5.5421302
                  ],
                  [
                    14.2149499,
                    -5.5431072
                  ],
                  [
                    14.2153384,
                    -5.5437992
                  ],
                  [
                    14.2165245,
                    -5.544247
                  ],
                  [
                    14.217915,
                    -5.5446541
                  ],
                  [
                    14.2191215,
                    -5.544939
                  ],
                  [
                    14.2206144,
                    -5.544593
                  ],
                  [
                    14.2212687,
                    -5.5443895
                  ],
                  [
                    14.2229251,
                    -5.5436974
                  ],
                  [
                    14.2236613,
                    -5.5435143
                  ],
                  [
                    14.2247656,
                    -5.5440027
                  ],
                  [
                    14.2254609,
                    -5.5457328
                  ],
                  [
                    14.2258699,
                    -5.5468726
                  ],
                  [
                    14.2263606,
                    -5.5477682
                  ],
                  [
                    14.2268923,
                    -5.548969
                  ],
                  [
                    14.2269741,
                    -5.5500274
                  ],
                  [
                    14.2273218,
                    -5.5510044
                  ],
                  [
                    14.2281806,
                    -5.5523274
                  ],
                  [
                    14.228835,
                    -5.5535079
                  ],
                  [
                    14.2290395,
                    -5.5544034
                  ],
                  [
                    14.2289577,
                    -5.5554211
                  ],
                  [
                    14.2303074,
                    -5.5562149
                  ],
                  [
                    14.231657,
                    -5.556683
                  ],
                  [
                    14.2327,
                    -5.5572936
                  ],
                  [
                    14.233702,
                    -5.5583113
                  ],
                  [
                    14.2352152,
                    -5.5598378
                  ],
                  [
                    14.2360332,
                    -5.560774
                  ],
                  [
                    14.2360741,
                    -5.562097
                  ],
                  [
                    14.2363809,
                    -5.562789
                  ],
                  [
                    14.2371784,
                    -5.5642951
                  ],
                  [
                    14.2373829,
                    -5.5656791
                  ],
                  [
                    14.2376692,
                    -5.5673481
                  ],
                  [
                    14.2378737,
                    -5.5680808
                  ],
                  [
                    14.237526,
                    -5.569017
                  ],
                  [
                    14.2384463,
                    -5.5702178
                  ],
                  [
                    14.2389779,
                    -5.5705638
                  ],
                  [
                    14.2406957,
                    -5.5713983
                  ],
                  [
                    14.2416159,
                    -5.5726805
                  ],
                  [
                    14.2421681,
                    -5.5744105
                  ],
                  [
                    14.2424134,
                    -5.5765272
                  ],
                  [
                    14.2414932,
                    -5.5778297
                  ],
                  [
                    14.2412274,
                    -5.5790102
                  ],
                  [
                    14.2414319,
                    -5.5805366
                  ],
                  [
                    14.2407775,
                    -5.5826533
                  ],
                  [
                    14.2401845,
                    -5.5841797
                  ],
                  [
                    14.240164,
                    -5.5855433
                  ],
                  [
                    14.2412887,
                    -5.586622
                  ],
                  [
                    14.2425975,
                    -5.5865813
                  ],
                  [
                    14.2436813,
                    -5.5859504
                  ],
                  [
                    14.2446424,
                    -5.5865813
                  ],
                  [
                    14.244397,
                    -5.5878024
                  ],
                  [
                    14.243395,
                    -5.5883926
                  ],
                  [
                    14.2428429,
                    -5.5889625
                  ],
                  [
                    14.242393,
                    -5.5901633
                  ],
                  [
                    14.2417591,
                    -5.5906924
                  ],
                  [
                    14.2406957,
                    -5.5914048
                  ],
                  [
                    14.2390188,
                    -5.5918729
                  ],
                  [
                    14.2379146,
                    -5.5926463
                  ],
                  [
                    14.2371375,
                    -5.5935214
                  ],
                  [
                    14.2361968,
                    -5.5948035
                  ],
                  [
                    14.2358287,
                    -5.5957804
                  ],
                  [
                    14.2357878,
                    -5.5973272
                  ],
                  [
                    14.2366467,
                    -5.5976528
                  ],
                  [
                    14.2382417,
                    -5.5973679
                  ],
                  [
                    14.2402049,
                    -5.5967573
                  ],
                  [
                    14.2415137,
                    -5.5975307
                  ],
                  [
                    14.242986,
                    -5.5985076
                  ],
                  [
                    14.242986,
                    -5.5996066
                  ],
                  [
                    14.2448265,
                    -5.6004207
                  ],
                  [
                    14.2460534,
                    -5.6005835
                  ],
                  [
                    14.2466669,
                    -5.6011533
                  ],
                  [
                    14.2468714,
                    -5.603392
                  ],
                  [
                    14.2476894,
                    -5.6056714
                  ],
                  [
                    14.248671,
                    -5.6059563
                  ],
                  [
                    14.2507568,
                    -5.60559
                  ],
                  [
                    14.2523927,
                    -5.6053865
                  ],
                  [
                    14.2548467,
                    -5.6065669
                  ],
                  [
                    14.2562372,
                    -5.6068925
                  ],
                  [
                    14.2572188,
                    -5.6066076
                  ],
                  [
                    14.2576687,
                    -5.6069332
                  ],
                  [
                    14.2592638,
                    -5.6083171
                  ],
                  [
                    14.2606134,
                    -5.6080729
                  ],
                  [
                    14.2613496,
                    -5.6074217
                  ],
                  [
                    14.2616768,
                    -5.6063634
                  ],
                  [
                    14.2623312,
                    -5.6066483
                  ],
                  [
                    14.2627811,
                    -5.6066687
                  ],
                  [
                    14.2634355,
                    -5.6063838
                  ],
                  [
                    14.2645806,
                    -5.6061904
                  ],
                  [
                    14.2655929,
                    -5.6060378
                  ],
                  [
                    14.2665336,
                    -5.6059564
                  ],
                  [
                    14.2675458,
                    -5.6059564
                  ],
                  [
                    14.2678219,
                    -5.6058546
                  ],
                  [
                    14.2680979,
                    -5.6054985
                  ],
                  [
                    14.2686603,
                    -5.6053051
                  ],
                  [
                    14.2696419,
                    -5.6052135
                  ],
                  [
                    14.2700406,
                    -5.6051016
                  ],
                  [
                    14.2712267,
                    -5.6051525
                  ],
                  [
                    14.2723105,
                    -5.6052746
                  ],
                  [
                    14.272924,
                    -5.605529
                  ],
                  [
                    14.2737215,
                    -5.6062515
                  ],
                  [
                    14.2743861,
                    -5.6068824
                  ],
                  [
                    14.2746622,
                    -5.6070452
                  ],
                  [
                    14.2756131,
                    -5.6075336
                  ],
                  [
                    14.2766356,
                    -5.6079508
                  ],
                  [
                    14.2776478,
                    -5.6085207
                  ],
                  [
                    14.2782818,
                    -5.6089786
                  ],
                  [
                    14.2789055,
                    -5.6092635
                  ],
                  [
                    14.2791713,
                    -5.6093042
                  ],
                  [
                    14.2796314,
                    -5.6093246
                  ],
                  [
                    14.2802142,
                    -5.6090193
                  ],
                  [
                    14.2806846,
                    -5.6085817
                  ],
                  [
                    14.2810936,
                    -5.6080628
                  ],
                  [
                    14.281523,
                    -5.6075438
                  ],
                  [
                    14.2820751,
                    -5.6072589
                  ],
                  [
                    14.2822694,
                    -5.607208
                  ],
                  [
                    14.2830158,
                    -5.6070655
                  ],
                  [
                    14.2834861,
                    -5.6076964
                  ],
                  [
                    14.2835475,
                    -5.6086021
                  ],
                  [
                    14.2836293,
                    -5.609579
                  ],
                  [
                    14.2835884,
                    -5.6105253
                  ],
                  [
                    14.2834657,
                    -5.6110036
                  ],
                  [
                    14.2833123,
                    -5.612306
                  ],
                  [
                    14.2830567,
                    -5.6131099
                  ],
                  [
                    14.283118,
                    -5.6138528
                  ],
                  [
                    14.2832407,
                    -5.6145854
                  ],
                  [
                    14.2831998,
                    -5.6152875
                  ],
                  [
                    14.2829851,
                    -5.6157454
                  ],
                  [
                    14.2829953,
                    -5.6165391
                  ],
                  [
                    14.2832919,
                    -5.6168037
                  ],
                  [
                    14.2840383,
                    -5.6168546
                  ],
                  [
                    14.2847642,
                    -5.6169258
                  ],
                  [
                    14.2852857,
                    -5.6172107
                  ],
                  [
                    14.2855618,
                    -5.6177805
                  ],
                  [
                    14.2859503,
                    -5.6186149
                  ],
                  [
                    14.2861957,
                    -5.6197851
                  ],
                  [
                    14.2860321,
                    -5.6206704
                  ],
                  [
                    14.2860423,
                    -5.6210876
                  ],
                  [
                    14.2862366,
                    -5.6218304
                  ],
                  [
                    14.2862161,
                    -5.6223596
                  ],
                  [
                    14.2864922,
                    -5.6228175
                  ],
                  [
                    14.2872693,
                    -5.6230515
                  ],
                  [
                    14.2879748,
                    -5.6231227
                  ],
                  [
                    14.2884656,
                    -5.6232143
                  ],
                  [
                    14.2888337,
                    -5.6231634
                  ],
                  [
                    14.2893858,
                    -5.622502
                  ],
                  [
                    14.2898459,
                    -5.621922
                  ],
                  [
                    14.2900913,
                    -5.6213929
                  ],
                  [
                    14.2901629,
                    -5.6211792
                  ],
                  [
                    14.290531,
                    -5.6200395
                  ],
                  [
                    14.2909195,
                    -5.6194799
                  ],
                  [
                    14.2915228,
                    -5.6187879
                  ],
                  [
                    14.2919726,
                    -5.6181469
                  ],
                  [
                    14.2927088,
                    -5.6176584
                  ],
                  [
                    14.2934246,
                    -5.6171802
                  ],
                  [
                    14.2940278,
                    -5.6164984
                  ],
                  [
                    14.2943243,
                    -5.6157047
                  ],
                  [
                    14.2945697,
                    -5.6153689
                  ],
                  [
                    14.2957251,
                    -5.6153689
                  ],
                  [
                    14.2967271,
                    -5.6155216
                  ],
                  [
                    14.2975247,
                    -5.6156233
                  ],
                  [
                    14.2981688,
                    -5.6156844
                  ],
                  [
                    14.3001831,
                    -5.6153587
                  ],
                  [
                    14.301543,
                    -5.61485
                  ],
                  [
                    14.3024734,
                    -5.6142394
                  ],
                  [
                    14.3031074,
                    -5.61485
                  ],
                  [
                    14.3035164,
                    -5.6157658
                  ],
                  [
                    14.3034346,
                    -5.616763
                  ],
                  [
                    14.3032607,
                    -5.6174855
                  ],
                  [
                    14.3032914,
                    -5.6184827
                  ],
                  [
                    14.3035573,
                    -5.620009
                  ],
                  [
                    14.3038231,
                    -5.6217694
                  ],
                  [
                    14.3038435,
                    -5.6230108
                  ],
                  [
                    14.3039356,
                    -5.6239978
                  ],
                  [
                    14.3038231,
                    -5.6251476
                  ],
                  [
                    14.3028722,
                    -5.6259719
                  ],
                  [
                    14.3023814,
                    -5.6265519
                  ],
                  [
                    14.3023201,
                    -5.627142
                  ],
                  [
                    14.3022792,
                    -5.6274066
                  ],
                  [
                    14.3025041,
                    -5.6282512
                  ],
                  [
                    14.3026473,
                    -5.6287192
                  ],
                  [
                    14.303363,
                    -5.6291669
                  ],
                  [
                    14.3041401,
                    -5.6293501
                  ],
                  [
                    14.3051216,
                    -5.6293297
                  ],
                  [
                    14.305592,
                    -5.6288922
                  ],
                  [
                    14.3064099,
                    -5.6285869
                  ],
                  [
                    14.3069519,
                    -5.6283631
                  ],
                  [
                    14.3072279,
                    -5.6281901
                  ],
                  [
                    14.3079232,
                    -5.627661
                  ],
                  [
                    14.3086083,
                    -5.6267045
                  ],
                  [
                    14.3094262,
                    -5.6260329
                  ],
                  [
                    14.310009,
                    -5.6256869
                  ],
                  [
                    14.3101931,
                    -5.6251782
                  ],
                  [
                    14.3103567,
                    -5.6239571
                  ],
                  [
                    14.311236,
                    -5.6233771
                  ],
                  [
                    14.3117984,
                    -5.6229803
                  ],
                  [
                    14.3129435,
                    -5.623601
                  ],
                  [
                    14.3137002,
                    -5.6241911
                  ],
                  [
                    14.314058,
                    -5.6249238
                  ],
                  [
                    14.314375,
                    -5.6257175
                  ],
                  [
                    14.3143341,
                    -5.6269894
                  ],
                  [
                    14.3141807,
                    -5.6276101
                  ],
                  [
                    14.3140785,
                    -5.6274982
                  ],
                  [
                    14.3135161,
                    -5.6275694
                  ],
                  [
                    14.3133014,
                    -5.6280985
                  ],
                  [
                    14.3137922,
                    -5.6286683
                  ],
                  [
                    14.3148453,
                    -5.629289
                  ],
                  [
                    14.3166142,
                    -5.6293094
                  ],
                  [
                    14.3176571,
                    -5.6291466
                  ],
                  [
                    14.3181479,
                    -5.628648
                  ],
                  [
                    14.3189863,
                    -5.6266536
                  ],
                  [
                    14.3193544,
                    -5.6261143
                  ],
                  [
                    14.3198145,
                    -5.624995
                  ],
                  [
                    14.3201826,
                    -5.6239062
                  ],
                  [
                    14.3210108,
                    -5.6233059
                  ],
                  [
                    14.3222174,
                    -5.6228175
                  ],
                  [
                    14.3243748,
                    -5.6225427
                  ],
                  [
                    14.3258062,
                    -5.6222476
                  ],
                  [
                    14.3269718,
                    -5.6219322
                  ],
                  [
                    14.3282193,
                    -5.6212504
                  ],
                  [
                    14.3290168,
                    -5.620823
                  ],
                  [
                    14.3295689,
                    -5.6201209
                  ],
                  [
                    14.3299268,
                    -5.6197343
                  ],
                  [
                    14.3309288,
                    -5.6199785
                  ],
                  [
                    14.3318388,
                    -5.6206501
                  ],
                  [
                    14.3327488,
                    -5.6208129
                  ],
                  [
                    14.3334236,
                    -5.620528
                  ],
                  [
                    14.3340167,
                    -5.6203651
                  ],
                  [
                    14.3346199,
                    -5.6205178
                  ],
                  [
                    14.3350187,
                    -5.6204262
                  ],
                  [
                    14.3355504,
                    -5.6202837
                  ],
                  [
                    14.3365524,
                    -5.619602
                  ],
                  [
                    14.3377078,
                    -5.6192357
                  ],
                  [
                    14.3384133,
                    -5.6188592
                  ],
                  [
                    14.3388223,
                    -5.6181774
                  ],
                  [
                    14.3394971,
                    -5.6175669
                  ],
                  [
                    14.340264,
                    -5.6169461
                  ],
                  [
                    14.341675,
                    -5.616936
                  ],
                  [
                    14.3429224,
                    -5.6170988
                  ],
                  [
                    14.343679,
                    -5.616936
                  ],
                  [
                    14.3440164,
                    -5.6169258
                  ],
                  [
                    14.3454888,
                    -5.6172616
                  ],
                  [
                    14.3466749,
                    -5.6175058
                  ],
                  [
                    14.3477791,
                    -5.617689
                  ],
                  [
                    14.3482699,
                    -5.6176381
                  ],
                  [
                    14.3499672,
                    -5.6175669
                  ],
                  [
                    14.3508568,
                    -5.6175567
                  ],
                  [
                    14.3517872,
                    -5.6178925
                  ],
                  [
                    14.3525439,
                    -5.6183707
                  ],
                  [
                    14.3535766,
                    -5.6190932
                  ],
                  [
                    14.3546808,
                    -5.618503
                  ],
                  [
                    14.3554886,
                    -5.6180248
                  ],
                  [
                    14.3561634,
                    -5.6172514
                  ],
                  [
                    14.3571654,
                    -5.6153791
                  ],
                  [
                    14.3577789,
                    -5.6148093
                  ],
                  [
                    14.3581777,
                    -5.6146057
                  ],
                  [
                    14.3595785,
                    -5.6149823
                  ],
                  [
                    14.361061,
                    -5.6151552
                  ],
                  [
                    14.3641284,
                    -5.6140563
                  ],
                  [
                    14.3650947,
                    -5.6144328
                  ],
                  [
                    14.3653614,
                    -5.6153109
                  ],
                  [
                    14.3656417,
                    -5.6162339
                  ],
                  [
                    14.366337,
                    -5.616824
                  ],
                  [
                    14.367564,
                    -5.6171497
                  ],
                  [
                    14.3682081,
                    -5.6182893
                  ],
                  [
                    14.3690568,
                    -5.6191034
                  ],
                  [
                    14.3709483,
                    -5.6189813
                  ],
                  [
                    14.3724718,
                    -5.6194086
                  ],
                  [
                    14.3735352,
                    -5.6191644
                  ],
                  [
                    14.3750894,
                    -5.6193578
                  ],
                  [
                    14.3761629,
                    -5.6202837
                  ],
                  [
                    14.3775433,
                    -5.6206907
                  ],
                  [
                    14.380263,
                    -5.6220543
                  ],
                  [
                    14.3831464,
                    -5.6231125
                  ],
                  [
                    14.3842098,
                    -5.6241504
                  ],
                  [
                    14.3854572,
                    -5.6248424
                  ],
                  [
                    14.386541,
                    -5.6250662
                  ],
                  [
                    14.3876453,
                    -5.6247813
                  ],
                  [
                    14.3899356,
                    -5.6253104
                  ],
                  [
                    14.3914283,
                    -5.6243843
                  ],
                  [
                    14.396395,
                    -5.6525164
                  ],
                  [
                    14.4068652,
                    -5.6941917
                  ],
                  [
                    14.4382755,
                    -5.7540946
                  ],
                  [
                    14.4513631,
                    -5.78795
                  ],
                  [
                    14.4801559,
                    -5.8400313
                  ],
                  [
                    14.5089487,
                    -5.879089
                  ],
                  [
                    14.5482116,
                    -5.905126
                  ],
                  [
                    14.5691518,
                    -5.9337653
                  ],
                  [
                    14.5953271,
                    -5.9415757
                  ],
                  [
                    14.6293549,
                    -5.9155405
                  ],
                  [
                    14.6712354,
                    -5.8921077
                  ],
                  [
                    14.7392911,
                    -5.8634662
                  ],
                  [
                    14.8230519,
                    -5.8270114
                  ],
                  [
                    14.9041953,
                    -5.7957625
                  ],
                  [
                    14.9513107,
                    -5.7723247
                  ],
                  [
                    15.0115139,
                    -5.7332596
                  ],
                  [
                    15.0690994,
                    -5.6915871
                  ],
                  [
                    15.1371551,
                    -5.644702
                  ],
                  [
                    15.2025933,
                    -5.6082332
                  ],
                  [
                    15.2549439,
                    -5.5847877
                  ],
                  [
                    15.3177645,
                    -5.5483151
                  ],
                  [
                    15.3832027,
                    -5.4962076
                  ],
                  [
                    15.4224656,
                    -5.4727577
                  ],
                  [
                    15.4774336,
                    -5.4258551
                  ],
                  [
                    15.6001405,
                    -5.3568622
                  ],
                  [
                    15.5872368,
                    -5.291866
                  ],
                  [
                    15.5593117,
                    -5.1958015
                  ],
                  [
                    15.5313867,
                    -5.1148938
                  ],
                  [
                    15.480614,
                    -5.0112157
                  ],
                  [
                    15.4234946,
                    -4.9138445
                  ],
                  [
                    15.3790684,
                    -4.7873673
                  ],
                  [
                    15.3244877,
                    -4.7076745
                  ],
                  [
                    15.2914854,
                    -4.6342985
                  ],
                  [
                    15.2495979,
                    -4.5760984
                  ]
                ]
              ]
            }
        },
        {
        "type": "Feature",
        "properties": {
            "slug": "mpemba",
            "name": "Kingdom of Mpemba",
            "variant": "1250-1279",
            "start_date": "1250",
            "end_date": "1279",
            "region_type": "kingdom",
            "source_system": "OHM",
            "osm_type": "way",
            "osm_id": "201345254",
            "wikidata": "Q131320047",
            "wikipedia": "en:Mpemba"
        },
            "geometry": {
                "type": "Polygon",
                "coordinates": [
                [
                    [
                    13.3778294,
                    -5.8729822
                    ],
                    [
                    13.3743388,
                    -5.8781906
                    ],
                    [
                    13.3684682,
                    -5.8912904
                    ],
                    [
                    13.3648189,
                    -5.9061259
                    ],
                    [
                    13.3537123,
                    -5.9092824
                    ],
                    [
                    13.3413365,
                    -5.8990238
                    ],
                    [
                    13.3283259,
                    -5.8972878
                    ],
                    [
                    13.3167434,
                    -5.8960252
                    ],
                    [
                    13.3029396,
                    -5.8863977
                    ],
                    [
                    13.2872317,
                    -5.8792954
                    ],
                    [
                    13.2764425,
                    -5.8747183
                    ],
                    [
                    13.2593067,
                    -5.8690363
                    ],
                    [
                    13.2443922,
                    -5.8671423
                    ],
                    [
                    13.2215445,
                    -5.8616181
                    ],
                    [
                    13.2168504,
                    -5.8626117
                    ],
                    [
                    13.2237443,
                    -5.9012218
                    ],
                    [
                    13.2237443,
                    -5.9402753
                    ],
                    [
                    13.2237443,
                    -5.9845325
                    ],
                    [
                    13.2250531,
                    -6.0196754
                    ],
                    [
                    13.2433758,
                    -6.0678305
                    ],
                    [
                    13.2630072,
                    -6.0938585
                    ],
                    [
                    13.308814,
                    -6.1511156
                    ],
                    [
                    13.3258279,
                    -6.1797419
                    ],
                    [
                    13.336298,
                    -6.2044633
                    ],
                    [
                    13.3807959,
                    -6.272116
                    ],
                    [
                    13.4226764,
                    -6.3358577
                    ],
                    [
                    13.4645568,
                    -6.4204007
                    ],
                    [
                    13.4881145,
                    -6.4932266
                    ],
                    [
                    13.5195249,
                    -6.5556404
                    ],
                    [
                    13.5260687,
                    -6.6076459
                    ],
                    [
                    13.5352307,
                    -6.6453471
                    ],
                    [
                    13.5476639,
                    -6.6531469
                    ],
                    [
                    13.5718761,
                    -6.6635464
                    ],
                    [
                    13.6203003,
                    -6.6784953
                    ],
                    [
                    13.6576001,
                    -6.6830448
                    ],
                    [
                    13.6955542,
                    -6.690844
                    ],
                    [
                    13.7184576,
                    -6.7142407
                    ],
                    [
                    13.7433241,
                    -6.7408856
                    ],
                    [
                    13.7616468,
                    -6.7740273
                    ],
                    [
                    13.7865133,
                    -6.7876732
                    ],
                    [
                    13.8225043,
                    -6.814314
                    ],
                    [
                    13.8702741,
                    -6.8429026
                    ],
                    [
                    13.9134633,
                    -6.8714894
                    ],
                    [
                    13.95927,
                    -6.8961766
                    ],
                    [
                    14.0112939,
                    -6.9198075
                    ],
                    [
                    14.0225412,
                    -6.9243143
                    ],
                    [
                    14.0231956,
                    -6.9224872
                    ],
                    [
                    14.0246679,
                    -6.9204978
                    ],
                    [
                    14.0260585,
                    -6.9190362
                    ],
                    [
                    14.0279705,
                    -6.9155648
                    ],
                    [
                    14.0280114,
                    -6.9154024
                    ],
                    [
                    14.028083,
                    -6.9147934
                    ],
                    [
                    14.0281034,
                    -6.9141539
                    ],
                    [
                    14.0281442,
                    -6.9133925
                    ],
                    [
                    14.0314161,
                    -6.9120932
                    ],
                    [
                    14.03387,
                    -6.910794
                    ],
                    [
                    14.0343608,
                    -6.9088451
                    ],
                    [
                    14.0341972,
                    -6.9065714
                    ],
                    [
                    14.0359968,
                    -6.9062466
                    ],
                    [
                    14.0384507,
                    -6.9062466
                    ],
                    [
                    14.0402503,
                    -6.9049473
                    ],
                    [
                    14.0430724,
                    -6.9012526
                    ],
                    [
                    14.0451991,
                    -6.8996285
                    ],
                    [
                    14.0475304,
                    -6.8992631
                    ],
                    [
                    14.0512113,
                    -6.8994661
                    ],
                    [
                    14.0551376,
                    -6.8987758
                    ],
                    [
                    14.0593501,
                    -6.8971111
                    ],
                    [
                    14.0620495,
                    -6.8985728
                    ],
                    [
                    14.0643807,
                    -6.898654
                    ],
                    [
                    14.0683479,
                    -6.8987758
                    ],
                    [
                    14.0710472,
                    -6.8962179
                    ],
                    [
                    14.0735011,
                    -6.8930508
                    ],
                    [
                    14.0762823,
                    -6.8899244
                    ],
                    [
                    14.0800041,
                    -6.8881378
                    ],
                    [
                    14.0820899,
                    -6.8874475
                    ],
                    [
                    14.0845029,
                    -6.8870821
                    ],
                    [
                    14.0885519,
                    -6.8872039
                    ],
                    [
                    14.0937461,
                    -6.8880566
                    ],
                    [
                    14.0984086,
                    -6.8885438
                    ],
                    [
                    14.0995128,
                    -6.8917109
                    ],
                    [
                    14.1003308,
                    -6.8931726
                    ],
                    [
                    14.1024984,
                    -6.893335
                    ],
                    [
                    14.1040526,
                    -6.89232
                    ],
                    [
                    14.1053614,
                    -6.890574
                    ],
                    [
                    14.1082652,
                    -6.8893153
                    ],
                    [
                    14.1125187,
                    -6.8894371
                    ],
                    [
                    14.1155861,
                    -6.8893559
                    ],
                    [
                    14.1172629,
                    -6.888422
                    ],
                    [
                    14.1200849,
                    -6.8874069
                    ],
                    [
                    14.1243384,
                    -6.8867979
                    ],
                    [
                    14.1263016,
                    -6.8891529
                    ],
                    [
                    14.1274467,
                    -6.8919951
                    ],
                    [
                    14.1289191,
                    -6.8928072
                    ],
                    [
                    14.1315366,
                    -6.8931726
                    ],
                    [
                    14.1353402,
                    -6.892929
                    ],
                    [
                    14.1373443,
                    -6.8925636
                    ],
                    [
                    14.1405753,
                    -6.893335
                    ],
                    [
                    14.144338,
                    -6.8935381
                    ],
                    [
                    14.1466283,
                    -6.892726
                    ],
                    [
                    14.1494094,
                    -6.8911831
                    ],
                    [
                    14.1507182,
                    -6.8900868
                    ],
                    [
                    14.1511272,
                    -6.8893559
                    ],
                    [
                    14.1539492,
                    -6.8885438
                    ],
                    [
                    14.1581209,
                    -6.8871227
                    ],
                    [
                    14.160902,
                    -6.8854986
                    ],
                    [
                    14.1638876,
                    -6.8831435
                    ],
                    [
                    14.1651964,
                    -6.8805855
                    ],
                    [
                    14.168182,
                    -6.8768498
                    ],
                    [
                    14.1702269,
                    -6.8754693
                    ],
                    [
                    14.1721901,
                    -6.8738857
                    ],
                    [
                    14.1737851,
                    -6.8722209
                    ],
                    [
                    14.1731717,
                    -6.8700688
                    ],
                    [
                    14.1718629,
                    -6.8686476
                    ],
                    [
                    14.1709631,
                    -6.8659271
                    ],
                    [
                    14.1721901,
                    -6.8640186
                    ],
                    [
                    14.1751348,
                    -6.861501
                    ],
                    [
                    14.1793883,
                    -6.8598768
                    ],
                    [
                    14.1858503,
                    -6.8562629
                    ],
                    [
                    14.1914535,
                    -6.854395
                    ],
                    [
                    14.1929258,
                    -6.8542325
                    ],
                    [
                    14.1947254,
                    -6.8555319
                    ],
                    [
                    14.1958296,
                    -6.856872
                    ],
                    [
                    14.1970975,
                    -6.8565471
                    ],
                    [
                    14.1988561,
                    -6.8544356
                    ],
                    [
                    14.2016373,
                    -6.8528519
                    ],
                    [
                    14.2038867,
                    -6.8511464
                    ],
                    [
                    14.2045002,
                    -6.8494003
                    ],
                    [
                    14.204991,
                    -6.8487912
                    ],
                    [
                    14.2056454,
                    -6.8469233
                    ],
                    [
                    14.208631,
                    -6.845299
                    ],
                    [
                    14.2134979,
                    -6.8427813
                    ],
                    [
                    14.2175878,
                    -6.8411164
                    ],
                    [
                    14.2204098,
                    -6.8391267
                    ],
                    [
                    14.2245406,
                    -6.8372587
                    ],
                    [
                    14.2254813,
                    -6.8371369
                    ],
                    [
                    14.2276489,
                    -6.8357968
                    ],
                    [
                    14.2304301,
                    -6.8355938
                    ],
                    [
                    14.2326386,
                    -6.835675
                    ],
                    [
                    14.236115,
                    -6.8350659
                    ],
                    [
                    14.239346,
                    -6.8334415
                    ],
                    [
                    14.240982,
                    -6.8320202
                    ],
                    [
                    14.2416772,
                    -6.830071
                    ],
                    [
                    14.2412683,
                    -6.8284873
                    ],
                    [
                    14.2386098,
                    -6.8269441
                    ],
                    [
                    14.238119,
                    -6.8248731
                    ],
                    [
                    14.2398777,
                    -6.8236954
                    ],
                    [
                    14.2411047,
                    -6.8234112
                    ],
                    [
                    14.2415546,
                    -6.8210964
                    ],
                    [
                    14.2413092,
                    -6.8188223
                    ],
                    [
                    14.2412274,
                    -6.8180507
                    ],
                    [
                    14.2420862,
                    -6.8148426
                    ],
                    [
                    14.2431905,
                    -6.8125278
                    ],
                    [
                    14.2435586,
                    -6.8105379
                    ],
                    [
                    14.2445811,
                    -6.8068423
                    ],
                    [
                    14.247853,
                    -6.8061113
                    ],
                    [
                    14.2496525,
                    -6.8043651
                    ],
                    [
                    14.248671,
                    -6.8025376
                    ],
                    [
                    14.245808,
                    -6.8014005
                    ],
                    [
                    14.2437631,
                    -6.8019284
                    ],
                    [
                    14.2423725,
                    -6.8016848
                    ],
                    [
                    14.240982,
                    -6.7992887
                    ],
                    [
                    14.2423725,
                    -6.7971769
                    ],
                    [
                    14.2427815,
                    -6.7948215
                    ],
                    [
                    14.2395914,
                    -6.7927503
                    ],
                    [
                    14.2373829,
                    -6.7919786
                    ],
                    [
                    14.2355015,
                    -6.7906791
                    ],
                    [
                    14.2334566,
                    -6.7888515
                    ],
                    [
                    14.232066,
                    -6.7876331
                    ],
                    [
                    14.2293667,
                    -6.7874301
                    ],
                    [
                    14.2269537,
                    -6.7862117
                    ],
                    [
                    14.22724,
                    -6.784506
                    ],
                    [
                    14.2273218,
                    -6.7836937
                    ],
                    [
                    14.23088,
                    -6.7819474
                    ],
                    [
                    14.234111,
                    -6.7793482
                    ],
                    [
                    14.2341928,
                    -6.7754899
                    ],
                    [
                    14.2358287,
                    -6.7750026
                    ],
                    [
                    14.2386098,
                    -6.7748808
                    ],
                    [
                    14.2397141,
                    -6.7725252
                    ],
                    [
                    14.2396732,
                    -6.7711443
                    ],
                    [
                    14.2381599,
                    -6.7683826
                    ],
                    [
                    14.2379555,
                    -6.7664331
                    ],
                    [
                    14.2404094,
                    -6.7637526
                    ],
                    [
                    14.2435586,
                    -6.7620874
                    ],
                    [
                    14.2477303,
                    -6.7633464
                    ],
                    [
                    14.2487528,
                    -6.7630215
                    ],
                    [
                    14.251084,
                    -6.7612751
                    ],
                    [
                    14.2543968,
                    -6.7593662
                    ],
                    [
                    14.2555011,
                    -6.7578229
                    ],
                    [
                    14.2594683,
                    -6.7562795
                    ],
                    [
                    14.2626175,
                    -6.7559952
                    ],
                    [
                    14.26319,
                    -6.7545737
                    ],
                    [
                    14.2663802,
                    -6.7514869
                    ],
                    [
                    14.2674435,
                    -6.7493749
                    ],
                    [
                    14.2701429,
                    -6.7487251
                    ],
                    [
                    14.2740282,
                    -6.7498623
                    ],
                    [
                    14.2761959,
                    -6.7501872
                    ],
                    [
                    14.275746,
                    -6.7483189
                    ],
                    [
                    14.2757869,
                    -6.7464506
                    ],
                    [
                    14.2771366,
                    -6.7425515
                    ],
                    [
                    14.2776273,
                    -6.7395459
                    ],
                    [
                    14.2784044,
                    -6.7358904
                    ],
                    [
                    14.2809811,
                    -6.7335347
                    ],
                    [
                    14.2823716,
                    -6.7335347
                    ],
                    [
                    14.2848255,
                    -6.735728
                    ],
                    [
                    14.2862979,
                    -6.7379213
                    ],
                    [
                    14.2886291,
                    -6.7393428
                    ],
                    [
                    14.2898152,
                    -6.7386524
                    ],
                    [
                    14.2901424,
                    -6.7370277
                    ],
                    [
                    14.291533,
                    -6.7336565
                    ],
                    [
                    14.2912876,
                    -6.7310164
                    ],
                    [
                    14.2906332,
                    -6.7302853
                    ],
                    [
                    14.2878521,
                    -6.7301229
                    ],
                    [
                    14.2855208,
                    -6.7297979
                    ],
                    [
                    14.2849891,
                    -6.7286606
                    ],
                    [
                    14.2851527,
                    -6.7259799
                    ],
                    [
                    14.2876885,
                    -6.7229336
                    ],
                    [
                    14.2888336,
                    -6.7222431
                    ],
                    [
                    14.2906332,
                    -6.7203747
                    ],
                    [
                    14.2937824,
                    -6.7193592
                    ],
                    [
                    14.2952139,
                    -6.7186281
                    ],
                    [
                    14.2959909,
                    -6.7176126
                    ],
                    [
                    14.297586,
                    -6.7167597
                    ],
                    [
                    14.2994673,
                    -6.717897
                    ],
                    [
                    14.3019213,
                    -6.718425
                    ],
                    [
                    14.3027801,
                    -6.7155817
                    ],
                    [
                    14.3035163,
                    -6.7148506
                    ],
                    [
                    14.3055613,
                    -6.7152162
                    ],
                    [
                    14.3087514,
                    -6.717897
                    ],
                    [
                    14.3119415,
                    -6.7193592
                    ],
                    [
                    14.3162768,
                    -6.7198466
                    ],
                    [
                    14.3190988,
                    -6.719806
                    ],
                    [
                    14.3217572,
                    -6.7209027
                    ],
                    [
                    14.3243747,
                    -6.7196435
                    ],
                    [
                    14.3250291,
                    -6.7187906
                    ],
                    [
                    14.3267469,
                    -6.717572
                    ],
                    [
                    14.329937,
                    -6.7155817
                    ],
                    [
                    14.3319819,
                    -6.7135508
                    ],
                    [
                    14.3341496,
                    -6.7108294
                    ],
                    [
                    14.3360309,
                    -6.7096921
                    ],
                    [
                    14.3391392,
                    -6.7092859
                    ],
                    [
                    14.3423702,
                    -6.7095296
                    ],
                    [
                    14.3441698,
                    -6.7120479
                    ],
                    [
                    14.3464192,
                    -6.7117229
                    ],
                    [
                    14.3502637,
                    -6.7091234
                    ],
                    [
                    14.3515724,
                    -6.7073361
                    ],
                    [
                    14.3514088,
                    -6.7049802
                    ],
                    [
                    14.352145,
                    -6.7035992
                    ],
                    [
                    14.3570529,
                    -6.704574
                    ],
                    [
                    14.3584434,
                    -6.7024618
                    ],
                    [
                    14.361061,
                    -6.6992123
                    ],
                    [
                    14.3632695,
                    -6.6971813
                    ],
                    [
                    14.365887,
                    -6.6931193
                    ],
                    [
                    14.3693225,
                    -6.6884886
                    ],
                    [
                    14.3711221,
                    -6.6871075
                    ],
                    [
                    14.3842915,
                    -6.6871075
                    ],
                    [
                    14.3899356,
                    -6.6884073
                    ],
                    [
                    14.3940255,
                    -6.6897072
                    ],
                    [
                    14.3999149,
                    -6.6940129
                    ],
                    [
                    14.4046592,
                    -6.6961252
                    ],
                    [
                    14.4098124,
                    -6.697425
                    ],
                    [
                    14.4119391,
                    -6.6971813
                    ],
                    [
                    14.4143931,
                    -6.6968563
                    ],
                    [
                    14.416438,
                    -6.6937692
                    ],
                    [
                    14.4200371,
                    -6.691332
                    ],
                    [
                    14.4215504,
                    -6.6907634
                    ],
                    [
                    14.4235954,
                    -6.6915351
                    ],
                    [
                    14.424945,
                    -6.6915758
                    ],
                    [
                    14.4267037,
                    -6.6911289
                    ],
                    [
                    14.4289122,
                    -6.6904384
                    ],
                    [
                    14.4321023,
                    -6.6924694
                    ],
                    [
                    14.4313661,
                    -6.6944598
                    ],
                    [
                    14.4320205,
                    -6.6966126
                    ],
                    [
                    14.4332066,
                    -6.6987249
                    ],
                    [
                    14.4329203,
                    -6.7004309
                    ],
                    [
                    14.4321841,
                    -6.7029899
                    ],
                    [
                    14.4325931,
                    -6.7048178
                    ],
                    [
                    14.4333702,
                    -6.708636
                    ],
                    [
                    14.4331248,
                    -6.7102201
                    ],
                    [
                    14.4327976,
                    -6.7116418
                    ],
                    [
                    14.4333702,
                    -6.7131853
                    ],
                    [
                    14.4340246,
                    -6.7141601
                    ],
                    [
                    14.4359877,
                    -6.7150537
                    ],
                    [
                    14.4382372,
                    -6.7154599
                    ],
                    [
                    14.439096,
                    -6.7164753
                    ],
                    [
                    14.4392187,
                    -6.7186687
                    ],
                    [
                    14.4399958,
                    -6.7193998
                    ],
                    [
                    14.4417545,
                    -6.7210246
                    ],
                    [
                    14.442327,
                    -6.7216744
                    ],
                    [
                    14.4435131,
                    -6.7237459
                    ],
                    [
                    14.443963,
                    -6.725858
                    ],
                    [
                    14.4440039,
                    -6.7282545
                    ],
                    [
                    14.4446583,
                    -6.7296354
                    ],
                    [
                    14.4460488,
                    -6.7315851
                    ],
                    [
                    14.4470304,
                    -6.7332097
                    ],
                    [
                    14.4473576,
                    -6.7345095
                    ],
                    [
                    14.4478484,
                    -6.7353624
                    ],
                    [
                    14.4492798,
                    -6.7368652
                    ],
                    [
                    14.4519383,
                    -6.7384493
                    ],
                    [
                    14.4545967,
                    -6.7390585
                    ],
                    [
                    14.4577868,
                    -6.740277
                    ],
                    [
                    14.4595046,
                    -6.7419016
                    ],
                    [
                    14.4606906,
                    -6.7436075
                    ],
                    [
                    14.4619585,
                    -6.7464506
                    ],
                    [
                    14.4627765,
                    -6.7471005
                    ],
                    [
                    14.4627765,
                    -6.7486032
                    ],
                    [
                    14.4618767,
                    -6.7510808
                    ],
                    [
                    14.4622039,
                    -6.7536395
                    ],
                    [
                    14.4630219,
                    -6.7555891
                    ],
                    [
                    14.4644533,
                    -6.7563607
                    ],
                    [
                    14.4658848,
                    -6.757173
                    ],
                    [
                    14.4679297,
                    -6.757498
                    ],
                    [
                    14.4693203,
                    -6.7567669
                    ],
                    [
                    14.4725922,
                    -6.7581478
                    ],
                    [
                    14.4733284,
                    -6.7590413
                    ],
                    [
                    14.4738601,
                    -6.761072
                    ],
                    [
                    14.4745553,
                    -6.7634277
                    ],
                    [
                    14.4763549,
                    -6.7657021
                    ],
                    [
                    14.4782771,
                    -6.7681389
                    ],
                    [
                    14.4806493,
                    -6.7700884
                    ],
                    [
                    14.4833486,
                    -6.7709819
                    ],
                    [
                    14.4854344,
                    -6.770332
                    ],
                    [
                    14.4867432,
                    -6.770332
                    ],
                    [
                    14.4873976,
                    -6.7716723
                    ],
                    [
                    14.4874385,
                    -6.7725658
                    ],
                    [
                    14.4866205,
                    -6.7736217
                    ],
                    [
                    14.4852708,
                    -6.7741091
                    ],
                    [
                    14.4832259,
                    -6.7741497
                    ],
                    [
                    14.4815081,
                    -6.773703
                    ],
                    [
                    14.479954,
                    -6.7740279
                    ],
                    [
                    14.4786452,
                    -6.7745965
                    ],
                    [
                    14.4772138,
                    -6.7757742
                    ],
                    [
                    14.4778681,
                    -6.778211
                    ],
                    [
                    14.4783998,
                    -6.7802823
                    ],
                    [
                    14.4806084,
                    -6.7808509
                    ],
                    [
                    14.4824488,
                    -6.7816631
                    ],
                    [
                    14.4831441,
                    -6.7826378
                    ],
                    [
                    14.4824897,
                    -6.7843842
                    ],
                    [
                    14.4831032,
                    -6.7848715
                    ],
                    [
                    14.4847392,
                    -6.7845872
                    ],
                    [
                    14.4866205,
                    -6.7836531
                    ],
                    [
                    14.4879702,
                    -6.7838156
                    ],
                    [
                    14.4902605,
                    -6.7838156
                    ],
                    [
                    14.493696,
                    -6.7847497
                    ],
                    [
                    14.4943095,
                    -6.7861711
                    ],
                    [
                    14.4931234,
                    -6.7859274
                    ],
                    [
                    14.4910376,
                    -6.7856025
                    ],
                    [
                    14.490056,
                    -6.7872676
                    ],
                    [
                    14.488829,
                    -6.7885266
                    ],
                    [
                    14.4879702,
                    -6.7899074
                    ],
                    [
                    14.4896061,
                    -6.7908821
                    ],
                    [
                    14.4913239,
                    -6.7920192
                    ],
                    [
                    14.4906695,
                    -6.7931564
                    ],
                    [
                    14.4903832,
                    -6.7937249
                    ],
                    [
                    14.4897697,
                    -6.7944153
                    ],
                    [
                    14.4900151,
                    -6.7962022
                    ],
                    [
                    14.4905468,
                    -6.7970551
                    ],
                    [
                    14.4927144,
                    -6.7994105
                    ],
                    [
                    14.4950866,
                    -6.8001009
                    ],
                    [
                    14.4966407,
                    -6.7996136
                    ],
                    [
                    14.4979086,
                    -6.7993293
                    ],
                    [
                    14.4983585,
                    -6.8008725
                    ],
                    [
                    14.4981949,
                    -6.8029437
                    ],
                    [
                    14.4979495,
                    -6.8054616
                    ],
                    [
                    14.4988084,
                    -6.8068423
                    ],
                    [
                    14.5003625,
                    -6.8077764
                    ],
                    [
                    14.5008124,
                    -6.8079794
                    ],
                    [
                    14.5023257,
                    -6.8100506
                    ],
                    [
                    14.5024893,
                    -6.8122435
                    ],
                    [
                    14.503389,
                    -6.8141116
                    ],
                    [
                    14.50298,
                    -6.8164669
                    ],
                    [
                    14.5028982,
                    -6.8195533
                    ],
                    [
                    14.504616,
                    -6.8208122
                    ],
                    [
                    14.5076425,
                    -6.8212183
                    ],
                    [
                    14.5097693,
                    -6.8203655
                    ],
                    [
                    14.5110371,
                    -6.8200812
                    ],
                    [
                    14.5145544,
                    -6.8201624
                    ],
                    [
                    14.5156178,
                    -6.8201624
                    ],
                    [
                    14.5162722,
                    -6.8215431
                    ],
                    [
                    14.5171311,
                    -6.8217056
                    ],
                    [
                    14.5192987,
                    -6.8214619
                    ],
                    [
                    14.5210982,
                    -6.8208528
                    ],
                    [
                    14.5208528,
                    -6.8197969
                    ],
                    [
                    14.5205257,
                    -6.8168324
                    ],
                    [
                    14.5201985,
                    -6.8143552
                    ],
                    [
                    14.5196259,
                    -6.8131369
                    ],
                    [
                    14.5179899,
                    -6.8115531
                    ],
                    [
                    14.5176627,
                    -6.8097257
                    ],
                    [
                    14.5172537,
                    -6.8081419
                    ],
                    [
                    14.5172537,
                    -6.8059489
                    ],
                    [
                    14.5184807,
                    -6.8037559
                    ],
                    [
                    14.5210982,
                    -6.8020503
                    ],
                    [
                    14.5231432,
                    -6.8010756
                    ],
                    [
                    14.5270695,
                    -6.8005883
                    ],
                    [
                    14.5289508,
                    -6.8007101
                    ],
                    [
                    14.5307095,
                    -6.8013193
                    ],
                    [
                    14.5323863,
                    -6.8017254
                    ],
                    [
                    14.5349221,
                    -6.8017254
                    ],
                    [
                    14.5359854,
                    -6.8011162
                    ],
                    [
                    14.5381531,
                    -6.7998979
                    ],
                    [
                    14.5404025,
                    -6.7994512
                    ],
                    [
                    14.5427746,
                    -6.798842
                    ],
                    [
                    14.5444924,
                    -6.7985983
                    ],
                    [
                    14.5459647,
                    -6.7996136
                    ],
                    [
                    14.5459647,
                    -6.8004258
                    ],
                    [
                    14.545065,
                    -6.8012787
                    ],
                    [
                    14.542611,
                    -6.8018472
                    ],
                    [
                    14.5408524,
                    -6.8018878
                    ],
                    [
                    14.5399935,
                    -6.8032686
                    ],
                    [
                    14.5407297,
                    -6.8048118
                    ],
                    [
                    14.5427746,
                    -6.8072484
                    ],
                    [
                    14.5429791,
                    -6.8082637
                    ],
                    [
                    14.5419567,
                    -6.8104973
                    ],
                    [
                    14.5423656,
                    -6.8132994
                    ],
                    [
                    14.5424474,
                    -6.8137867
                    ],
                    [
                    14.5428973,
                    -6.8154517
                    ],
                    [
                    14.5441652,
                    -6.8166294
                    ],
                    [
                    14.5460465,
                    -6.8168324
                    ],
                    [
                    14.5472735,
                    -6.8165888
                    ],
                    [
                    14.5485005,
                    -6.8175228
                    ],
                    [
                    14.5475598,
                    -6.8188629
                    ],
                    [
                    14.5464964,
                    -6.8202436
                    ],
                    [
                    14.5448196,
                    -6.8226396
                    ],
                    [
                    14.5440834,
                    -6.8246294
                    ],
                    [
                    14.5445742,
                    -6.8279188
                    ],
                    [
                    14.5459647,
                    -6.8288122
                    ],
                    [
                    14.5489504,
                    -6.8288528
                    ],
                    [
                    14.5514452,
                    -6.828203
                    ],
                    [
                    14.5547989,
                    -6.8267005
                    ],
                    [
                    14.5572528,
                    -6.8255634
                    ],
                    [
                    14.5581526,
                    -6.8251167
                    ],
                    [
                    14.5596659,
                    -6.8245482
                    ],
                    [
                    14.5627742,
                    -6.8238173
                    ],
                    [
                    14.5637148,
                    -6.8228426
                    ],
                    [
                    14.5643692,
                    -6.8215837
                    ],
                    [
                    14.5660461,
                    -6.8215431
                    ],
                    [
                    14.5674366,
                    -6.8228832
                    ],
                    [
                    14.5674366,
                    -6.8243858
                    ],
                    [
                    14.5670686,
                    -6.8265381
                    ],
                    [
                    14.5674775,
                    -6.828203
                    ],
                    [
                    14.5683773,
                    -6.8286497
                    ],
                    [
                    14.5696861,
                    -6.8282842
                    ],
                    [
                    14.5708313,
                    -6.8276751
                    ],
                    [
                    14.5714447,
                    -6.8265787
                    ],
                    [
                    14.5731625,
                    -6.8267817
                    ],
                    [
                    14.5740214,
                    -6.8288122
                    ],
                    [
                    14.5752892,
                    -6.8315329
                    ],
                    [
                    14.5761481,
                    -6.8325887
                    ],
                    [
                    14.5773342,
                    -6.8346192
                    ],
                    [
                    14.5785202,
                    -6.8369744
                    ],
                    [
                    14.5789292,
                    -6.8403449
                    ],
                    [
                    14.577416,
                    -6.8414819
                    ],
                    [
                    14.5760254,
                    -6.8417662
                    ],
                    [
                    14.5738987,
                    -6.8412789
                    ],
                    [
                    14.5718537,
                    -6.8394109
                    ],
                    [
                    14.5700542,
                    -6.837015
                    ],
                    [
                    14.5683364,
                    -6.8351877
                    ],
                    [
                    14.5662097,
                    -6.835878
                    ],
                    [
                    14.5667823,
                    -6.8385175
                    ],
                    [
                    14.5687454,
                    -6.8413195
                    ],
                    [
                    14.5718537,
                    -6.842822
                    ],
                    [
                    14.5748393,
                    -6.8435123
                    ],
                    [
                    14.5783157,
                    -6.8435935
                    ],
                    [
                    14.5805652,
                    -6.8433499
                    ],
                    [
                    14.5816285,
                    -6.8424565
                    ],
                    [
                    14.5845733,
                    -6.8432686
                    ],
                    [
                    14.5851459,
                    -6.8435935
                    ],
                    [
                    14.5843279,
                    -6.8456645
                    ],
                    [
                    14.5832645,
                    -6.8472482
                    ],
                    [
                    14.5844915,
                    -6.8480197
                    ],
                    [
                    14.585882,
                    -6.8478573
                    ],
                    [
                    14.5876816,
                    -6.8466797
                    ],
                    [
                    14.5890721,
                    -6.8457457
                    ],
                    [
                    14.5914443,
                    -6.8449741
                    ],
                    [
                    14.5942254,
                    -6.8448523
                    ],
                    [
                    14.5961476,
                    -6.8456645
                    ],
                    [
                    14.5977427,
                    -6.8493597
                    ],
                    [
                    14.5987243,
                    -6.8522428
                    ],
                    [
                    14.5989697,
                    -6.8528519
                    ],
                    [
                    14.599624,
                    -6.8545574
                    ],
                    [
                    14.6007692,
                    -6.857075
                    ],
                    [
                    14.5998285,
                    -6.8578871
                    ],
                    [
                    14.5976609,
                    -6.8578059
                    ],
                    [
                    14.5960249,
                    -6.8587804
                    ],
                    [
                    14.5957796,
                    -6.8602017
                    ],
                    [
                    14.5961067,
                    -6.8623132
                    ],
                    [
                    14.5970065,
                    -6.8632877
                    ],
                    [
                    14.5984789,
                    -6.865115
                    ],
                    [
                    14.59762,
                    -6.8661301
                    ],
                    [
                    14.5970065,
                    -6.8673483
                    ],
                    [
                    14.5979881,
                    -6.8677949
                    ],
                    [
                    14.5993378,
                    -6.8671858
                    ],
                    [
                    14.5999103,
                    -6.8667392
                    ],
                    [
                    14.6025688,
                    -6.8661707
                    ],
                    [
                    14.6040002,
                    -6.8661301
                    ],
                    [
                    14.6066586,
                    -6.8661707
                    ],
                    [
                    14.60854,
                    -6.8667392
                    ],
                    [
                    14.609358,
                    -6.8677543
                    ],
                    [
                    14.6104213,
                    -6.8694191
                    ],
                    [
                    14.6107076,
                    -6.8702312
                    ],
                    [
                    14.6114438,
                    -6.871287
                    ],
                    [
                    14.6123845,
                    -6.8714494
                    ],
                    [
                    14.6133252,
                    -6.8704749
                    ],
                    [
                    14.6150429,
                    -6.8705967
                    ],
                    [
                    14.6160245,
                    -6.8694191
                    ],
                    [
                    14.6164335,
                    -6.8673077
                    ],
                    [
                    14.6166789,
                    -6.8658459
                    ],
                    [
                    14.6138159,
                    -6.8660083
                    ],
                    [
                    14.6125481,
                    -6.8657647
                    ],
                    [
                    14.6111575,
                    -6.8656022
                    ],
                    [
                    14.6104213,
                    -6.8653992
                    ],
                    [
                    14.609767,
                    -6.8642622
                    ],
                    [
                    14.6097261,
                    -6.8633283
                    ],
                    [
                    14.6105031,
                    -6.8623132
                    ],
                    [
                    14.6123845,
                    -6.8618259
                    ],
                    [
                    14.6143885,
                    -6.8621507
                    ],
                    [
                    14.6171697,
                    -6.8632065
                    ],
                    [
                    14.6183966,
                    -6.8640998
                    ],
                    [
                    14.6195009,
                    -6.8632877
                    ],
                    [
                    14.6200326,
                    -6.8620695
                    ],
                    [
                    14.6199917,
                    -6.8606483
                    ],
                    [
                    14.6188874,
                    -6.8591459
                    ],
                    [
                    14.61946,
                    -6.8576029
                    ],
                    [
                    14.6201962,
                    -6.8558568
                    ],
                    [
                    14.619869,
                    -6.8546792
                    ],
                    [
                    14.6192146,
                    -6.8533798
                    ],
                    [
                    14.6192964,
                    -6.8513089
                    ],
                    [
                    14.6197463,
                    -6.8497252
                    ],
                    [
                    14.6212186,
                    -6.8505779
                    ],
                    [
                    14.6224047,
                    -6.8517961
                    ],
                    [
                    14.6245314,
                    -6.8517149
                    ],
                    [
                    14.6264128,
                    -6.851187
                    ],
                    [
                    14.6279261,
                    -6.8506185
                    ],
                    [
                    14.6284577,
                    -6.8493191
                    ],
                    [
                    14.6270263,
                    -6.8493191
                    ],
                    [
                    14.6258402,
                    -6.8490755
                    ],
                    [
                    14.6248586,
                    -6.8484258
                    ],
                    [
                    14.6238362,
                    -6.8470451
                    ],
                    [
                    14.6235908,
                    -6.8463142
                    ],
                    [
                    14.6251858,
                    -6.8457457
                    ],
                    [
                    14.6273944,
                    -6.8456645
                    ],
                    [
                    14.6272308,
                    -6.8444463
                    ],
                    [
                    14.6257993,
                    -6.8430656
                    ],
                    [
                    14.6256357,
                    -6.8405885
                    ],
                    [
                    14.6267809,
                    -6.8385175
                    ],
                    [
                    14.6294802,
                    -6.8370557
                    ],
                    [
                    14.6300528,
                    -6.836812
                    ],
                    [
                    14.6302573,
                    -6.8355532
                    ],
                    [
                    14.6308708,
                    -6.8340506
                    ],
                    [
                    14.6331611,
                    -6.8323045
                    ],
                    [
                    14.6345517,
                    -6.8308832
                    ],
                    [
                    14.6361467,
                    -6.8295025
                    ],
                    [
                    14.6395413,
                    -6.8294619
                    ],
                    [
                    14.6419135,
                    -6.8292182
                    ],
                    [
                    14.6416681,
                    -6.8286091
                    ],
                    [
                    14.6419135,
                    -6.8266599
                    ],
                    [
                    14.6432631,
                    -6.8259289
                    ],
                    [
                    14.6448991,
                    -6.8253604
                    ],
                    [
                    14.6469849,
                    -6.8243452
                    ],
                    [
                    14.6484164,
                    -6.822599
                    ],
                    [
                    14.6487845,
                    -6.8211777
                    ],
                    [
                    14.6495615,
                    -6.8206497
                    ],
                    [
                    14.6513202,
                    -6.8217868
                    ],
                    [
                    14.6529153,
                    -6.8230863
                    ],
                    [
                    14.6536105,
                    -6.8242233
                    ],
                    [
                    14.6544694,
                    -6.8254822
                    ],
                    [
                    14.6544285,
                    -6.8266599
                    ],
                    [
                    14.6546739,
                    -6.827269
                    ],
                    [
                    14.6556146,
                    -6.8290964
                    ],
                    [
                    14.6537332,
                    -6.8303147
                    ],
                    [
                    14.6529971,
                    -6.8319796
                    ],
                    [
                    14.6536514,
                    -6.8344973
                    ],
                    [
                    14.6545512,
                    -6.8352283
                    ],
                    [
                    14.6561872,
                    -6.8357156
                    ],
                    [
                    14.658273,
                    -6.8362841
                    ],
                    [
                    14.6601953,
                    -6.8375836
                    ],
                    [
                    14.6617903,
                    -6.8385988
                    ],
                    [
                    14.6636308,
                    -6.8391267
                    ],
                    [
                    14.6650213,
                    -6.839086
                    ],
                    [
                    14.665144,
                    -6.8413195
                    ],
                    [
                    14.665553,
                    -6.8438777
                    ],
                    [
                    14.666371,
                    -6.8444056
                    ],
                    [
                    14.6681705,
                    -6.8444056
                    ],
                    [
                    14.6697656,
                    -6.8447305
                    ],
                    [
                    14.6721377,
                    -6.8450148
                    ],
                    [
                    14.6730375,
                    -6.8445275
                    ],
                    [
                    14.6732011,
                    -6.8433499
                    ],
                    [
                    14.6720968,
                    -6.8428626
                    ],
                    [
                    14.6723422,
                    -6.8410758
                    ],
                    [
                    14.6735283,
                    -6.8401825
                    ],
                    [
                    14.6750824,
                    -6.84002
                    ],
                    [
                    14.6761049,
                    -6.84002
                    ],
                    [
                    14.6776591,
                    -6.8394515
                    ],
                    [
                    14.6785997,
                    -6.8397764
                    ],
                    [
                    14.6790905,
                    -6.8378272
                    ],
                    [
                    14.6802357,
                    -6.837015
                    ],
                    [
                    14.6817898,
                    -6.8369338
                    ],
                    [
                    14.6821988,
                    -6.8379084
                    ],
                    [
                    14.6828123,
                    -6.8385581
                    ],
                    [
                    14.6838348,
                    -6.8385175
                    ],
                    [
                    14.6846528,
                    -6.8387612
                    ],
                    [
                    14.6843665,
                    -6.8400606
                    ],
                    [
                    14.6847755,
                    -6.8412383
                    ],
                    [
                    14.6862478,
                    -6.8426595
                    ],
                    [
                    14.6867386,
                    -6.8445681
                    ],
                    [
                    14.6861251,
                    -6.8451772
                    ],
                    [
                    14.6858797,
                    -6.8465984
                    ],
                    [
                    14.6851845,
                    -6.8470857
                    ],
                    [
                    14.6850209,
                    -6.8465172
                    ],
                    [
                    14.683753,
                    -6.8455427
                    ],
                    [
                    14.682935,
                    -6.8465172
                    ],
                    [
                    14.6833031,
                    -6.8476542
                    ],
                    [
                    14.6828532,
                    -6.84871
                    ],
                    [
                    14.6826487,
                    -6.8494409
                    ],
                    [
                    14.683753,
                    -6.8507404
                    ],
                    [
                    14.684162,
                    -6.850984
                    ],
                    [
                    14.6857161,
                    -6.8504967
                    ],
                    [
                    14.686984,
                    -6.8515525
                    ],
                    [
                    14.6880065,
                    -6.8519992
                    ],
                    [
                    14.6886609,
                    -6.8524864
                    ],
                    [
                    14.6896424,
                    -6.8528113
                    ],
                    [
                    14.6903377,
                    -6.8540295
                    ],
                    [
                    14.6904604,
                    -6.8549634
                    ],
                    [
                    14.6904604,
                    -6.8562222
                    ],
                    [
                    14.690624,
                    -6.8582932
                    ],
                    [
                    14.6908694,
                    -6.8602829
                    ],
                    [
                    14.6914011,
                    -6.8619883
                    ],
                    [
                    14.6923418,
                    -6.8623944
                    ],
                    [
                    14.6936914,
                    -6.8613792
                    ],
                    [
                    14.6947139,
                    -6.8602829
                    ],
                    [
                    14.6956137,
                    -6.8590647
                    ],
                    [
                    14.6965134,
                    -6.8570344
                    ],
                    [
                    14.696677,
                    -6.8558162
                    ],
                    [
                    14.6965134,
                    -6.8541919
                    ],
                    [
                    14.6972905,
                    -6.853461
                    ],
                    [
                    14.6986811,
                    -6.8531362
                    ],
                    [
                    14.6998262,
                    -6.8541513
                    ],
                    [
                    14.6999489,
                    -6.8563441
                    ],
                    [
                    14.7005624,
                    -6.8571968
                    ],
                    [
                    14.7018303,
                    -6.8577247
                    ],
                    [
                    14.7033026,
                    -6.8576841
                    ],
                    [
                    14.7048159,
                    -6.8580089
                    ],
                    [
                    14.7060838,
                    -6.8585774
                    ],
                    [
                    14.7081287,
                    -6.8591053
                    ],
                    [
                    14.7099692,
                    -6.8584962
                    ],
                    [
                    14.7111144,
                    -6.8577856
                    ],
                    [
                    14.7115745,
                    -6.8573288
                    ],
                    [
                    14.7122391,
                    -6.8565674
                    ],
                    [
                    14.7130366,
                    -6.8554609
                    ],
                    [
                    14.7134251,
                    -6.8549533
                    ],
                    [
                    14.7140182,
                    -6.8544457
                    ],
                    [
                    14.7145499,
                    -6.8539382
                    ],
                    [
                    14.7150509,
                    -6.8536438
                    ],
                    [
                    14.7158893,
                    -6.8533798
                    ],
                    [
                    14.7166868,
                    -6.8531869
                    ],
                    [
                    14.7171572,
                    -6.8531159
                    ],
                    [
                    14.7176377,
                    -6.85272
                    ],
                    [
                    14.7176786,
                    -6.8519078
                    ],
                    [
                    14.7177195,
                    -6.8515424
                    ],
                    [
                    14.7178115,
                    -6.8506186
                    ],
                    [
                    14.7178831,
                    -6.8499181
                    ],
                    [
                    14.7184046,
                    -6.8492887
                    ],
                    [
                    14.719059,
                    -6.8488928
                    ],
                    [
                    14.7191305,
                    -6.8486187
                    ],
                    [
                    14.7194475,
                    -6.8480603
                    ],
                    [
                    14.719744,
                    -6.8474817
                    ],
                    [
                    14.719969,
                    -6.8469842
                    ],
                    [
                    14.7200405,
                    -6.8464462
                    ],
                    [
                    14.7199792,
                    -6.8459995
                    ],
                    [
                    14.720153,
                    -6.8456645
                    ],
                    [
                    14.7208381,
                    -6.8455325
                    ],
                    [
                    14.7217787,
                    -6.845431
                    ],
                    [
                    14.7219832,
                    -6.8453295
                    ],
                    [
                    14.7220037,
                    -6.8451163
                    ],
                    [
                    14.7220037,
                    -6.8449539
                    ],
                    [
                    14.7218196,
                    -6.8441823
                    ],
                    [
                    14.7214413,
                    -6.8432382
                    ],
                    [
                    14.7215231,
                    -6.8428118
                    ],
                    [
                    14.7221673,
                    -6.8430149
                    ],
                    [
                    14.7228217,
                    -6.843289
                    ],
                    [
                    14.7229853,
                    -6.8429743
                    ],
                    [
                    14.7234351,
                    -6.8424159
                    ],
                    [
                    14.7251618,
                    -6.8400391
                    ],
                    [
                    14.7327486,
                    -6.8909788
                    ],
                    [
                    14.7432187,
                    -6.94035
                    ],
                    [
                    14.7576151,
                    -6.9793235
                    ],
                    [
                    14.7837903,
                    -7.0364789
                    ],
                    [
                    14.8125831,
                    -7.0936273
                    ],
                    [
                    14.846611,
                    -7.142977
                    ],
                    [
                    14.8662424,
                    -7.2079026
                    ],
                    [
                    14.8780213,
                    -7.2676261
                    ],
                    [
                    14.8754038,
                    -7.3130625
                    ],
                    [
                    14.889474,
                    -7.3562237
                    ],
                    [
                    14.9005984,
                    -7.3818583
                    ],
                    [
                    14.9225202,
                    -7.4068425
                    ],
                    [
                    14.9414973,
                    -7.4230652
                    ],
                    [
                    14.9670182,
                    -7.4581043
                    ],
                    [
                    14.9820686,
                    -7.4752981
                    ],
                    [
                    15.0285297,
                    -7.5135768
                    ],
                    [
                    15.0507787,
                    -7.5460137
                    ],
                    [
                    15.1043595,
                    -7.4867133
                    ],
                    [
                    15.1421281,
                    -7.4596551
                    ],
                    [
                    15.1365027,
                    -7.4493445
                    ],
                    [
                    15.0834978,
                    -7.3377267
                    ],
                    [
                    15.063212,
                    -7.3046253
                    ],
                    [
                    15.0350736,
                    -7.2299759
                    ],
                    [
                    14.996465,
                    -7.1559635
                    ],
                    [
                    14.9722529,
                    -7.1176541
                    ],
                    [
                    14.9526215,
                    -7.0728475
                    ],
                    [
                    14.9303725,
                    -6.9702306
                    ],
                    [
                    14.9264462,
                    -6.9033227
                    ],
                    [
                    14.9526208,
                    -6.8234099
                    ],
                    [
                    14.9303718,
                    -6.7948202
                    ],
                    [
                    14.9015777,
                    -6.7324355
                    ],
                    [
                    14.883255,
                    -6.6674442
                    ],
                    [
                    14.8649324,
                    -6.5816425
                    ],
                    [
                    14.8544622,
                    -6.5296343
                    ],
                    [
                    14.8256695,
                    -6.4464099
                    ],
                    [
                    14.8047292,
                    -6.37878
                    ],
                    [
                    14.7811715,
                    -6.331954
                    ],
                    [
                    14.7471436,
                    -6.2773184
                    ],
                    [
                    14.7131158,
                    -6.2304833
                    ],
                    [
                    14.6712354,
                    -6.1420057
                    ],
                    [
                    14.6215024,
                    -6.0561162
                    ],
                    [
                    14.5770044,
                    -5.978023
                    ],
                    [
                    14.5762934,
                    -5.9740158
                    ],
                    [
                    14.5751537,
                    -5.9675927
                    ],
                    [
                    14.5691518,
                    -5.9337653
                    ],
                    [
                    14.5482116,
                    -5.905126
                    ],
                    [
                    14.5089487,
                    -5.879089
                    ],
                    [
                    14.4801559,
                    -5.8400313
                    ],
                    [
                    14.4513631,
                    -5.78795
                    ],
                    [
                    14.4382755,
                    -5.7540946
                    ],
                    [
                    14.4068652,
                    -5.6941917
                    ],
                    [
                    14.396395,
                    -5.6525164
                    ],
                    [
                    14.3914283,
                    -5.6243843
                    ],
                    [
                    14.3899356,
                    -5.6253104
                    ],
                    [
                    14.3876453,
                    -5.6247813
                    ],
                    [
                    14.386541,
                    -5.6250662
                    ],
                    [
                    14.3854572,
                    -5.6248424
                    ],
                    [
                    14.3842098,
                    -5.6241504
                    ],
                    [
                    14.3831464,
                    -5.6231125
                    ],
                    [
                    14.380263,
                    -5.6220543
                    ],
                    [
                    14.3775433,
                    -5.6206907
                    ],
                    [
                    14.3761629,
                    -5.6202837
                    ],
                    [
                    14.3750894,
                    -5.6193578
                    ],
                    [
                    14.3735352,
                    -5.6191644
                    ],
                    [
                    14.3724718,
                    -5.6194086
                    ],
                    [
                    14.3709483,
                    -5.6189813
                    ],
                    [
                    14.3690568,
                    -5.6191034
                    ],
                    [
                    14.3682081,
                    -5.6182893
                    ],
                    [
                    14.367564,
                    -5.6171497
                    ],
                    [
                    14.366337,
                    -5.616824
                    ],
                    [
                    14.3656417,
                    -5.6162339
                    ],
                    [
                    14.3653614,
                    -5.6153109
                    ],
                    [
                    14.3650947,
                    -5.6144328
                    ],
                    [
                    14.3641284,
                    -5.6140563
                    ],
                    [
                    14.361061,
                    -5.6151552
                    ],
                    [
                    14.3595785,
                    -5.6149823
                    ],
                    [
                    14.3581777,
                    -5.6146057
                    ],
                    [
                    14.3577789,
                    -5.6148093
                    ],
                    [
                    14.3571654,
                    -5.6153791
                    ],
                    [
                    14.3561634,
                    -5.6172514
                    ],
                    [
                    14.3554886,
                    -5.6180248
                    ],
                    [
                    14.3546808,
                    -5.618503
                    ],
                    [
                    14.3535766,
                    -5.6190932
                    ],
                    [
                    14.3525439,
                    -5.6183707
                    ],
                    [
                    14.3517872,
                    -5.6178925
                    ],
                    [
                    14.3508568,
                    -5.6175567
                    ],
                    [
                    14.3499672,
                    -5.6175669
                    ],
                    [
                    14.3482699,
                    -5.6176381
                    ],
                    [
                    14.3477791,
                    -5.617689
                    ],
                    [
                    14.3466749,
                    -5.6175058
                    ],
                    [
                    14.3454888,
                    -5.6172616
                    ],
                    [
                    14.3440164,
                    -5.6169258
                    ],
                    [
                    14.343679,
                    -5.616936
                    ],
                    [
                    14.3429224,
                    -5.6170988
                    ],
                    [
                    14.341675,
                    -5.616936
                    ],
                    [
                    14.340264,
                    -5.6169461
                    ],
                    [
                    14.3394971,
                    -5.6175669
                    ],
                    [
                    14.3388223,
                    -5.6181774
                    ],
                    [
                    14.3384133,
                    -5.6188592
                    ],
                    [
                    14.3377078,
                    -5.6192357
                    ],
                    [
                    14.3365524,
                    -5.619602
                    ],
                    [
                    14.3355504,
                    -5.6202837
                    ],
                    [
                    14.3350187,
                    -5.6204262
                    ],
                    [
                    14.3346199,
                    -5.6205178
                    ],
                    [
                    14.3340167,
                    -5.6203651
                    ],
                    [
                    14.3334236,
                    -5.620528
                    ],
                    [
                    14.3327488,
                    -5.6208129
                    ],
                    [
                    14.3318388,
                    -5.6206501
                    ],
                    [
                    14.3309288,
                    -5.6199785
                    ],
                    [
                    14.3299268,
                    -5.6197343
                    ],
                    [
                    14.3295689,
                    -5.6201209
                    ],
                    [
                    14.3290168,
                    -5.620823
                    ],
                    [
                    14.3282193,
                    -5.6212504
                    ],
                    [
                    14.3269718,
                    -5.6219322
                    ],
                    [
                    14.3258062,
                    -5.6222476
                    ],
                    [
                    14.3243748,
                    -5.6225427
                    ],
                    [
                    14.3222174,
                    -5.6228175
                    ],
                    [
                    14.3210108,
                    -5.6233059
                    ],
                    [
                    14.3201826,
                    -5.6239062
                    ],
                    [
                    14.3198145,
                    -5.624995
                    ],
                    [
                    14.3193544,
                    -5.6261143
                    ],
                    [
                    14.3189863,
                    -5.6266536
                    ],
                    [
                    14.3181479,
                    -5.628648
                    ],
                    [
                    14.3176571,
                    -5.6291466
                    ],
                    [
                    14.3166142,
                    -5.6293094
                    ],
                    [
                    14.3148453,
                    -5.629289
                    ],
                    [
                    14.3137922,
                    -5.6286683
                    ],
                    [
                    14.3133014,
                    -5.6280985
                    ],
                    [
                    14.3135161,
                    -5.6275694
                    ],
                    [
                    14.3140785,
                    -5.6274982
                    ],
                    [
                    14.3141807,
                    -5.6276101
                    ],
                    [
                    14.3143341,
                    -5.6269894
                    ],
                    [
                    14.314375,
                    -5.6257175
                    ],
                    [
                    14.314058,
                    -5.6249238
                    ],
                    [
                    14.3137002,
                    -5.6241911
                    ],
                    [
                    14.3129435,
                    -5.623601
                    ],
                    [
                    14.3117984,
                    -5.6229803
                    ],
                    [
                    14.311236,
                    -5.6233771
                    ],
                    [
                    14.3103567,
                    -5.6239571
                    ],
                    [
                    14.3101931,
                    -5.6251782
                    ],
                    [
                    14.310009,
                    -5.6256869
                    ],
                    [
                    14.3094262,
                    -5.6260329
                    ],
                    [
                    14.3086083,
                    -5.6267045
                    ],
                    [
                    14.3079232,
                    -5.627661
                    ],
                    [
                    14.3072279,
                    -5.6281901
                    ],
                    [
                    14.3069519,
                    -5.6283631
                    ],
                    [
                    14.3064099,
                    -5.6285869
                    ],
                    [
                    14.305592,
                    -5.6288922
                    ],
                    [
                    14.3051216,
                    -5.6293297
                    ],
                    [
                    14.3041401,
                    -5.6293501
                    ],
                    [
                    14.303363,
                    -5.6291669
                    ],
                    [
                    14.3026473,
                    -5.6287192
                    ],
                    [
                    14.3025041,
                    -5.6282512
                    ],
                    [
                    14.3022792,
                    -5.6274066
                    ],
                    [
                    14.3023201,
                    -5.627142
                    ],
                    [
                    14.3023814,
                    -5.6265519
                    ],
                    [
                    14.3028722,
                    -5.6259719
                    ],
                    [
                    14.3038231,
                    -5.6251476
                    ],
                    [
                    14.3039356,
                    -5.6239978
                    ],
                    [
                    14.3038435,
                    -5.6230108
                    ],
                    [
                    14.3038231,
                    -5.6217694
                    ],
                    [
                    14.3035573,
                    -5.620009
                    ],
                    [
                    14.3032914,
                    -5.6184827
                    ],
                    [
                    14.3032607,
                    -5.6174855
                    ],
                    [
                    14.3034346,
                    -5.616763
                    ],
                    [
                    14.3035164,
                    -5.6157658
                    ],
                    [
                    14.3031074,
                    -5.61485
                    ],
                    [
                    14.3024734,
                    -5.6142394
                    ],
                    [
                    14.301543,
                    -5.61485
                    ],
                    [
                    14.3001831,
                    -5.6153587
                    ],
                    [
                    14.2981688,
                    -5.6156844
                    ],
                    [
                    14.2975247,
                    -5.6156233
                    ],
                    [
                    14.2967271,
                    -5.6155216
                    ],
                    [
                    14.2957251,
                    -5.6153689
                    ],
                    [
                    14.2945697,
                    -5.6153689
                    ],
                    [
                    14.2943243,
                    -5.6157047
                    ],
                    [
                    14.2940278,
                    -5.6164984
                    ],
                    [
                    14.2934246,
                    -5.6171802
                    ],
                    [
                    14.2927088,
                    -5.6176584
                    ],
                    [
                    14.2919726,
                    -5.6181469
                    ],
                    [
                    14.2915228,
                    -5.6187879
                    ],
                    [
                    14.2909195,
                    -5.6194799
                    ],
                    [
                    14.290531,
                    -5.6200395
                    ],
                    [
                    14.2901629,
                    -5.6211792
                    ],
                    [
                    14.2900913,
                    -5.6213929
                    ],
                    [
                    14.2898459,
                    -5.621922
                    ],
                    [
                    14.2893858,
                    -5.622502
                    ],
                    [
                    14.2888337,
                    -5.6231634
                    ],
                    [
                    14.2884656,
                    -5.6232143
                    ],
                    [
                    14.2879748,
                    -5.6231227
                    ],
                    [
                    14.2872693,
                    -5.6230515
                    ],
                    [
                    14.2864922,
                    -5.6228175
                    ],
                    [
                    14.2862161,
                    -5.6223596
                    ],
                    [
                    14.2862366,
                    -5.6218304
                    ],
                    [
                    14.2860423,
                    -5.6210876
                    ],
                    [
                    14.2860321,
                    -5.6206704
                    ],
                    [
                    14.2861957,
                    -5.6197851
                    ],
                    [
                    14.2859503,
                    -5.6186149
                    ],
                    [
                    14.2855618,
                    -5.6177805
                    ],
                    [
                    14.2852857,
                    -5.6172107
                    ],
                    [
                    14.2847642,
                    -5.6169258
                    ],
                    [
                    14.2840383,
                    -5.6168546
                    ],
                    [
                    14.2832919,
                    -5.6168037
                    ],
                    [
                    14.2829953,
                    -5.6165391
                    ],
                    [
                    14.2829851,
                    -5.6157454
                    ],
                    [
                    14.2831998,
                    -5.6152875
                    ],
                    [
                    14.2832407,
                    -5.6145854
                    ],
                    [
                    14.283118,
                    -5.6138528
                    ],
                    [
                    14.2830567,
                    -5.6131099
                    ],
                    [
                    14.2833123,
                    -5.612306
                    ],
                    [
                    14.2834657,
                    -5.6110036
                    ],
                    [
                    14.2835884,
                    -5.6105253
                    ],
                    [
                    14.2836293,
                    -5.609579
                    ],
                    [
                    14.2835475,
                    -5.6086021
                    ],
                    [
                    14.2834861,
                    -5.6076964
                    ],
                    [
                    14.2830158,
                    -5.6070655
                    ],
                    [
                    14.2822694,
                    -5.607208
                    ],
                    [
                    14.2820751,
                    -5.6072589
                    ],
                    [
                    14.281523,
                    -5.6075438
                    ],
                    [
                    14.2810936,
                    -5.6080628
                    ],
                    [
                    14.2806846,
                    -5.6085817
                    ],
                    [
                    14.2802142,
                    -5.6090193
                    ],
                    [
                    14.2796314,
                    -5.6093246
                    ],
                    [
                    14.2791713,
                    -5.6093042
                    ],
                    [
                    14.2789055,
                    -5.6092635
                    ],
                    [
                    14.2782818,
                    -5.6089786
                    ],
                    [
                    14.2776478,
                    -5.6085207
                    ],
                    [
                    14.2766356,
                    -5.6079508
                    ],
                    [
                    14.2756131,
                    -5.6075336
                    ],
                    [
                    14.2746622,
                    -5.6070452
                    ],
                    [
                    14.2743861,
                    -5.6068824
                    ],
                    [
                    14.2737215,
                    -5.6062515
                    ],
                    [
                    14.272924,
                    -5.605529
                    ],
                    [
                    14.2723105,
                    -5.6052746
                    ],
                    [
                    14.2712267,
                    -5.6051525
                    ],
                    [
                    14.2700406,
                    -5.6051016
                    ],
                    [
                    14.2696419,
                    -5.6052135
                    ],
                    [
                    14.2686603,
                    -5.6053051
                    ],
                    [
                    14.2680979,
                    -5.6054985
                    ],
                    [
                    14.2678219,
                    -5.6058546
                    ],
                    [
                    14.2675458,
                    -5.6059564
                    ],
                    [
                    14.2665336,
                    -5.6059564
                    ],
                    [
                    14.2655929,
                    -5.6060378
                    ],
                    [
                    14.2645806,
                    -5.6061904
                    ],
                    [
                    14.2634355,
                    -5.6063838
                    ],
                    [
                    14.2627811,
                    -5.6066687
                    ],
                    [
                    14.2623312,
                    -5.6066483
                    ],
                    [
                    14.2616768,
                    -5.6063634
                    ],
                    [
                    14.2613496,
                    -5.6074217
                    ],
                    [
                    14.2606134,
                    -5.6080729
                    ],
                    [
                    14.2592638,
                    -5.6083171
                    ],
                    [
                    14.2576687,
                    -5.6069332
                    ],
                    [
                    14.2572188,
                    -5.6066076
                    ],
                    [
                    14.2562372,
                    -5.6068925
                    ],
                    [
                    14.2548467,
                    -5.6065669
                    ],
                    [
                    14.2523927,
                    -5.6053865
                    ],
                    [
                    14.2507568,
                    -5.60559
                    ],
                    [
                    14.248671,
                    -5.6059563
                    ],
                    [
                    14.2476894,
                    -5.6056714
                    ],
                    [
                    14.2468714,
                    -5.603392
                    ],
                    [
                    14.2466669,
                    -5.6011533
                    ],
                    [
                    14.2460534,
                    -5.6005835
                    ],
                    [
                    14.2448265,
                    -5.6004207
                    ],
                    [
                    14.242986,
                    -5.5996066
                    ],
                    [
                    14.242986,
                    -5.5985076
                    ],
                    [
                    14.2415137,
                    -5.5975307
                    ],
                    [
                    14.2402049,
                    -5.5967573
                    ],
                    [
                    14.2382417,
                    -5.5973679
                    ],
                    [
                    14.2366467,
                    -5.5976528
                    ],
                    [
                    14.2357878,
                    -5.5973272
                    ],
                    [
                    14.2358287,
                    -5.5957804
                    ],
                    [
                    14.2361968,
                    -5.5948035
                    ],
                    [
                    14.2371375,
                    -5.5935214
                    ],
                    [
                    14.2379146,
                    -5.5926463
                    ],
                    [
                    14.2390188,
                    -5.5918729
                    ],
                    [
                    14.2406957,
                    -5.5914048
                    ],
                    [
                    14.2417591,
                    -5.5906924
                    ],
                    [
                    14.242393,
                    -5.5901633
                    ],
                    [
                    14.2428429,
                    -5.5889625
                    ],
                    [
                    14.243395,
                    -5.5883926
                    ],
                    [
                    14.244397,
                    -5.5878024
                    ],
                    [
                    14.2446424,
                    -5.5865813
                    ],
                    [
                    14.2436813,
                    -5.5859504
                    ],
                    [
                    14.2425975,
                    -5.5865813
                    ],
                    [
                    14.2412887,
                    -5.586622
                    ],
                    [
                    14.240164,
                    -5.5855433
                    ],
                    [
                    14.2401845,
                    -5.5841797
                    ],
                    [
                    14.2407775,
                    -5.5826533
                    ],
                    [
                    14.2414319,
                    -5.5805366
                    ],
                    [
                    14.2412274,
                    -5.5790102
                    ],
                    [
                    14.2414932,
                    -5.5778297
                    ],
                    [
                    14.2424134,
                    -5.5765272
                    ],
                    [
                    14.2421681,
                    -5.5744105
                    ],
                    [
                    14.2416159,
                    -5.5726805
                    ],
                    [
                    14.2406957,
                    -5.5713983
                    ],
                    [
                    14.2389779,
                    -5.5705638
                    ],
                    [
                    14.2384463,
                    -5.5702178
                    ],
                    [
                    14.237526,
                    -5.569017
                    ],
                    [
                    14.2378737,
                    -5.5680808
                    ],
                    [
                    14.2376692,
                    -5.5673481
                    ],
                    [
                    14.2373829,
                    -5.5656791
                    ],
                    [
                    14.2371784,
                    -5.5642951
                    ],
                    [
                    14.2363809,
                    -5.562789
                    ],
                    [
                    14.2360741,
                    -5.562097
                    ],
                    [
                    14.2360332,
                    -5.560774
                    ],
                    [
                    14.2352152,
                    -5.5598378
                    ],
                    [
                    14.233702,
                    -5.5583113
                    ],
                    [
                    14.2327,
                    -5.5572936
                    ],
                    [
                    14.231657,
                    -5.556683
                    ],
                    [
                    14.2303074,
                    -5.5562149
                    ],
                    [
                    14.2289577,
                    -5.5554211
                    ],
                    [
                    14.2290395,
                    -5.5544034
                    ],
                    [
                    14.228835,
                    -5.5535079
                    ],
                    [
                    14.2281806,
                    -5.5523274
                    ],
                    [
                    14.2273218,
                    -5.5510044
                    ],
                    [
                    14.2269741,
                    -5.5500274
                    ],
                    [
                    14.2268923,
                    -5.548969
                    ],
                    [
                    14.2263606,
                    -5.5477682
                    ],
                    [
                    14.2258699,
                    -5.5468726
                    ],
                    [
                    14.2254609,
                    -5.5457328
                    ],
                    [
                    14.2247656,
                    -5.5440027
                    ],
                    [
                    14.2236613,
                    -5.5435143
                    ],
                    [
                    14.2229251,
                    -5.5436974
                    ],
                    [
                    14.2212687,
                    -5.5443895
                    ],
                    [
                    14.2206144,
                    -5.544593
                    ],
                    [
                    14.2191215,
                    -5.544939
                    ],
                    [
                    14.217915,
                    -5.5446541
                    ],
                    [
                    14.2165245,
                    -5.544247
                    ],
                    [
                    14.2153384,
                    -5.5437992
                    ],
                    [
                    14.2149499,
                    -5.5431072
                    ],
                    [
                    14.2147658,
                    -5.5421302
                    ],
                    [
                    14.2150521,
                    -5.5409904
                    ],
                    [
                    14.215318,
                    -5.5398099
                    ],
                    [
                    14.2150521,
                    -5.5384665
                    ],
                    [
                    14.2140705,
                    -5.5374081
                    ],
                    [
                    14.2120256,
                    -5.5368382
                    ],
                    [
                    14.2106964,
                    -5.5374895
                    ],
                    [
                    14.2089173,
                    -5.538324
                    ],
                    [
                    14.206811,
                    -5.5388736
                    ],
                    [
                    14.2051137,
                    -5.5387514
                    ],
                    [
                    14.2029052,
                    -5.5371842
                    ],
                    [
                    14.2010238,
                    -5.5354948
                    ],
                    [
                    14.2001445,
                    -5.535393
                    ],
                    [
                    14.1988766,
                    -5.5353116
                    ],
                    [
                    14.1974861,
                    -5.5349045
                    ],
                    [
                    14.1963,
                    -5.534701
                    ],
                    [
                    14.1952162,
                    -5.5345382
                    ],
                    [
                    14.1945209,
                    -5.5338868
                    ],
                    [
                    14.1954411,
                    -5.5325028
                    ],
                    [
                    14.1955025,
                    -5.5318718
                    ],
                    [
                    14.1952162,
                    -5.5307319
                    ],
                    [
                    14.1946231,
                    -5.5287983
                    ],
                    [
                    14.1936416,
                    -5.5279434
                    ],
                    [
                    14.1925373,
                    -5.5262336
                    ],
                    [
                    14.1925373,
                    -5.5249106
                    ],
                    [
                    14.1929463,
                    -5.5237504
                    ],
                    [
                    14.193478,
                    -5.5225088
                    ],
                    [
                    14.193478,
                    -5.52143
                    ],
                    [
                    14.1933757,
                    -5.5197202
                    ],
                    [
                    14.1932121,
                    -5.5184379
                    ],
                    [
                    14.1923123,
                    -5.5179086
                    ],
                    [
                    14.191024,
                    -5.517644
                    ],
                    [
                    14.190431,
                    -5.5164838
                    ],
                    [
                    14.1898789,
                    -5.5149368
                    ],
                    [
                    14.1894494,
                    -5.5131456
                    ],
                    [
                    14.1885497,
                    -5.5115987
                    ],
                    [
                    14.1872613,
                    -5.509726
                    ],
                    [
                    14.1860753,
                    -5.5091154
                    ],
                    [
                    14.1845825,
                    -5.5080162
                    ],
                    [
                    14.1842757,
                    -5.5065913
                    ],
                    [
                    14.1841939,
                    -5.5052072
                    ],
                    [
                    14.1837031,
                    -5.5039045
                    ],
                    [
                    14.1832124,
                    -5.5027646
                    ],
                    [
                    14.1827625,
                    -5.5018689
                    ],
                    [
                    14.1824762,
                    -5.5007698
                    ],
                    [
                    14.1830283,
                    -5.5003219
                    ],
                    [
                    14.183335,
                    -5.5004034
                    ],
                    [
                    14.1847256,
                    -5.4999759
                    ],
                    [
                    14.186198,
                    -5.4991617
                    ],
                    [
                    14.1868933,
                    -5.4983475
                    ],
                    [
                    14.1865865,
                    -5.4968819
                    ],
                    [
                    14.1862798,
                    -5.4948871
                    ],
                    [
                    14.1856049,
                    -5.4924648
                    ],
                    [
                    14.1852573,
                    -5.4909584
                    ],
                    [
                    14.1843371,
                    -5.4891468
                    ],
                    [
                    14.1837236,
                    -5.4882308
                    ],
                    [
                    14.1816991,
                    -5.4880883
                    ],
                    [
                    14.17992,
                    -5.4881697
                    ],
                    [
                    14.1781204,
                    -5.488699
                    ],
                    [
                    14.1764845,
                    -5.4898999
                    ],
                    [
                    14.174869,
                    -5.4904903
                    ],
                    [
                    14.1728036,
                    -5.4906531
                    ],
                    [
                    14.1720061,
                    -5.4904496
                    ],
                    [
                    14.1713926,
                    -5.4902053
                    ],
                    [
                    14.17082,
                    -5.4891671
                    ],
                    [
                    14.1708404,
                    -5.4880883
                    ],
                    [
                    14.1715562,
                    -5.487559
                    ],
                    [
                    14.1729058,
                    -5.488129
                    ],
                    [
                    14.1746645,
                    -5.4878847
                    ],
                    [
                    14.1753189,
                    -5.4871926
                    ],
                    [
                    14.1764231,
                    -5.4861749
                    ],
                    [
                    14.1773843,
                    -5.4844446
                    ],
                    [
                    14.1774865,
                    -5.4832233
                    ],
                    [
                    14.1771184,
                    -5.4815134
                    ],
                    [
                    14.1760551,
                    -5.478806
                    ],
                    [
                    14.1754211,
                    -5.4772997
                    ],
                    [
                    14.1749099,
                    -5.4759358
                    ],
                    [
                    14.1755847,
                    -5.4750198
                    ],
                    [
                    14.1761369,
                    -5.4743277
                    ],
                    [
                    14.1761369,
                    -5.473717
                    ],
                    [
                    14.1759324,
                    -5.4719053
                    ],
                    [
                    14.1755234,
                    -5.4707654
                    ],
                    [
                    14.175687,
                    -5.468689
                    ],
                    [
                    14.1761369,
                    -5.4677933
                    ],
                    [
                    14.1762186,
                    -5.4668569
                    ],
                    [
                    14.1763822,
                    -5.4662462
                    ],
                    [
                    14.1763413,
                    -5.4651266
                    ],
                    [
                    14.1759528,
                    -5.464292
                    ],
                    [
                    14.1748281,
                    -5.4627246
                    ],
                    [
                    14.1731717,
                    -5.4600579
                    ],
                    [
                    14.172824,
                    -5.4595489
                    ],
                    [
                    14.1718425,
                    -5.4577779
                    ],
                    [
                    14.1712494,
                    -5.4558644
                    ],
                    [
                    14.1708813,
                    -5.4541748
                    ],
                    [
                    14.1703497,
                    -5.4521187
                    ],
                    [
                    14.1710449,
                    -5.4517116
                    ],
                    [
                    14.171638,
                    -5.4505512
                    ],
                    [
                    14.1723128,
                    -5.4495944
                    ],
                    [
                    14.1725378,
                    -5.4487802
                    ],
                    [
                    14.1722719,
                    -5.4480677
                    ],
                    [
                    14.1709631,
                    -5.4473959
                    ],
                    [
                    14.1704724,
                    -5.4459709
                    ],
                    [
                    14.1704928,
                    -5.4443423
                    ],
                    [
                    14.1704928,
                    -5.4439148
                    ],
                    [
                    14.1705951,
                    -5.4428766
                    ],
                    [
                    14.1706155,
                    -5.4415127
                    ],
                    [
                    14.1698793,
                    -5.4396194
                    ],
                    [
                    14.1687342,
                    -5.4371155
                    ],
                    [
                    14.1694499,
                    -5.4365251
                    ],
                    [
                    14.1698998,
                    -5.4353647
                    ],
                    [
                    14.1695317,
                    -5.4337972
                    ],
                    [
                    14.1693681,
                    -5.4328608
                    ],
                    [
                    14.1690409,
                    -5.4311711
                    ],
                    [
                    14.1689591,
                    -5.4297664
                    ],
                    [
                    14.1696544,
                    -5.4285449
                    ],
                    [
                    14.1692249,
                    -5.4267127
                    ],
                    [
                    14.1689387,
                    -5.4258781
                    ],
                    [
                    14.1687751,
                    -5.4242698
                    ],
                    [
                    14.168407,
                    -5.4222137
                    ],
                    [
                    14.1670982,
                    -5.4196689
                    ],
                    [
                    14.1668119,
                    -5.4190175
                    ],
                    [
                    14.166587,
                    -5.4180606
                    ],
                    [
                    14.1661166,
                    -5.4164727
                    ],
                    [
                    14.1658917,
                    -5.4150273
                    ],
                    [
                    14.1665665,
                    -5.4135004
                    ],
                    [
                    14.1667301,
                    -5.41291
                    ],
                    [
                    14.1674458,
                    -5.4122382
                    ],
                    [
                    14.1684888,
                    -5.4109149
                    ],
                    [
                    14.170002,
                    -5.4091437
                    ],
                    [
                    14.1703701,
                    -5.4075761
                    ],
                    [
                    14.1704724,
                    -5.4068432
                    ],
                    [
                    14.1713926,
                    -5.406151
                    ],
                    [
                    14.1735398,
                    -5.4054996
                    ],
                    [
                    14.1754211,
                    -5.4046242
                    ],
                    [
                    14.1758301,
                    -5.4041152
                    ],
                    [
                    14.1759733,
                    -5.4039116
                    ],
                    [
                    14.1760551,
                    -5.4027308
                    ],
                    [
                    14.1767094,
                    -5.40155
                    ],
                    [
                    14.1774661,
                    -5.4002674
                    ],
                    [
                    14.1780182,
                    -5.3986591
                    ],
                    [
                    14.1780795,
                    -5.3983741
                    ],
                    [
                    14.1784885,
                    -5.3970304
                    ],
                    [
                    14.1795928,
                    -5.3962771
                    ],
                    [
                    14.1806153,
                    -5.3952795
                    ],
                    [
                    14.1811061,
                    -5.3939969
                    ],
                    [
                    14.1812697,
                    -5.3930808
                    ],
                    [
                    14.1818218,
                    -5.3915946
                    ],
                    [
                    14.1809834,
                    -5.3906784
                    ],
                    [
                    14.1800018,
                    -5.3905359
                    ],
                    [
                    14.1795519,
                    -5.390882
                    ],
                    [
                    14.1782636,
                    -5.3915335
                    ],
                    [
                    14.1768117,
                    -5.3917778
                    ],
                    [
                    14.1751348,
                    -5.3924089
                    ],
                    [
                    14.1739283,
                    -5.3936101
                    ],
                    [
                    14.1734784,
                    -5.3946891
                    ],
                    [
                    14.1724764,
                    -5.3957071
                    ],
                    [
                    14.171638,
                    -5.3958903
                    ],
                    [
                    14.1703906,
                    -5.3956663
                    ],
                    [
                    14.1694294,
                    -5.3946484
                    ],
                    [
                    14.1692454,
                    -5.3935083
                    ],
                    [
                    14.1698589,
                    -5.3921035
                    ],
                    [
                    14.1698998,
                    -5.3913095
                    ],
                    [
                    14.1704519,
                    -5.3903119
                    ],
                    [
                    14.1709427,
                    -5.3896197
                    ],
                    [
                    14.1717198,
                    -5.3885611
                    ],
                    [
                    14.172047,
                    -5.3874413
                    ],
                    [
                    14.1725173,
                    -5.386627
                    ],
                    [
                    14.1737647,
                    -5.3859347
                    ],
                    [
                    14.1746645,
                    -5.3847539
                    ],
                    [
                    14.1753393,
                    -5.3842857
                    ],
                    [
                    14.1756461,
                    -5.3831455
                    ],
                    [
                    14.1751553,
                    -5.3823515
                    ],
                    [
                    14.1737034,
                    -5.3815779
                    ],
                    [
                    14.1720879,
                    -5.3813336
                    ],
                    [
                    14.1704724,
                    -5.3811707
                    ],
                    [
                    14.1696748,
                    -5.3807431
                    ],
                    [
                    14.169184,
                    -5.379603
                    ],
                    [
                    14.1700634,
                    -5.3786054
                    ],
                    [
                    14.1704519,
                    -5.3772617
                    ],
                    [
                    14.1710449,
                    -5.375185
                    ],
                    [
                    14.1716993,
                    -5.3734952
                    ],
                    [
                    14.1709018,
                    -5.3726197
                    ],
                    [
                    14.1696953,
                    -5.3716628
                    ],
                    [
                    14.1688569,
                    -5.3713167
                    ],
                    [
                    14.1679366,
                    -5.3719071
                    ],
                    [
                    14.1669551,
                    -5.3715407
                    ],
                    [
                    14.1664643,
                    -5.3704005
                    ],
                    [
                    14.1653191,
                    -5.3696676
                    ],
                    [
                    14.1644807,
                    -5.3697897
                    ],
                    [
                    14.163356,
                    -5.3701969
                    ],
                    [
                    14.1625584,
                    -5.3701358
                    ],
                    [
                    14.1618018,
                    -5.3697083
                    ],
                    [
                    14.1618223,
                    -5.3688735
                    ],
                    [
                    14.1628959,
                    -5.3673262
                    ],
                    [
                    14.1629981,
                    -5.3666849
                    ],
                    [
                    14.1631004,
                    -5.3654429
                    ],
                    [
                    14.1629879,
                    -5.3640686
                    ],
                    [
                    14.1619756,
                    -5.3632441
                    ],
                    [
                    14.1614746,
                    -5.3631423
                    ],
                    [
                    14.1602681,
                    -5.363071
                    ],
                    [
                    14.1591536,
                    -5.3631321
                    ],
                    [
                    14.1582334,
                    -5.3625722
                    ],
                    [
                    14.1579471,
                    -5.3621344
                    ],
                    [
                    14.1571291,
                    -5.3619614
                    ],
                    [
                    14.1567508,
                    -5.3619309
                    ],
                    [
                    14.1557999,
                    -5.3620836
                    ],
                    [
                    14.1551966,
                    -5.3625416
                    ],
                    [
                    14.1541333,
                    -5.3632441
                    ],
                    [
                    14.152937,
                    -5.3634273
                    ],
                    [
                    14.1519861,
                    -5.3634782
                    ],
                    [
                    14.1512499,
                    -5.3638243
                    ],
                    [
                    14.1504217,
                    -5.3642417
                    ],
                    [
                    14.1500434,
                    -5.3647202
                    ],
                    [
                    14.1496958,
                    -5.3652699
                    ],
                    [
                    14.1491027,
                    -5.3654124
                    ],
                    [
                    14.1485915,
                    -5.3652292
                    ],
                    [
                    14.1477531,
                    -5.3643028
                    ],
                    [
                    14.1463011,
                    -5.3632542
                    ],
                    [
                    14.1457695,
                    -5.3630303
                    ],
                    [
                    14.1446243,
                    -5.3626842
                    ],
                    [
                    14.1431519,
                    -5.3616967
                    ],
                    [
                    14.1424771,
                    -5.3608518
                    ],
                    [
                    14.1413115,
                    -5.3591619
                    ],
                    [
                    14.1408923,
                    -5.3586325
                    ],
                    [
                    14.1399414,
                    -5.3578487
                    ],
                    [
                    14.1393074,
                    -5.3571564
                    ],
                    [
                    14.1386122,
                    -5.3557516
                    ],
                    [
                    14.1386531,
                    -5.3550288
                    ],
                    [
                    14.1386633,
                    -5.3545707
                    ],
                    [
                    14.1387144,
                    -5.3540108
                    ],
                    [
                    14.1387758,
                    -5.3533898
                    ],
                    [
                    14.138469,
                    -5.3525143
                    ],
                    [
                    14.1379373,
                    -5.3516185
                    ],
                    [
                    14.1371603,
                    -5.3505699
                    ],
                    [
                    14.1364241,
                    -5.3501525
                    ],
                    [
                    14.1354936,
                    -5.3500303
                    ],
                    [
                    14.1346552,
                    -5.3502034
                    ],
                    [
                    14.1339599,
                    -5.350122
                    ],
                    [
                    14.1331828,
                    -5.3487884
                    ],
                    [
                    14.1330295,
                    -5.3476482
                    ],
                    [
                    14.1324569,
                    -5.3461822
                    ],
                    [
                    14.132416,
                    -5.3454696
                    ],
                    [
                    14.1326,
                    -5.3444821
                    ],
                    [
                    14.1326921,
                    -5.3435659
                    ],
                    [
                    14.1324876,
                    -5.3428533
                    ],
                    [
                    14.1317821,
                    -5.3427209
                    ],
                    [
                    14.1308618,
                    -5.3423341
                    ],
                    [
                    14.1303404,
                    -5.3418454
                    ],
                    [
                    14.1300336,
                    -5.340522
                    ],
                    [
                    14.1293997,
                    -5.3392393
                    ],
                    [
                    14.1284386,
                    -5.3391171
                    ],
                    [
                    14.1277535,
                    -5.3395956
                    ],
                    [
                    14.1274774,
                    -5.3402369
                    ],
                    [
                    14.1262914,
                    -5.3412753
                    ],
                    [
                    14.1249213,
                    -5.3409597
                    ],
                    [
                    14.1234285,
                    -5.3403286
                    ],
                    [
                    14.1222526,
                    -5.3394632
                    ],
                    [
                    14.1214449,
                    -5.3379871
                    ],
                    [
                    14.1208212,
                    -5.3361852
                    ],
                    [
                    14.1205758,
                    -5.3355743
                    ],
                    [
                    14.1203099,
                    -5.3341491
                    ],
                    [
                    14.1202895,
                    -5.333019
                    ],
                    [
                    14.1202077,
                    -5.3320824
                    ],
                    [
                    14.119993,
                    -5.3314105
                    ],
                    [
                    14.1195635,
                    -5.3302601
                    ],
                    [
                    14.1199316,
                    -5.3292319
                    ],
                    [
                    14.1202997,
                    -5.3286109
                    ],
                    [
                    14.1207087,
                    -5.3278372
                    ],
                    [
                    14.1202383,
                    -5.3268191
                    ],
                    [
                    14.1197987,
                    -5.3254549
                    ],
                    [
                    14.1192363,
                    -5.3246812
                    ],
                    [
                    14.1188069,
                    -5.32405
                    ],
                    [
                    14.1183366,
                    -5.3238667
                    ],
                    [
                    14.1170176,
                    -5.323602
                    ],
                    [
                    14.1165779,
                    -5.3227672
                    ],
                    [
                    14.1164654,
                    -5.3216575
                    ],
                    [
                    14.1164654,
                    -5.3211892
                    ],
                    [
                    14.1161791,
                    -5.3202628
                    ],
                    [
                    14.1163836,
                    -5.3194789
                    ],
                    [
                    14.1165063,
                    -5.318247
                    ],
                    [
                    14.1163939,
                    -5.3176362
                    ],
                    [
                    14.1162507,
                    -5.3171577
                    ],
                    [
                    14.1156372,
                    -5.3157833
                    ],
                    [
                    14.1148704,
                    -5.3150197
                    ],
                    [
                    14.1139195,
                    -5.3138082
                    ],
                    [
                    14.1136741,
                    -5.3127392
                    ],
                    [
                    14.1136332,
                    -5.3116601
                    ],
                    [
                    14.1134594,
                    -5.3105198
                    ],
                    [
                    14.113306,
                    -5.3095221
                    ],
                    [
                    14.1130401,
                    -5.308392
                    ],
                    [
                    14.1123653,
                    -5.3080153
                    ],
                    [
                    14.1114758,
                    -5.3078117
                    ],
                    [
                    14.1108316,
                    -5.3080255
                    ],
                    [
                    14.1099727,
                    -5.3083411
                    ],
                    [
                    14.1091445,
                    -5.3080561
                    ],
                    [
                    14.1089707,
                    -5.3079441
                    ],
                    [
                    14.1081425,
                    -5.3066613
                    ],
                    [
                    14.1067213,
                    -5.305969
                    ],
                    [
                    14.1054534,
                    -5.3053887
                    ],
                    [
                    14.1042264,
                    -5.3042586
                    ],
                    [
                    14.1033267,
                    -5.302986
                    ],
                    [
                    14.1026927,
                    -5.3012857
                    ],
                    [
                    14.1022838,
                    -5.3003695
                    ],
                    [
                    14.1015373,
                    -5.2998197
                    ],
                    [
                    14.1013226,
                    -5.2990357
                    ],
                    [
                    14.1007909,
                    -5.2977326
                    ],
                    [
                    14.100157,
                    -5.296409
                    ],
                    [
                    14.0994311,
                    -5.2953298
                    ],
                    [
                    14.0984393,
                    -5.294383
                    ],
                    [
                    14.0975088,
                    -5.2937518
                    ],
                    [
                    14.0959853,
                    -5.2931307
                    ],
                    [
                    14.0955456,
                    -5.2931511
                    ],
                    [
                    14.0937052,
                    -5.2946579
                    ],
                    [
                    14.0918238,
                    -5.2945764
                    ],
                    [
                    14.0896971,
                    -5.2935583
                    ],
                    [
                    14.0884292,
                    -5.2913592
                    ],
                    [
                    14.088102,
                    -5.2894858
                    ],
                    [
                    14.086916,
                    -5.2878569
                    ],
                    [
                    14.084462,
                    -5.2873682
                    ],
                    [
                    14.0837668,
                    -5.2848025
                    ],
                    [
                    14.082867,
                    -5.2825626
                    ],
                    [
                    14.0813946,
                    -5.2804042
                    ],
                    [
                    14.079636,
                    -5.2780828
                    ],
                    [
                    14.078,
                    -5.2758429
                    ],
                    [
                    14.0763641,
                    -5.2746619
                    ],
                    [
                    14.075178,
                    -5.2755986
                    ],
                    [
                    14.0746872,
                    -5.2768611
                    ],
                    [
                    14.0759551,
                    -5.2786937
                    ],
                    [
                    14.0763232,
                    -5.281178
                    ],
                    [
                    14.0750553,
                    -5.2834586
                    ],
                    [
                    14.0724787,
                    -5.284721
                    ],
                    [
                    14.0703519,
                    -5.2840287
                    ],
                    [
                    14.069125,
                    -5.2813409
                    ],
                    [
                    14.0679389,
                    -5.279834
                    ],
                    [
                    14.0659349,
                    -5.278653
                    ],
                    [
                    14.0633991,
                    -5.2763316
                    ],
                    [
                    14.0615587,
                    -5.2753949
                    ],
                    [
                    14.0615587,
                    -5.2738066
                    ],
                    [
                    14.0615587,
                    -5.2731958
                    ],
                    [
                    14.0621313,
                    -5.2716482
                    ],
                    [
                    14.0616814,
                    -5.2703042
                    ],
                    [
                    14.0609043,
                    -5.2696933
                    ],
                    [
                    14.0606998,
                    -5.268553
                    ],
                    [
                    14.0607407,
                    -5.2674941
                    ],
                    [
                    14.0616405,
                    -5.2673312
                    ],
                    [
                    14.0633582,
                    -5.2679014
                    ],
                    [
                    14.064258,
                    -5.2688381
                    ],
                    [
                    14.0656486,
                    -5.2685937
                    ],
                    [
                    14.0671209,
                    -5.2679421
                    ],
                    [
                    14.0675299,
                    -5.2666796
                    ],
                    [
                    14.0670391,
                    -5.2652135
                    ],
                    [
                    14.0651987,
                    -5.2640324
                    ],
                    [
                    14.0629492,
                    -5.2618332
                    ],
                    [
                    14.060618,
                    -5.260367
                    ],
                    [
                    14.0584913,
                    -5.2600005
                    ],
                    [
                    14.0568962,
                    -5.2590638
                    ],
                    [
                    14.0564872,
                    -5.2580456
                    ],
                    [
                    14.0567735,
                    -5.2557649
                    ],
                    [
                    14.0579596,
                    -5.2541765
                    ],
                    [
                    14.0578369,
                    -5.2523031
                    ],
                    [
                    14.0576733,
                    -5.2503889
                    ],
                    [
                    14.0559555,
                    -5.2474158
                    ],
                    [
                    14.0547695,
                    -5.2459496
                    ],
                    [
                    14.0535425,
                    -5.2458274
                    ],
                    [
                    14.0517021,
                    -5.2462754
                    ],
                    [
                    14.0508023,
                    -5.2477416
                    ],
                    [
                    14.0513442,
                    -5.2489228
                    ],
                    [
                    14.0506898,
                    -5.2502871
                    ],
                    [
                    14.0493606,
                    -5.251458
                    ],
                    [
                    14.04751,
                    -5.2518348
                    ],
                    [
                    14.0463443,
                    -5.2509795
                    ],
                    [
                    14.0455161,
                    -5.2502057
                    ],
                    [
                    14.0448209,
                    -5.2502464
                    ],
                    [
                    14.0445039,
                    -5.2503075
                    ],
                    [
                    14.0437064,
                    -5.25045
                    ],
                    [
                    14.0427146,
                    -5.250674
                    ],
                    [
                    14.0422851,
                    -5.2512849
                    ],
                    [
                    14.0419682,
                    -5.2518144
                    ],
                    [
                    14.0416512,
                    -5.2518144
                    ],
                    [
                    14.0403015,
                    -5.2514682
                    ],
                    [
                    14.0395449,
                    -5.2514275
                    ],
                    [
                    14.039187,
                    -5.2514275
                    ],
                    [
                    14.0387678,
                    -5.2513766
                    ],
                    [
                    14.0381237,
                    -5.2509897
                    ],
                    [
                    14.0370603,
                    -5.2502362
                    ],
                    [
                    14.0359765,
                    -5.2495438
                    ],
                    [
                    14.0350972,
                    -5.2487191
                    ],
                    [
                    14.0347495,
                    -5.2484646
                    ],
                    [
                    14.0342894,
                    -5.2481082
                    ],
                    [
                    14.0334305,
                    -5.2478638
                    ],
                    [
                    14.032817,
                    -5.2477518
                    ],
                    [
                    14.0319275,
                    -5.2477824
                    ],
                    [
                    14.0313447,
                    -5.2480471
                    ],
                    [
                    14.0309357,
                    -5.2486275
                    ],
                    [
                    14.0307414,
                    -5.2489737
                    ],
                    [
                    14.0306699,
                    -5.2494115
                    ],
                    [
                    14.030721,
                    -5.2500224
                    ],
                    [
                    14.0306596,
                    -5.2507758
                    ],
                    [
                    14.0304551,
                    -5.2513257
                    ],
                    [
                    14.0300973,
                    -5.2514682
                    ],
                    [
                    14.0296167,
                    -5.2515293
                    ],
                    [
                    14.0291055,
                    -5.2516209
                    ],
                    [
                    14.0284306,
                    -5.2518144
                    ],
                    [
                    14.0277251,
                    -5.2519569
                    ],
                    [
                    14.0275206,
                    -5.2521402
                    ],
                    [
                    14.0269685,
                    -5.2524253
                    ],
                    [
                    14.0264061,
                    -5.2525271
                    ],
                    [
                    14.0256904,
                    -5.2525068
                    ],
                    [
                    14.0249236,
                    -5.2525169
                    ],
                    [
                    14.0243919,
                    -5.2521198
                    ],
                    [
                    14.0240033,
                    -5.2515802
                    ],
                    [
                    14.0236148,
                    -5.2509591
                    ],
                    [
                    14.0232774,
                    -5.2504398
                    ],
                    [
                    14.0228275,
                    -5.2496049
                    ],
                    [
                    14.0222447,
                    -5.248658
                    ],
                    [
                    14.021713,
                    -5.2478129
                    ],
                    [
                    14.0212529,
                    -5.2471511
                    ],
                    [
                    14.0207621,
                    -5.2464078
                    ],
                    [
                    14.0198419,
                    -5.2457969
                    ],
                    [
                    14.0185536,
                    -5.2449518
                    ],
                    [
                    14.0169483,
                    -5.2443307
                    ],
                    [
                    14.0158236,
                    -5.2438725
                    ],
                    [
                    14.015752,
                    -5.2435467
                    ],
                    [
                    14.0154861,
                    -5.2428747
                    ],
                    [
                    14.0143819,
                    -5.2422434
                    ],
                    [
                    14.0141978,
                    -5.2414696
                    ],
                    [
                    14.0136048,
                    -5.2405939
                    ],
                    [
                    14.0132776,
                    -5.2394739
                    ],
                    [
                    14.0127255,
                    -5.2387408
                    ],
                    [
                    14.0121938,
                    -5.2389037
                    ],
                    [
                    14.0116825,
                    -5.2388426
                    ],
                    [
                    14.0105783,
                    -5.2388834
                    ],
                    [
                    14.0095967,
                    -5.238863
                    ],
                    [
                    14.0084106,
                    -5.2383743
                    ],
                    [
                    14.0080425,
                    -5.2378652
                    ],
                    [
                    14.0070201,
                    -5.2371117
                    ],
                    [
                    14.0066315,
                    -5.2370302
                    ],
                    [
                    14.005425,
                    -5.2369284
                    ],
                    [
                    14.0043617,
                    -5.2365008
                    ],
                    [
                    14.003196,
                    -5.2356048
                    ],
                    [
                    14.0011102,
                    -5.2343015
                    ],
                    [
                    14.0002309,
                    -5.2336498
                    ],
                    [
                    13.9997196,
                    -5.2329981
                    ],
                    [
                    13.9992084,
                    -5.2320003
                    ],
                    [
                    13.9993311,
                    -5.2312876
                    ],
                    [
                    13.9999446,
                    -5.2303304
                    ],
                    [
                    13.9994947,
                    -5.2297806
                    ],
                    [
                    13.9994129,
                    -5.2294548
                    ],
                    [
                    13.999147,
                    -5.2289253
                    ],
                    [
                    13.9986154,
                    -5.2281515
                    ],
                    [
                    13.9978178,
                    -5.2277442
                    ],
                    [
                    13.9973475,
                    -5.2277442
                    ],
                    [
                    13.9968976,
                    -5.2277849
                    ],
                    [
                    13.9963864,
                    -5.2274387
                    ],
                    [
                    13.9955479,
                    -5.2273165
                    ],
                    [
                    13.9937075,
                    -5.22695
                    ],
                    [
                    13.9923987,
                    -5.226787
                    ],
                    [
                    13.9916012,
                    -5.2267056
                    ],
                    [
                    13.9900675,
                    -5.2263797
                    ],
                    [
                    13.9890041,
                    -5.2260132
                    ],
                    [
                    13.9879817,
                    -5.2252597
                    ],
                    [
                    13.9860594,
                    -5.224384
                    ],
                    [
                    13.9849142,
                    -5.2246488
                    ],
                    [
                    13.9838509,
                    -5.2250764
                    ],
                    [
                    13.982583,
                    -5.2247913
                    ],
                    [
                    13.9816423,
                    -5.2244248
                    ],
                    [
                    13.9812129,
                    -5.2244859
                    ],
                    [
                    13.9798837,
                    -5.224608
                    ],
                    [
                    13.9792293,
                    -5.2253004
                    ],
                    [
                    13.9791271,
                    -5.2259114
                    ],
                    [
                    13.9790044,
                    -5.2263594
                    ],
                    [
                    13.978943,
                    -5.2268074
                    ],
                    [
                    13.9786772,
                    -5.2272554
                    ],
                    [
                    13.9784727,
                    -5.2276423
                    ],
                    [
                    13.9780637,
                    -5.2277238
                    ],
                    [
                    13.9774911,
                    -5.2278256
                    ],
                    [
                    13.977123,
                    -5.2281311
                    ],
                    [
                    13.9769185,
                    -5.2284162
                    ],
                    [
                    13.9764891,
                    -5.2287217
                    ],
                    [
                    13.9757938,
                    -5.2285587
                    ],
                    [
                    13.9749349,
                    -5.2282329
                    ],
                    [
                    13.9743419,
                    -5.2280293
                    ],
                    [
                    13.9734625,
                    -5.2272147
                    ],
                    [
                    13.9723174,
                    -5.2260743
                    ],
                    [
                    13.9704769,
                    -5.2238342
                    ],
                    [
                    13.9690046,
                    -5.2211868
                    ],
                    [
                    13.9669187,
                    -5.2185394
                    ],
                    [
                    13.9636995,
                    -5.2194252
                    ],
                    [
                    13.9592569,
                    -5.2229804
                    ],
                    [
                    13.951641,
                    -5.2255085
                    ],
                    [
                    13.9470397,
                    -5.2287476
                    ],
                    [
                    13.9346639,
                    -5.2345147
                    ],
                    [
                    13.9228433,
                    -5.2389388
                    ],
                    [
                    13.9161794,
                    -5.2409928
                    ],
                    [
                    13.9069769,
                    -5.2329347
                    ],
                    [
                    13.8980916,
                    -5.2293006
                    ],
                    [
                    13.8836531,
                    -5.2340407
                    ],
                    [
                    13.8758785,
                    -5.2435208
                    ],
                    [
                    13.8723879,
                    -5.2512628
                    ],
                    [
                    13.8733399,
                    -5.2706964
                    ],
                    [
                    13.8722292,
                    -5.2770161
                    ],
                    [
                    13.8643753,
                    -5.2830198
                    ],
                    [
                    13.866438,
                    -5.2932891
                    ],
                    [
                    13.8667553,
                    -5.2973968
                    ],
                    [
                    13.8598534,
                    -5.3021364
                    ],
                    [
                    13.8605674,
                    -5.316039
                    ],
                    [
                    13.8595361,
                    -5.3240171
                    ],
                    [
                    13.8538241,
                    -5.3280456
                    ],
                    [
                    13.8451769,
                    -5.324886
                    ],
                    [
                    13.8353397,
                    -5.3222793
                    ],
                    [
                    13.8262164,
                    -5.3198306
                    ],
                    [
                    13.8200285,
                    -5.3168289
                    ],
                    [
                    13.8118573,
                    -5.3116945
                    ],
                    [
                    13.8025754,
                    -5.2966859
                    ],
                    [
                    13.7952768,
                    -5.2881545
                    ],
                    [
                    13.7865502,
                    -5.278675
                    ],
                    [
                    13.776713,
                    -5.2698274
                    ],
                    [
                    13.7713184,
                    -5.2672205
                    ],
                    [
                    13.7658444,
                    -5.2669835
                    ],
                    [
                    13.7583079,
                    -5.2739353
                    ],
                    [
                    13.7532306,
                    -5.2781221
                    ],
                    [
                    13.7357774,
                    -5.2880754
                    ],
                    [
                    13.7310174,
                    -5.3018203
                    ],
                    [
                    13.7299068,
                    -5.3131952
                    ],
                    [
                    13.7311761,
                    -5.3220422
                    ],
                    [
                    13.7292721,
                    -5.3282035
                    ],
                    [
                    13.7254641,
                    -5.3334168
                    ],
                    [
                    13.7221322,
                    -5.3353125
                    ],
                    [
                    13.7121363,
                    -5.3343646
                    ],
                    [
                    13.6994431,
                    -5.3283614
                    ],
                    [
                    13.6886539,
                    -5.3195145
                    ],
                    [
                    13.6802447,
                    -5.3119314
                    ],
                    [
                    13.6694554,
                    -5.3030842
                    ],
                    [
                    13.6600943,
                    -5.2938421
                    ],
                    [
                    13.6500191,
                    -5.2846787
                    ],
                    [
                    13.6384365,
                    -5.27907
                    ],
                    [
                    13.6302532,
                    -5.2921122
                    ],
                    [
                    13.6256639,
                    -5.3034002
                    ],
                    [
                    13.620904,
                    -5.3082977
                    ],
                    [
                    13.6191587,
                    -5.3161969
                    ],
                    [
                    13.6132881,
                    -5.3196725
                    ],
                    [
                    13.6058308,
                    -5.3201465
                    ],
                    [
                    13.5955176,
                    -5.3218843
                    ],
                    [
                    13.5880604,
                    -5.3255178
                    ],
                    [
                    13.5818724,
                    -5.3323109
                    ],
                    [
                    13.5704486,
                    -5.3455809
                    ],
                    [
                    13.559818,
                    -5.3534796
                    ],
                    [
                    13.5506154,
                    -5.3596405
                    ],
                    [
                    13.5471248,
                    -5.3654854
                    ],
                    [
                    13.5439515,
                    -5.3724361
                    ],
                    [
                    13.5436342,
                    -5.3803344
                    ],
                    [
                    13.5449035,
                    -5.3882327
                    ],
                    [
                    13.5469662,
                    -5.3989741
                    ],
                    [
                    13.5552167,
                    -5.4127165
                    ],
                    [
                    13.5615633,
                    -5.4207723
                    ],
                    [
                    13.5698139,
                    -5.42867
                    ],
                    [
                    13.5736219,
                    -5.432145
                    ],
                    [
                    13.5846491,
                    -5.4409903
                    ],
                    [
                    13.5913131,
                    -5.4507042
                    ],
                    [
                    13.5944864,
                    -5.4612866
                    ],
                    [
                    13.5974217,
                    -5.4664197
                    ],
                    [
                    13.6022609,
                    -5.4750276
                    ],
                    [
                    13.6055136,
                    -5.4795289
                    ],
                    [
                    13.6076556,
                    -5.4829246
                    ],
                    [
                    13.6136055,
                    -5.4881366
                    ],
                    [
                    13.6219354,
                    -5.4951647
                    ],
                    [
                    13.6324073,
                    -5.5082733
                    ],
                    [
                    13.6359772,
                    -5.5130112
                    ],
                    [
                    13.6369292,
                    -5.5248559
                    ],
                    [
                    13.6322486,
                    -5.5313309
                    ],
                    [
                    13.6205074,
                    -5.5314888
                    ],
                    [
                    13.6112255,
                    -5.5308571
                    ],
                    [
                    13.6021816,
                    -5.5318837
                    ],
                    [
                    13.594883,
                    -5.5329102
                    ],
                    [
                    13.5904403,
                    -5.5367003
                    ],
                    [
                    13.5888537,
                    -5.5412801
                    ],
                    [
                    13.5864737,
                    -5.5488604
                    ],
                    [
                    13.5842524,
                    -5.5509133
                    ],
                    [
                    13.5752085,
                    -5.5474391
                    ],
                    [
                    13.5647366,
                    -5.5431752
                    ],
                    [
                    13.559342,
                    -5.5502817
                    ],
                    [
                    13.5610873,
                    -5.5597568
                    ],
                    [
                    13.5694966,
                    -5.568916
                    ],
                    [
                    13.5750498,
                    -5.5755485
                    ],
                    [
                    13.5828244,
                    -5.5799701
                    ],
                    [
                    13.5885364,
                    -5.5884973
                    ],
                    [
                    13.591075,
                    -5.5992351
                    ],
                    [
                    13.588695,
                    -5.6219734
                    ],
                    [
                    13.5909163,
                    -5.6300264
                    ],
                    [
                    13.5937723,
                    -5.6371318
                    ],
                    [
                    13.5936136,
                    -5.6432898
                    ],
                    [
                    13.5912337,
                    -5.6587634
                    ],
                    [
                    13.5875844,
                    -5.6737629
                    ],
                    [
                    13.5880604,
                    -5.6835518
                    ],
                    [
                    13.589171,
                    -5.6930248
                    ],
                    [
                    13.5869497,
                    -5.7021819
                    ],
                    [
                    13.5809204,
                    -5.711181
                    ],
                    [
                    13.5758432,
                    -5.7163909
                    ],
                    [
                    13.5652126,
                    -5.7174961
                    ],
                    [
                    13.5591834,
                    -5.7144964
                    ],
                    [
                    13.5482355,
                    -5.7182854
                    ],
                    [
                    13.5434755,
                    -5.7271264
                    ],
                    [
                    13.5414129,
                    -5.7364408
                    ],
                    [
                    13.534273,
                    -5.7433871
                    ],
                    [
                    13.532369,
                    -5.7481231
                    ],
                    [
                    13.5258637,
                    -5.7557007
                    ],
                    [
                    13.5168198,
                    -5.7672247
                    ],
                    [
                    13.5147572,
                    -5.7757492
                    ],
                    [
                    13.5157092,
                    -5.7839578
                    ],
                    [
                    13.5123772,
                    -5.7937449
                    ],
                    [
                    13.504444,
                    -5.7932713
                    ],
                    [
                    13.4961934,
                    -5.7939027
                    ],
                    [
                    13.4928614,
                    -5.7981648
                    ],
                    [
                    13.4873082,
                    -5.8041631
                    ],
                    [
                    13.4728697,
                    -5.8025846
                    ],
                    [
                    13.4622391,
                    -5.8044788
                    ],
                    [
                    13.4565272,
                    -5.8142655
                    ],
                    [
                    13.4470073,
                    -5.8208952
                    ],
                    [
                    13.4412953,
                    -5.8224736
                    ],
                    [
                    13.4330448,
                    -5.8256305
                    ],
                    [
                    13.4278088,
                    -5.8297345
                    ],
                    [
                    13.4273328,
                    -5.8393629
                    ],
                    [
                    13.4274915,
                    -5.8493069
                    ],
                    [
                    13.4276502,
                    -5.8590928
                    ],
                    [
                    13.4268305,
                    -5.8613164
                    ],
                    [
                    13.4259048,
                    -5.8638278
                    ],
                    [
                    13.4206689,
                    -5.8687207
                    ],
                    [
                    13.4098797,
                    -5.871246
                    ],
                    [
                    13.4009945,
                    -5.8714038
                    ],
                    [
                    13.3883013,
                    -5.8709303
                    ],
                    [
                    13.3824307,
                    -5.8699833
                    ],
                    [
                    13.3778294,
                    -5.8729822
                    ]
                ]
                ]
            }
        },
        {
        "type": "Feature",
        "properties": {
            "slug": "mpemba",
            "name": "Kingdom of Mpemba",
            "variant": "1280-1405",
            "start_date": "1280",
            "end_date": "1405",
            "region_type": "kingdom",
            "source_system": "OHM",
            "osm_type": "way",
            "osm_id": "201345255",
            "wikidata": "Q131320047",
            "wikipedia": "en:Mpemba"
        },
            "geometry": {
                "type": "Polygon",
                "coordinates": [
                [
                    [
                    13.6322486,
                    -5.5313309
                    ],
                    [
                    13.6205074,
                    -5.5314888
                    ],
                    [
                    13.6112255,
                    -5.5308571
                    ],
                    [
                    13.6021816,
                    -5.5318837
                    ],
                    [
                    13.594883,
                    -5.5329102
                    ],
                    [
                    13.5904403,
                    -5.5367003
                    ],
                    [
                    13.5888537,
                    -5.5412801
                    ],
                    [
                    13.5864737,
                    -5.5488604
                    ],
                    [
                    13.5842524,
                    -5.5509133
                    ],
                    [
                    13.5752085,
                    -5.5474391
                    ],
                    [
                    13.5647366,
                    -5.5431752
                    ],
                    [
                    13.559342,
                    -5.5502817
                    ],
                    [
                    13.5610873,
                    -5.5597568
                    ],
                    [
                    13.5694966,
                    -5.568916
                    ],
                    [
                    13.5750498,
                    -5.5755485
                    ],
                    [
                    13.5828244,
                    -5.5799701
                    ],
                    [
                    13.5885364,
                    -5.5884973
                    ],
                    [
                    13.591075,
                    -5.5992351
                    ],
                    [
                    13.588695,
                    -5.6219734
                    ],
                    [
                    13.5909163,
                    -5.6300264
                    ],
                    [
                    13.5937723,
                    -5.6371318
                    ],
                    [
                    13.5936136,
                    -5.6432898
                    ],
                    [
                    13.5912337,
                    -5.6587634
                    ],
                    [
                    13.5875844,
                    -5.6737629
                    ],
                    [
                    13.5880604,
                    -5.6835518
                    ],
                    [
                    13.589171,
                    -5.6930248
                    ],
                    [
                    13.5869497,
                    -5.7021819
                    ],
                    [
                    13.5809204,
                    -5.711181
                    ],
                    [
                    13.5758432,
                    -5.7163909
                    ],
                    [
                    13.5652126,
                    -5.7174961
                    ],
                    [
                    13.5591834,
                    -5.7144964
                    ],
                    [
                    13.5482355,
                    -5.7182854
                    ],
                    [
                    13.5434755,
                    -5.7271264
                    ],
                    [
                    13.5414129,
                    -5.7364408
                    ],
                    [
                    13.534273,
                    -5.7433871
                    ],
                    [
                    13.532369,
                    -5.7481231
                    ],
                    [
                    13.5258637,
                    -5.7557007
                    ],
                    [
                    13.5168198,
                    -5.7672247
                    ],
                    [
                    13.5147572,
                    -5.7757492
                    ],
                    [
                    13.5157092,
                    -5.7839578
                    ],
                    [
                    13.5123772,
                    -5.7937449
                    ],
                    [
                    13.504444,
                    -5.7932713
                    ],
                    [
                    13.4961934,
                    -5.7939027
                    ],
                    [
                    13.4928614,
                    -5.7981648
                    ],
                    [
                    13.4873082,
                    -5.8041631
                    ],
                    [
                    13.4728697,
                    -5.8025846
                    ],
                    [
                    13.4622391,
                    -5.8044788
                    ],
                    [
                    13.4565272,
                    -5.8142655
                    ],
                    [
                    13.4470073,
                    -5.8208952
                    ],
                    [
                    13.4412953,
                    -5.8224736
                    ],
                    [
                    13.4330448,
                    -5.8256305
                    ],
                    [
                    13.4278088,
                    -5.8297345
                    ],
                    [
                    13.4273328,
                    -5.8393629
                    ],
                    [
                    13.4274915,
                    -5.8493069
                    ],
                    [
                    13.4276502,
                    -5.8590928
                    ],
                    [
                    13.4268305,
                    -5.8613164
                    ],
                    [
                    13.4259048,
                    -5.8638278
                    ],
                    [
                    13.4206689,
                    -5.8687207
                    ],
                    [
                    13.4098797,
                    -5.871246
                    ],
                    [
                    13.4009945,
                    -5.8714038
                    ],
                    [
                    13.3883013,
                    -5.8709303
                    ],
                    [
                    13.3824307,
                    -5.8699833
                    ],
                    [
                    13.3778294,
                    -5.8729822
                    ],
                    [
                    13.3743388,
                    -5.8781906
                    ],
                    [
                    13.3684682,
                    -5.8912904
                    ],
                    [
                    13.3648189,
                    -5.9061259
                    ],
                    [
                    13.3537123,
                    -5.9092824
                    ],
                    [
                    13.3413365,
                    -5.8990238
                    ],
                    [
                    13.3283259,
                    -5.8972878
                    ],
                    [
                    13.3167434,
                    -5.8960252
                    ],
                    [
                    13.3029396,
                    -5.8863977
                    ],
                    [
                    13.2872317,
                    -5.8792954
                    ],
                    [
                    13.2764425,
                    -5.8747183
                    ],
                    [
                    13.2593067,
                    -5.8690363
                    ],
                    [
                    13.2443922,
                    -5.8671423
                    ],
                    [
                    13.2215445,
                    -5.8616181
                    ],
                    [
                    13.2168504,
                    -5.8626117
                    ],
                    [
                    13.2237443,
                    -5.9012218
                    ],
                    [
                    13.2237443,
                    -5.9402753
                    ],
                    [
                    13.2237443,
                    -5.9845325
                    ],
                    [
                    13.2250531,
                    -6.0196754
                    ],
                    [
                    13.2433758,
                    -6.0678305
                    ],
                    [
                    13.2630072,
                    -6.0938585
                    ],
                    [
                    13.308814,
                    -6.1511156
                    ],
                    [
                    13.3258279,
                    -6.1797419
                    ],
                    [
                    13.336298,
                    -6.2044633
                    ],
                    [
                    13.3807959,
                    -6.272116
                    ],
                    [
                    13.4226764,
                    -6.3358577
                    ],
                    [
                    13.4645568,
                    -6.4204007
                    ],
                    [
                    13.4881145,
                    -6.4932266
                    ],
                    [
                    13.5195249,
                    -6.5556404
                    ],
                    [
                    13.5260687,
                    -6.6076459
                    ],
                    [
                    13.5352307,
                    -6.6453471
                    ],
                    [
                    13.5476639,
                    -6.6531469
                    ],
                    [
                    13.5718761,
                    -6.6635464
                    ],
                    [
                    13.6203003,
                    -6.6784953
                    ],
                    [
                    13.6576001,
                    -6.6830448
                    ],
                    [
                    13.6955542,
                    -6.690844
                    ],
                    [
                    13.7184576,
                    -6.7142407
                    ],
                    [
                    13.7433241,
                    -6.7408856
                    ],
                    [
                    13.7616468,
                    -6.7740273
                    ],
                    [
                    13.7865133,
                    -6.7876732
                    ],
                    [
                    13.8225043,
                    -6.814314
                    ],
                    [
                    13.8702741,
                    -6.8429026
                    ],
                    [
                    13.9134633,
                    -6.8714894
                    ],
                    [
                    13.95927,
                    -6.8961766
                    ],
                    [
                    14.0112939,
                    -6.9198075
                    ],
                    [
                    14.0225412,
                    -6.9243143
                    ],
                    [
                    14.0231956,
                    -6.9224872
                    ],
                    [
                    14.0246679,
                    -6.9204978
                    ],
                    [
                    14.0260585,
                    -6.9190362
                    ],
                    [
                    14.0279705,
                    -6.9155648
                    ],
                    [
                    14.0280114,
                    -6.9154024
                    ],
                    [
                    14.028083,
                    -6.9147934
                    ],
                    [
                    14.0281034,
                    -6.9141539
                    ],
                    [
                    14.0281442,
                    -6.9133925
                    ],
                    [
                    14.0314161,
                    -6.9120932
                    ],
                    [
                    14.03387,
                    -6.910794
                    ],
                    [
                    14.0343608,
                    -6.9088451
                    ],
                    [
                    14.0341972,
                    -6.9065714
                    ],
                    [
                    14.0359968,
                    -6.9062466
                    ],
                    [
                    14.0384507,
                    -6.9062466
                    ],
                    [
                    14.0402503,
                    -6.9049473
                    ],
                    [
                    14.0430724,
                    -6.9012526
                    ],
                    [
                    14.0451991,
                    -6.8996285
                    ],
                    [
                    14.0475304,
                    -6.8992631
                    ],
                    [
                    14.0512113,
                    -6.8994661
                    ],
                    [
                    14.0551376,
                    -6.8987758
                    ],
                    [
                    14.0593501,
                    -6.8971111
                    ],
                    [
                    14.0620495,
                    -6.8985728
                    ],
                    [
                    14.0643807,
                    -6.898654
                    ],
                    [
                    14.0683479,
                    -6.8987758
                    ],
                    [
                    14.0710472,
                    -6.8962179
                    ],
                    [
                    14.0735011,
                    -6.8930508
                    ],
                    [
                    14.0762823,
                    -6.8899244
                    ],
                    [
                    14.0800041,
                    -6.8881378
                    ],
                    [
                    14.0820899,
                    -6.8874475
                    ],
                    [
                    14.0845029,
                    -6.8870821
                    ],
                    [
                    14.0885519,
                    -6.8872039
                    ],
                    [
                    14.0937461,
                    -6.8880566
                    ],
                    [
                    14.0984086,
                    -6.8885438
                    ],
                    [
                    14.0995128,
                    -6.8917109
                    ],
                    [
                    14.1003308,
                    -6.8931726
                    ],
                    [
                    14.1024984,
                    -6.893335
                    ],
                    [
                    14.1040526,
                    -6.89232
                    ],
                    [
                    14.1053614,
                    -6.890574
                    ],
                    [
                    14.1082652,
                    -6.8893153
                    ],
                    [
                    14.1125187,
                    -6.8894371
                    ],
                    [
                    14.1155861,
                    -6.8893559
                    ],
                    [
                    14.1172629,
                    -6.888422
                    ],
                    [
                    14.1200849,
                    -6.8874069
                    ],
                    [
                    14.1243384,
                    -6.8867979
                    ],
                    [
                    14.1263016,
                    -6.8891529
                    ],
                    [
                    14.1274467,
                    -6.8919951
                    ],
                    [
                    14.1289191,
                    -6.8928072
                    ],
                    [
                    14.1315366,
                    -6.8931726
                    ],
                    [
                    14.1353402,
                    -6.892929
                    ],
                    [
                    14.1373443,
                    -6.8925636
                    ],
                    [
                    14.1405753,
                    -6.893335
                    ],
                    [
                    14.144338,
                    -6.8935381
                    ],
                    [
                    14.1466283,
                    -6.892726
                    ],
                    [
                    14.1494094,
                    -6.8911831
                    ],
                    [
                    14.1507182,
                    -6.8900868
                    ],
                    [
                    14.1511272,
                    -6.8893559
                    ],
                    [
                    14.1539492,
                    -6.8885438
                    ],
                    [
                    14.1581209,
                    -6.8871227
                    ],
                    [
                    14.160902,
                    -6.8854986
                    ],
                    [
                    14.1638876,
                    -6.8831435
                    ],
                    [
                    14.1651964,
                    -6.8805855
                    ],
                    [
                    14.168182,
                    -6.8768498
                    ],
                    [
                    14.1702269,
                    -6.8754693
                    ],
                    [
                    14.1721901,
                    -6.8738857
                    ],
                    [
                    14.1737851,
                    -6.8722209
                    ],
                    [
                    14.1731717,
                    -6.8700688
                    ],
                    [
                    14.1718629,
                    -6.8686476
                    ],
                    [
                    14.1709631,
                    -6.8659271
                    ],
                    [
                    14.1721901,
                    -6.8640186
                    ],
                    [
                    14.1751348,
                    -6.861501
                    ],
                    [
                    14.1793883,
                    -6.8598768
                    ],
                    [
                    14.1858503,
                    -6.8562629
                    ],
                    [
                    14.1914535,
                    -6.854395
                    ],
                    [
                    14.1929258,
                    -6.8542325
                    ],
                    [
                    14.1947254,
                    -6.8555319
                    ],
                    [
                    14.1958296,
                    -6.856872
                    ],
                    [
                    14.1970975,
                    -6.8565471
                    ],
                    [
                    14.1988561,
                    -6.8544356
                    ],
                    [
                    14.2016373,
                    -6.8528519
                    ],
                    [
                    14.2038867,
                    -6.8511464
                    ],
                    [
                    14.2045002,
                    -6.8494003
                    ],
                    [
                    14.204991,
                    -6.8487912
                    ],
                    [
                    14.2056454,
                    -6.8469233
                    ],
                    [
                    14.208631,
                    -6.845299
                    ],
                    [
                    14.2134979,
                    -6.8427813
                    ],
                    [
                    14.2175878,
                    -6.8411164
                    ],
                    [
                    14.2204098,
                    -6.8391267
                    ],
                    [
                    14.2245406,
                    -6.8372587
                    ],
                    [
                    14.2254813,
                    -6.8371369
                    ],
                    [
                    14.2276489,
                    -6.8357968
                    ],
                    [
                    14.2304301,
                    -6.8355938
                    ],
                    [
                    14.2326386,
                    -6.835675
                    ],
                    [
                    14.236115,
                    -6.8350659
                    ],
                    [
                    14.239346,
                    -6.8334415
                    ],
                    [
                    14.240982,
                    -6.8320202
                    ],
                    [
                    14.2416772,
                    -6.830071
                    ],
                    [
                    14.2412683,
                    -6.8284873
                    ],
                    [
                    14.2386098,
                    -6.8269441
                    ],
                    [
                    14.238119,
                    -6.8248731
                    ],
                    [
                    14.2398777,
                    -6.8236954
                    ],
                    [
                    14.2411047,
                    -6.8234112
                    ],
                    [
                    14.2415546,
                    -6.8210964
                    ],
                    [
                    14.2413092,
                    -6.8188223
                    ],
                    [
                    14.2412274,
                    -6.8180507
                    ],
                    [
                    14.2420862,
                    -6.8148426
                    ],
                    [
                    14.2431905,
                    -6.8125278
                    ],
                    [
                    14.2435586,
                    -6.8105379
                    ],
                    [
                    14.2445811,
                    -6.8068423
                    ],
                    [
                    14.247853,
                    -6.8061113
                    ],
                    [
                    14.2496525,
                    -6.8043651
                    ],
                    [
                    14.248671,
                    -6.8025376
                    ],
                    [
                    14.245808,
                    -6.8014005
                    ],
                    [
                    14.2437631,
                    -6.8019284
                    ],
                    [
                    14.2423725,
                    -6.8016848
                    ],
                    [
                    14.240982,
                    -6.7992887
                    ],
                    [
                    14.2423725,
                    -6.7971769
                    ],
                    [
                    14.2427815,
                    -6.7948215
                    ],
                    [
                    14.2395914,
                    -6.7927503
                    ],
                    [
                    14.2373829,
                    -6.7919786
                    ],
                    [
                    14.2355015,
                    -6.7906791
                    ],
                    [
                    14.2334566,
                    -6.7888515
                    ],
                    [
                    14.232066,
                    -6.7876331
                    ],
                    [
                    14.2293667,
                    -6.7874301
                    ],
                    [
                    14.2269537,
                    -6.7862117
                    ],
                    [
                    14.22724,
                    -6.784506
                    ],
                    [
                    14.2273218,
                    -6.7836937
                    ],
                    [
                    14.23088,
                    -6.7819474
                    ],
                    [
                    14.234111,
                    -6.7793482
                    ],
                    [
                    14.2341928,
                    -6.7754899
                    ],
                    [
                    14.2358287,
                    -6.7750026
                    ],
                    [
                    14.2386098,
                    -6.7748808
                    ],
                    [
                    14.2397141,
                    -6.7725252
                    ],
                    [
                    14.2396732,
                    -6.7711443
                    ],
                    [
                    14.2381599,
                    -6.7683826
                    ],
                    [
                    14.2379555,
                    -6.7664331
                    ],
                    [
                    14.2404094,
                    -6.7637526
                    ],
                    [
                    14.2435586,
                    -6.7620874
                    ],
                    [
                    14.2477303,
                    -6.7633464
                    ],
                    [
                    14.2487528,
                    -6.7630215
                    ],
                    [
                    14.251084,
                    -6.7612751
                    ],
                    [
                    14.2543968,
                    -6.7593662
                    ],
                    [
                    14.2555011,
                    -6.7578229
                    ],
                    [
                    14.2594683,
                    -6.7562795
                    ],
                    [
                    14.2626175,
                    -6.7559952
                    ],
                    [
                    14.26319,
                    -6.7545737
                    ],
                    [
                    14.2663802,
                    -6.7514869
                    ],
                    [
                    14.2674435,
                    -6.7493749
                    ],
                    [
                    14.2701429,
                    -6.7487251
                    ],
                    [
                    14.2740282,
                    -6.7498623
                    ],
                    [
                    14.2761959,
                    -6.7501872
                    ],
                    [
                    14.275746,
                    -6.7483189
                    ],
                    [
                    14.2757869,
                    -6.7464506
                    ],
                    [
                    14.2771366,
                    -6.7425515
                    ],
                    [
                    14.2776273,
                    -6.7395459
                    ],
                    [
                    14.2784044,
                    -6.7358904
                    ],
                    [
                    14.2809811,
                    -6.7335347
                    ],
                    [
                    14.2823716,
                    -6.7335347
                    ],
                    [
                    14.2848255,
                    -6.735728
                    ],
                    [
                    14.2862979,
                    -6.7379213
                    ],
                    [
                    14.2886291,
                    -6.7393428
                    ],
                    [
                    14.2898152,
                    -6.7386524
                    ],
                    [
                    14.2901424,
                    -6.7370277
                    ],
                    [
                    14.291533,
                    -6.7336565
                    ],
                    [
                    14.2912876,
                    -6.7310164
                    ],
                    [
                    14.2906332,
                    -6.7302853
                    ],
                    [
                    14.2878521,
                    -6.7301229
                    ],
                    [
                    14.2855208,
                    -6.7297979
                    ],
                    [
                    14.2849891,
                    -6.7286606
                    ],
                    [
                    14.2851527,
                    -6.7259799
                    ],
                    [
                    14.2876885,
                    -6.7229336
                    ],
                    [
                    14.2888336,
                    -6.7222431
                    ],
                    [
                    14.2906332,
                    -6.7203747
                    ],
                    [
                    14.2937824,
                    -6.7193592
                    ],
                    [
                    14.2952139,
                    -6.7186281
                    ],
                    [
                    14.2959909,
                    -6.7176126
                    ],
                    [
                    14.297586,
                    -6.7167597
                    ],
                    [
                    14.2994673,
                    -6.717897
                    ],
                    [
                    14.3019213,
                    -6.718425
                    ],
                    [
                    14.3027801,
                    -6.7155817
                    ],
                    [
                    14.3035163,
                    -6.7148506
                    ],
                    [
                    14.3055613,
                    -6.7152162
                    ],
                    [
                    14.3087514,
                    -6.717897
                    ],
                    [
                    14.3119415,
                    -6.7193592
                    ],
                    [
                    14.3162768,
                    -6.7198466
                    ],
                    [
                    14.3190988,
                    -6.719806
                    ],
                    [
                    14.3217572,
                    -6.7209027
                    ],
                    [
                    14.3243747,
                    -6.7196435
                    ],
                    [
                    14.3250291,
                    -6.7187906
                    ],
                    [
                    14.3267469,
                    -6.717572
                    ],
                    [
                    14.329937,
                    -6.7155817
                    ],
                    [
                    14.3319819,
                    -6.7135508
                    ],
                    [
                    14.3341496,
                    -6.7108294
                    ],
                    [
                    14.3360309,
                    -6.7096921
                    ],
                    [
                    14.3391392,
                    -6.7092859
                    ],
                    [
                    14.3423702,
                    -6.7095296
                    ],
                    [
                    14.3441698,
                    -6.7120479
                    ],
                    [
                    14.3464192,
                    -6.7117229
                    ],
                    [
                    14.3502637,
                    -6.7091234
                    ],
                    [
                    14.3515724,
                    -6.7073361
                    ],
                    [
                    14.3514088,
                    -6.7049802
                    ],
                    [
                    14.352145,
                    -6.7035992
                    ],
                    [
                    14.3570529,
                    -6.704574
                    ],
                    [
                    14.3584434,
                    -6.7024618
                    ],
                    [
                    14.361061,
                    -6.6992123
                    ],
                    [
                    14.3632695,
                    -6.6971813
                    ],
                    [
                    14.365887,
                    -6.6931193
                    ],
                    [
                    14.3693225,
                    -6.6884886
                    ],
                    [
                    14.3711221,
                    -6.6871075
                    ],
                    [
                    14.3842915,
                    -6.6871075
                    ],
                    [
                    14.3899356,
                    -6.6884073
                    ],
                    [
                    14.3940255,
                    -6.6897072
                    ],
                    [
                    14.3999149,
                    -6.6940129
                    ],
                    [
                    14.4046592,
                    -6.6961252
                    ],
                    [
                    14.4098124,
                    -6.697425
                    ],
                    [
                    14.4119391,
                    -6.6971813
                    ],
                    [
                    14.4143931,
                    -6.6968563
                    ],
                    [
                    14.416438,
                    -6.6937692
                    ],
                    [
                    14.4200371,
                    -6.691332
                    ],
                    [
                    14.4215504,
                    -6.6907634
                    ],
                    [
                    14.4235954,
                    -6.6915351
                    ],
                    [
                    14.424945,
                    -6.6915758
                    ],
                    [
                    14.4267037,
                    -6.6911289
                    ],
                    [
                    14.4289122,
                    -6.6904384
                    ],
                    [
                    14.4321023,
                    -6.6924694
                    ],
                    [
                    14.4313661,
                    -6.6944598
                    ],
                    [
                    14.4320205,
                    -6.6966126
                    ],
                    [
                    14.4332066,
                    -6.6987249
                    ],
                    [
                    14.4329203,
                    -6.7004309
                    ],
                    [
                    14.4321841,
                    -6.7029899
                    ],
                    [
                    14.4325931,
                    -6.7048178
                    ],
                    [
                    14.4333702,
                    -6.708636
                    ],
                    [
                    14.4331248,
                    -6.7102201
                    ],
                    [
                    14.4327976,
                    -6.7116418
                    ],
                    [
                    14.4333702,
                    -6.7131853
                    ],
                    [
                    14.4340246,
                    -6.7141601
                    ],
                    [
                    14.4359877,
                    -6.7150537
                    ],
                    [
                    14.4382372,
                    -6.7154599
                    ],
                    [
                    14.439096,
                    -6.7164753
                    ],
                    [
                    14.4392187,
                    -6.7186687
                    ],
                    [
                    14.4399958,
                    -6.7193998
                    ],
                    [
                    14.4417545,
                    -6.7210246
                    ],
                    [
                    14.442327,
                    -6.7216744
                    ],
                    [
                    14.4435131,
                    -6.7237459
                    ],
                    [
                    14.443963,
                    -6.725858
                    ],
                    [
                    14.4440039,
                    -6.7282545
                    ],
                    [
                    14.4446583,
                    -6.7296354
                    ],
                    [
                    14.4460488,
                    -6.7315851
                    ],
                    [
                    14.4470304,
                    -6.7332097
                    ],
                    [
                    14.4473576,
                    -6.7345095
                    ],
                    [
                    14.4478484,
                    -6.7353624
                    ],
                    [
                    14.4492798,
                    -6.7368652
                    ],
                    [
                    14.4519383,
                    -6.7384493
                    ],
                    [
                    14.4545967,
                    -6.7390585
                    ],
                    [
                    14.4577868,
                    -6.740277
                    ],
                    [
                    14.4595046,
                    -6.7419016
                    ],
                    [
                    14.4606906,
                    -6.7436075
                    ],
                    [
                    14.4619585,
                    -6.7464506
                    ],
                    [
                    14.4627765,
                    -6.7471005
                    ],
                    [
                    14.4627765,
                    -6.7486032
                    ],
                    [
                    14.4618767,
                    -6.7510808
                    ],
                    [
                    14.4622039,
                    -6.7536395
                    ],
                    [
                    14.4630219,
                    -6.7555891
                    ],
                    [
                    14.4644533,
                    -6.7563607
                    ],
                    [
                    14.4658848,
                    -6.757173
                    ],
                    [
                    14.4679297,
                    -6.757498
                    ],
                    [
                    14.4693203,
                    -6.7567669
                    ],
                    [
                    14.4725922,
                    -6.7581478
                    ],
                    [
                    14.4733284,
                    -6.7590413
                    ],
                    [
                    14.4738601,
                    -6.761072
                    ],
                    [
                    14.4745553,
                    -6.7634277
                    ],
                    [
                    14.4763549,
                    -6.7657021
                    ],
                    [
                    14.4782771,
                    -6.7681389
                    ],
                    [
                    14.4806493,
                    -6.7700884
                    ],
                    [
                    14.4833486,
                    -6.7709819
                    ],
                    [
                    14.4854344,
                    -6.770332
                    ],
                    [
                    14.4867432,
                    -6.770332
                    ],
                    [
                    14.4873976,
                    -6.7716723
                    ],
                    [
                    14.4874385,
                    -6.7725658
                    ],
                    [
                    14.4866205,
                    -6.7736217
                    ],
                    [
                    14.4852708,
                    -6.7741091
                    ],
                    [
                    14.4832259,
                    -6.7741497
                    ],
                    [
                    14.4815081,
                    -6.773703
                    ],
                    [
                    14.479954,
                    -6.7740279
                    ],
                    [
                    14.4786452,
                    -6.7745965
                    ],
                    [
                    14.4772138,
                    -6.7757742
                    ],
                    [
                    14.4778681,
                    -6.778211
                    ],
                    [
                    14.4783998,
                    -6.7802823
                    ],
                    [
                    14.4806084,
                    -6.7808509
                    ],
                    [
                    14.4824488,
                    -6.7816631
                    ],
                    [
                    14.4831441,
                    -6.7826378
                    ],
                    [
                    14.4824897,
                    -6.7843842
                    ],
                    [
                    14.4831032,
                    -6.7848715
                    ],
                    [
                    14.4847392,
                    -6.7845872
                    ],
                    [
                    14.4866205,
                    -6.7836531
                    ],
                    [
                    14.4879702,
                    -6.7838156
                    ],
                    [
                    14.4902605,
                    -6.7838156
                    ],
                    [
                    14.493696,
                    -6.7847497
                    ],
                    [
                    14.4943095,
                    -6.7861711
                    ],
                    [
                    14.4931234,
                    -6.7859274
                    ],
                    [
                    14.4910376,
                    -6.7856025
                    ],
                    [
                    14.490056,
                    -6.7872676
                    ],
                    [
                    14.488829,
                    -6.7885266
                    ],
                    [
                    14.4879702,
                    -6.7899074
                    ],
                    [
                    14.4896061,
                    -6.7908821
                    ],
                    [
                    14.4913239,
                    -6.7920192
                    ],
                    [
                    14.4906695,
                    -6.7931564
                    ],
                    [
                    14.4903832,
                    -6.7937249
                    ],
                    [
                    14.4897697,
                    -6.7944153
                    ],
                    [
                    14.4900151,
                    -6.7962022
                    ],
                    [
                    14.4905468,
                    -6.7970551
                    ],
                    [
                    14.4927144,
                    -6.7994105
                    ],
                    [
                    14.4950866,
                    -6.8001009
                    ],
                    [
                    14.4966407,
                    -6.7996136
                    ],
                    [
                    14.4979086,
                    -6.7993293
                    ],
                    [
                    14.4983585,
                    -6.8008725
                    ],
                    [
                    14.4981949,
                    -6.8029437
                    ],
                    [
                    14.4979495,
                    -6.8054616
                    ],
                    [
                    14.4988084,
                    -6.8068423
                    ],
                    [
                    14.5003625,
                    -6.8077764
                    ],
                    [
                    14.5008124,
                    -6.8079794
                    ],
                    [
                    14.5023257,
                    -6.8100506
                    ],
                    [
                    14.5024893,
                    -6.8122435
                    ],
                    [
                    14.503389,
                    -6.8141116
                    ],
                    [
                    14.50298,
                    -6.8164669
                    ],
                    [
                    14.5028982,
                    -6.8195533
                    ],
                    [
                    14.504616,
                    -6.8208122
                    ],
                    [
                    14.5076425,
                    -6.8212183
                    ],
                    [
                    14.5097693,
                    -6.8203655
                    ],
                    [
                    14.5110371,
                    -6.8200812
                    ],
                    [
                    14.5145544,
                    -6.8201624
                    ],
                    [
                    14.5156178,
                    -6.8201624
                    ],
                    [
                    14.5162722,
                    -6.8215431
                    ],
                    [
                    14.5171311,
                    -6.8217056
                    ],
                    [
                    14.5192987,
                    -6.8214619
                    ],
                    [
                    14.5210982,
                    -6.8208528
                    ],
                    [
                    14.5208528,
                    -6.8197969
                    ],
                    [
                    14.5205257,
                    -6.8168324
                    ],
                    [
                    14.5201985,
                    -6.8143552
                    ],
                    [
                    14.5196259,
                    -6.8131369
                    ],
                    [
                    14.5179899,
                    -6.8115531
                    ],
                    [
                    14.5176627,
                    -6.8097257
                    ],
                    [
                    14.5172537,
                    -6.8081419
                    ],
                    [
                    14.5172537,
                    -6.8059489
                    ],
                    [
                    14.5184807,
                    -6.8037559
                    ],
                    [
                    14.5210982,
                    -6.8020503
                    ],
                    [
                    14.5231432,
                    -6.8010756
                    ],
                    [
                    14.5270695,
                    -6.8005883
                    ],
                    [
                    14.5289508,
                    -6.8007101
                    ],
                    [
                    14.5307095,
                    -6.8013193
                    ],
                    [
                    14.5323863,
                    -6.8017254
                    ],
                    [
                    14.5349221,
                    -6.8017254
                    ],
                    [
                    14.5359854,
                    -6.8011162
                    ],
                    [
                    14.5381531,
                    -6.7998979
                    ],
                    [
                    14.5404025,
                    -6.7994512
                    ],
                    [
                    14.5427746,
                    -6.798842
                    ],
                    [
                    14.5444924,
                    -6.7985983
                    ],
                    [
                    14.5459647,
                    -6.7996136
                    ],
                    [
                    14.5459647,
                    -6.8004258
                    ],
                    [
                    14.545065,
                    -6.8012787
                    ],
                    [
                    14.542611,
                    -6.8018472
                    ],
                    [
                    14.5408524,
                    -6.8018878
                    ],
                    [
                    14.5399935,
                    -6.8032686
                    ],
                    [
                    14.5407297,
                    -6.8048118
                    ],
                    [
                    14.5427746,
                    -6.8072484
                    ],
                    [
                    14.5429791,
                    -6.8082637
                    ],
                    [
                    14.5419567,
                    -6.8104973
                    ],
                    [
                    14.5423656,
                    -6.8132994
                    ],
                    [
                    14.5424474,
                    -6.8137867
                    ],
                    [
                    14.5428973,
                    -6.8154517
                    ],
                    [
                    14.5441652,
                    -6.8166294
                    ],
                    [
                    14.5460465,
                    -6.8168324
                    ],
                    [
                    14.5472735,
                    -6.8165888
                    ],
                    [
                    14.5485005,
                    -6.8175228
                    ],
                    [
                    14.5475598,
                    -6.8188629
                    ],
                    [
                    14.5464964,
                    -6.8202436
                    ],
                    [
                    14.5448196,
                    -6.8226396
                    ],
                    [
                    14.5440834,
                    -6.8246294
                    ],
                    [
                    14.5445742,
                    -6.8279188
                    ],
                    [
                    14.5459647,
                    -6.8288122
                    ],
                    [
                    14.5489504,
                    -6.8288528
                    ],
                    [
                    14.5514452,
                    -6.828203
                    ],
                    [
                    14.5547989,
                    -6.8267005
                    ],
                    [
                    14.5572528,
                    -6.8255634
                    ],
                    [
                    14.5581526,
                    -6.8251167
                    ],
                    [
                    14.5596659,
                    -6.8245482
                    ],
                    [
                    14.5627742,
                    -6.8238173
                    ],
                    [
                    14.5637148,
                    -6.8228426
                    ],
                    [
                    14.5643692,
                    -6.8215837
                    ],
                    [
                    14.5660461,
                    -6.8215431
                    ],
                    [
                    14.5674366,
                    -6.8228832
                    ],
                    [
                    14.5674366,
                    -6.8243858
                    ],
                    [
                    14.5670686,
                    -6.8265381
                    ],
                    [
                    14.5674775,
                    -6.828203
                    ],
                    [
                    14.5683773,
                    -6.8286497
                    ],
                    [
                    14.5696861,
                    -6.8282842
                    ],
                    [
                    14.5708313,
                    -6.8276751
                    ],
                    [
                    14.5714447,
                    -6.8265787
                    ],
                    [
                    14.5731625,
                    -6.8267817
                    ],
                    [
                    14.5740214,
                    -6.8288122
                    ],
                    [
                    14.5752892,
                    -6.8315329
                    ],
                    [
                    14.5761481,
                    -6.8325887
                    ],
                    [
                    14.5773342,
                    -6.8346192
                    ],
                    [
                    14.5785202,
                    -6.8369744
                    ],
                    [
                    14.5789292,
                    -6.8403449
                    ],
                    [
                    14.577416,
                    -6.8414819
                    ],
                    [
                    14.5760254,
                    -6.8417662
                    ],
                    [
                    14.5738987,
                    -6.8412789
                    ],
                    [
                    14.5718537,
                    -6.8394109
                    ],
                    [
                    14.5700542,
                    -6.837015
                    ],
                    [
                    14.5683364,
                    -6.8351877
                    ],
                    [
                    14.5662097,
                    -6.835878
                    ],
                    [
                    14.5667823,
                    -6.8385175
                    ],
                    [
                    14.5687454,
                    -6.8413195
                    ],
                    [
                    14.5718537,
                    -6.842822
                    ],
                    [
                    14.5748393,
                    -6.8435123
                    ],
                    [
                    14.5783157,
                    -6.8435935
                    ],
                    [
                    14.5805652,
                    -6.8433499
                    ],
                    [
                    14.5816285,
                    -6.8424565
                    ],
                    [
                    14.5845733,
                    -6.8432686
                    ],
                    [
                    14.5851459,
                    -6.8435935
                    ],
                    [
                    14.5843279,
                    -6.8456645
                    ],
                    [
                    14.5832645,
                    -6.8472482
                    ],
                    [
                    14.5844915,
                    -6.8480197
                    ],
                    [
                    14.585882,
                    -6.8478573
                    ],
                    [
                    14.5876816,
                    -6.8466797
                    ],
                    [
                    14.5890721,
                    -6.8457457
                    ],
                    [
                    14.5914443,
                    -6.8449741
                    ],
                    [
                    14.5942254,
                    -6.8448523
                    ],
                    [
                    14.5961476,
                    -6.8456645
                    ],
                    [
                    14.5977427,
                    -6.8493597
                    ],
                    [
                    14.5987243,
                    -6.8522428
                    ],
                    [
                    14.5989697,
                    -6.8528519
                    ],
                    [
                    14.599624,
                    -6.8545574
                    ],
                    [
                    14.6007692,
                    -6.857075
                    ],
                    [
                    14.5998285,
                    -6.8578871
                    ],
                    [
                    14.5976609,
                    -6.8578059
                    ],
                    [
                    14.5960249,
                    -6.8587804
                    ],
                    [
                    14.5957796,
                    -6.8602017
                    ],
                    [
                    14.5961067,
                    -6.8623132
                    ],
                    [
                    14.5970065,
                    -6.8632877
                    ],
                    [
                    14.5984789,
                    -6.865115
                    ],
                    [
                    14.59762,
                    -6.8661301
                    ],
                    [
                    14.5970065,
                    -6.8673483
                    ],
                    [
                    14.5979881,
                    -6.8677949
                    ],
                    [
                    14.5993378,
                    -6.8671858
                    ],
                    [
                    14.5999103,
                    -6.8667392
                    ],
                    [
                    14.6025688,
                    -6.8661707
                    ],
                    [
                    14.6040002,
                    -6.8661301
                    ],
                    [
                    14.6066586,
                    -6.8661707
                    ],
                    [
                    14.60854,
                    -6.8667392
                    ],
                    [
                    14.609358,
                    -6.8677543
                    ],
                    [
                    14.6104213,
                    -6.8694191
                    ],
                    [
                    14.6107076,
                    -6.8702312
                    ],
                    [
                    14.6114438,
                    -6.871287
                    ],
                    [
                    14.6123845,
                    -6.8714494
                    ],
                    [
                    14.6133252,
                    -6.8704749
                    ],
                    [
                    14.6150429,
                    -6.8705967
                    ],
                    [
                    14.6160245,
                    -6.8694191
                    ],
                    [
                    14.6164335,
                    -6.8673077
                    ],
                    [
                    14.6166789,
                    -6.8658459
                    ],
                    [
                    14.6138159,
                    -6.8660083
                    ],
                    [
                    14.6125481,
                    -6.8657647
                    ],
                    [
                    14.6111575,
                    -6.8656022
                    ],
                    [
                    14.6104213,
                    -6.8653992
                    ],
                    [
                    14.609767,
                    -6.8642622
                    ],
                    [
                    14.6097261,
                    -6.8633283
                    ],
                    [
                    14.6105031,
                    -6.8623132
                    ],
                    [
                    14.6123845,
                    -6.8618259
                    ],
                    [
                    14.6143885,
                    -6.8621507
                    ],
                    [
                    14.6171697,
                    -6.8632065
                    ],
                    [
                    14.6183966,
                    -6.8640998
                    ],
                    [
                    14.6195009,
                    -6.8632877
                    ],
                    [
                    14.6200326,
                    -6.8620695
                    ],
                    [
                    14.6199917,
                    -6.8606483
                    ],
                    [
                    14.6188874,
                    -6.8591459
                    ],
                    [
                    14.61946,
                    -6.8576029
                    ],
                    [
                    14.6201962,
                    -6.8558568
                    ],
                    [
                    14.619869,
                    -6.8546792
                    ],
                    [
                    14.6192146,
                    -6.8533798
                    ],
                    [
                    14.6192964,
                    -6.8513089
                    ],
                    [
                    14.6197463,
                    -6.8497252
                    ],
                    [
                    14.6212186,
                    -6.8505779
                    ],
                    [
                    14.6224047,
                    -6.8517961
                    ],
                    [
                    14.6245314,
                    -6.8517149
                    ],
                    [
                    14.6264128,
                    -6.851187
                    ],
                    [
                    14.6279261,
                    -6.8506185
                    ],
                    [
                    14.6284577,
                    -6.8493191
                    ],
                    [
                    14.6270263,
                    -6.8493191
                    ],
                    [
                    14.6258402,
                    -6.8490755
                    ],
                    [
                    14.6248586,
                    -6.8484258
                    ],
                    [
                    14.6238362,
                    -6.8470451
                    ],
                    [
                    14.6235908,
                    -6.8463142
                    ],
                    [
                    14.6251858,
                    -6.8457457
                    ],
                    [
                    14.6273944,
                    -6.8456645
                    ],
                    [
                    14.6272308,
                    -6.8444463
                    ],
                    [
                    14.6257993,
                    -6.8430656
                    ],
                    [
                    14.6256357,
                    -6.8405885
                    ],
                    [
                    14.6267809,
                    -6.8385175
                    ],
                    [
                    14.6294802,
                    -6.8370557
                    ],
                    [
                    14.6300528,
                    -6.836812
                    ],
                    [
                    14.6302573,
                    -6.8355532
                    ],
                    [
                    14.6308708,
                    -6.8340506
                    ],
                    [
                    14.6331611,
                    -6.8323045
                    ],
                    [
                    14.6345517,
                    -6.8308832
                    ],
                    [
                    14.6361467,
                    -6.8295025
                    ],
                    [
                    14.6395413,
                    -6.8294619
                    ],
                    [
                    14.6419135,
                    -6.8292182
                    ],
                    [
                    14.6416681,
                    -6.8286091
                    ],
                    [
                    14.6419135,
                    -6.8266599
                    ],
                    [
                    14.6432631,
                    -6.8259289
                    ],
                    [
                    14.6448991,
                    -6.8253604
                    ],
                    [
                    14.6469849,
                    -6.8243452
                    ],
                    [
                    14.6484164,
                    -6.822599
                    ],
                    [
                    14.6487845,
                    -6.8211777
                    ],
                    [
                    14.6495615,
                    -6.8206497
                    ],
                    [
                    14.6513202,
                    -6.8217868
                    ],
                    [
                    14.6529153,
                    -6.8230863
                    ],
                    [
                    14.6536105,
                    -6.8242233
                    ],
                    [
                    14.6544694,
                    -6.8254822
                    ],
                    [
                    14.6544285,
                    -6.8266599
                    ],
                    [
                    14.6546739,
                    -6.827269
                    ],
                    [
                    14.6556146,
                    -6.8290964
                    ],
                    [
                    14.6537332,
                    -6.8303147
                    ],
                    [
                    14.6529971,
                    -6.8319796
                    ],
                    [
                    14.6536514,
                    -6.8344973
                    ],
                    [
                    14.6545512,
                    -6.8352283
                    ],
                    [
                    14.6561872,
                    -6.8357156
                    ],
                    [
                    14.658273,
                    -6.8362841
                    ],
                    [
                    14.6601953,
                    -6.8375836
                    ],
                    [
                    14.6617903,
                    -6.8385988
                    ],
                    [
                    14.6636308,
                    -6.8391267
                    ],
                    [
                    14.6650213,
                    -6.839086
                    ],
                    [
                    14.665144,
                    -6.8413195
                    ],
                    [
                    14.665553,
                    -6.8438777
                    ],
                    [
                    14.666371,
                    -6.8444056
                    ],
                    [
                    14.6681705,
                    -6.8444056
                    ],
                    [
                    14.6697656,
                    -6.8447305
                    ],
                    [
                    14.6721377,
                    -6.8450148
                    ],
                    [
                    14.6730375,
                    -6.8445275
                    ],
                    [
                    14.6732011,
                    -6.8433499
                    ],
                    [
                    14.6720968,
                    -6.8428626
                    ],
                    [
                    14.6723422,
                    -6.8410758
                    ],
                    [
                    14.6735283,
                    -6.8401825
                    ],
                    [
                    14.6750824,
                    -6.84002
                    ],
                    [
                    14.6761049,
                    -6.84002
                    ],
                    [
                    14.6776591,
                    -6.8394515
                    ],
                    [
                    14.6785997,
                    -6.8397764
                    ],
                    [
                    14.6790905,
                    -6.8378272
                    ],
                    [
                    14.6802357,
                    -6.837015
                    ],
                    [
                    14.6817898,
                    -6.8369338
                    ],
                    [
                    14.6821988,
                    -6.8379084
                    ],
                    [
                    14.6828123,
                    -6.8385581
                    ],
                    [
                    14.6838348,
                    -6.8385175
                    ],
                    [
                    14.6846528,
                    -6.8387612
                    ],
                    [
                    14.6843665,
                    -6.8400606
                    ],
                    [
                    14.6847755,
                    -6.8412383
                    ],
                    [
                    14.6862478,
                    -6.8426595
                    ],
                    [
                    14.6867386,
                    -6.8445681
                    ],
                    [
                    14.6861251,
                    -6.8451772
                    ],
                    [
                    14.6858797,
                    -6.8465984
                    ],
                    [
                    14.6851845,
                    -6.8470857
                    ],
                    [
                    14.6850209,
                    -6.8465172
                    ],
                    [
                    14.683753,
                    -6.8455427
                    ],
                    [
                    14.682935,
                    -6.8465172
                    ],
                    [
                    14.6833031,
                    -6.8476542
                    ],
                    [
                    14.6828532,
                    -6.84871
                    ],
                    [
                    14.6826487,
                    -6.8494409
                    ],
                    [
                    14.683753,
                    -6.8507404
                    ],
                    [
                    14.684162,
                    -6.850984
                    ],
                    [
                    14.6857161,
                    -6.8504967
                    ],
                    [
                    14.686984,
                    -6.8515525
                    ],
                    [
                    14.6880065,
                    -6.8519992
                    ],
                    [
                    14.6886609,
                    -6.8524864
                    ],
                    [
                    14.6896424,
                    -6.8528113
                    ],
                    [
                    14.6903377,
                    -6.8540295
                    ],
                    [
                    14.6904604,
                    -6.8549634
                    ],
                    [
                    14.6904604,
                    -6.8562222
                    ],
                    [
                    14.690624,
                    -6.8582932
                    ],
                    [
                    14.6908694,
                    -6.8602829
                    ],
                    [
                    14.6914011,
                    -6.8619883
                    ],
                    [
                    14.6923418,
                    -6.8623944
                    ],
                    [
                    14.6936914,
                    -6.8613792
                    ],
                    [
                    14.6947139,
                    -6.8602829
                    ],
                    [
                    14.6956137,
                    -6.8590647
                    ],
                    [
                    14.6965134,
                    -6.8570344
                    ],
                    [
                    14.696677,
                    -6.8558162
                    ],
                    [
                    14.6965134,
                    -6.8541919
                    ],
                    [
                    14.6972905,
                    -6.853461
                    ],
                    [
                    14.6986811,
                    -6.8531362
                    ],
                    [
                    14.6998262,
                    -6.8541513
                    ],
                    [
                    14.6999489,
                    -6.8563441
                    ],
                    [
                    14.7005624,
                    -6.8571968
                    ],
                    [
                    14.7018303,
                    -6.8577247
                    ],
                    [
                    14.7033026,
                    -6.8576841
                    ],
                    [
                    14.7048159,
                    -6.8580089
                    ],
                    [
                    14.7060838,
                    -6.8585774
                    ],
                    [
                    14.7081287,
                    -6.8591053
                    ],
                    [
                    14.7099692,
                    -6.8584962
                    ],
                    [
                    14.7111144,
                    -6.8577856
                    ],
                    [
                    14.7115745,
                    -6.8573288
                    ],
                    [
                    14.7122391,
                    -6.8565674
                    ],
                    [
                    14.7130366,
                    -6.8554609
                    ],
                    [
                    14.7134251,
                    -6.8549533
                    ],
                    [
                    14.7140182,
                    -6.8544457
                    ],
                    [
                    14.7145499,
                    -6.8539382
                    ],
                    [
                    14.7150509,
                    -6.8536438
                    ],
                    [
                    14.7158893,
                    -6.8533798
                    ],
                    [
                    14.7166868,
                    -6.8531869
                    ],
                    [
                    14.7171572,
                    -6.8531159
                    ],
                    [
                    14.7176377,
                    -6.85272
                    ],
                    [
                    14.7176786,
                    -6.8519078
                    ],
                    [
                    14.7177195,
                    -6.8515424
                    ],
                    [
                    14.7178115,
                    -6.8506186
                    ],
                    [
                    14.7178831,
                    -6.8499181
                    ],
                    [
                    14.7184046,
                    -6.8492887
                    ],
                    [
                    14.719059,
                    -6.8488928
                    ],
                    [
                    14.7191305,
                    -6.8486187
                    ],
                    [
                    14.7194475,
                    -6.8480603
                    ],
                    [
                    14.719744,
                    -6.8474817
                    ],
                    [
                    14.719969,
                    -6.8469842
                    ],
                    [
                    14.7200405,
                    -6.8464462
                    ],
                    [
                    14.7199792,
                    -6.8459995
                    ],
                    [
                    14.720153,
                    -6.8456645
                    ],
                    [
                    14.7208381,
                    -6.8455325
                    ],
                    [
                    14.7217787,
                    -6.845431
                    ],
                    [
                    14.7219832,
                    -6.8453295
                    ],
                    [
                    14.7220037,
                    -6.8451163
                    ],
                    [
                    14.7220037,
                    -6.8449539
                    ],
                    [
                    14.7218196,
                    -6.8441823
                    ],
                    [
                    14.7214413,
                    -6.8432382
                    ],
                    [
                    14.7215231,
                    -6.8428118
                    ],
                    [
                    14.7221673,
                    -6.8430149
                    ],
                    [
                    14.7228217,
                    -6.843289
                    ],
                    [
                    14.7229853,
                    -6.8429743
                    ],
                    [
                    14.7234351,
                    -6.8424159
                    ],
                    [
                    14.7251618,
                    -6.8400391
                    ],
                    [
                    14.7327486,
                    -6.8909788
                    ],
                    [
                    14.7432187,
                    -6.94035
                    ],
                    [
                    14.7576151,
                    -6.9793235
                    ],
                    [
                    14.7837903,
                    -7.0364789
                    ],
                    [
                    14.8125831,
                    -7.0936273
                    ],
                    [
                    14.846611,
                    -7.142977
                    ],
                    [
                    14.8662424,
                    -7.2079026
                    ],
                    [
                    14.8780213,
                    -7.2676261
                    ],
                    [
                    14.8754038,
                    -7.3130625
                    ],
                    [
                    14.889474,
                    -7.3562237
                    ],
                    [
                    14.9005984,
                    -7.3818583
                    ],
                    [
                    14.9225202,
                    -7.4068425
                    ],
                    [
                    14.9414973,
                    -7.4230652
                    ],
                    [
                    14.9670182,
                    -7.4581043
                    ],
                    [
                    14.9820686,
                    -7.4752981
                    ],
                    [
                    15.0285297,
                    -7.5135768
                    ],
                    [
                    15.0507787,
                    -7.5460137
                    ],
                    [
                    15.1043595,
                    -7.4867133
                    ],
                    [
                    15.1421281,
                    -7.4596551
                    ],
                    [
                    15.1365027,
                    -7.4493445
                    ],
                    [
                    15.0834978,
                    -7.3377267
                    ],
                    [
                    15.063212,
                    -7.3046253
                    ],
                    [
                    15.0350736,
                    -7.2299759
                    ],
                    [
                    14.996465,
                    -7.1559635
                    ],
                    [
                    14.9722529,
                    -7.1176541
                    ],
                    [
                    14.9526215,
                    -7.0728475
                    ],
                    [
                    14.9303725,
                    -6.9702306
                    ],
                    [
                    14.9264462,
                    -6.9033227
                    ],
                    [
                    14.9526208,
                    -6.8234099
                    ],
                    [
                    14.9303718,
                    -6.7948202
                    ],
                    [
                    14.9015777,
                    -6.7324355
                    ],
                    [
                    14.883255,
                    -6.6674442
                    ],
                    [
                    14.8649324,
                    -6.5816425
                    ],
                    [
                    14.8544622,
                    -6.5296343
                    ],
                    [
                    14.8256695,
                    -6.4464099
                    ],
                    [
                    14.8047292,
                    -6.37878
                    ],
                    [
                    14.7811715,
                    -6.331954
                    ],
                    [
                    14.7471436,
                    -6.2773184
                    ],
                    [
                    14.7131158,
                    -6.2304833
                    ],
                    [
                    14.6712354,
                    -6.1420057
                    ],
                    [
                    14.6215024,
                    -6.0561162
                    ],
                    [
                    14.5770044,
                    -5.978023
                    ],
                    [
                    14.5762934,
                    -5.9740158
                    ],
                    [
                    14.5750438,
                    -5.9746087
                    ],
                    [
                    14.5691541,
                    -5.9757474
                    ],
                    [
                    14.5629375,
                    -5.9776999
                    ],
                    [
                    14.551813,
                    -5.9819302
                    ],
                    [
                    14.5390526,
                    -5.9864859
                    ],
                    [
                    14.5344719,
                    -5.9916924
                    ],
                    [
                    14.5298912,
                    -5.9949465
                    ],
                    [
                    14.5194211,
                    -5.9962481
                    ],
                    [
                    14.4932458,
                    -5.9965735
                    ],
                    [
                    14.4775407,
                    -5.9978751
                    ],
                    [
                    14.4670706,
                    -5.9988513
                    ],
                    [
                    14.450711,
                    -5.9988513
                    ],
                    [
                    14.4343515,
                    -5.9982005
                    ],
                    [
                    14.4219182,
                    -5.9982005
                    ],
                    [
                    14.4055587,
                    -5.9988513
                    ],
                    [
                    14.3968884,
                    -5.9956788
                    ],
                    [
                    14.3951706,
                    -5.996411
                    ],
                    [
                    14.3916533,
                    -5.995028
                    ],
                    [
                    14.3884632,
                    -5.9945399
                    ],
                    [
                    14.3842915,
                    -5.9957602
                    ],
                    [
                    14.3809378,
                    -5.9975499
                    ],
                    [
                    14.3788111,
                    -5.9952721
                    ],
                    [
                    14.3769297,
                    -5.99153
                    ],
                    [
                    14.3728398,
                    -5.9886013
                    ],
                    [
                    14.3720219,
                    -5.9910419
                    ],
                    [
                    14.3698133,
                    -5.9905538
                    ],
                    [
                    14.365478,
                    -5.9905538
                    ],
                    [
                    14.3616336,
                    -5.9920181
                    ],
                    [
                    14.358607,
                    -5.9925875
                    ],
                    [
                    14.3545172,
                    -5.993401
                    ],
                    [
                    14.3523904,
                    -5.9932383
                    ],
                    [
                    14.3488731,
                    -5.9930756
                    ],
                    [
                    14.3460102,
                    -5.9909605
                    ],
                    [
                    14.3445378,
                    -5.9894962
                    ],
                    [
                    14.3402844,
                    -5.9890894
                    ],
                    [
                    14.3376668,
                    -5.9903097
                    ],
                    [
                    14.3307958,
                    -5.9899843
                    ],
                    [
                    14.3255608,
                    -5.9916113
                    ],
                    [
                    14.3232704,
                    -5.9933197
                    ],
                    [
                    14.3210619,
                    -5.9960042
                    ],
                    [
                    14.318199,
                    -5.9975499
                    ],
                    [
                    14.3167266,
                    -5.9997463
                    ],
                    [
                    14.316563,
                    -6.0019428
                    ],
                    [
                    14.3147635,
                    -6.0014547
                    ],
                    [
                    14.3124731,
                    -6.0011293
                    ],
                    [
                    14.3090376,
                    -5.9982821
                    ],
                    [
                    14.3065837,
                    -5.9973872
                    ],
                    [
                    14.3038026,
                    -5.9967364
                    ],
                    [
                    14.3020848,
                    -5.9969805
                    ],
                    [
                    14.2998763,
                    -6.0001531
                    ],
                    [
                    14.2982403,
                    -5.9973872
                    ],
                    [
                    14.2956228,
                    -5.9949467
                    ],
                    [
                    14.2948048,
                    -5.988764
                    ],
                    [
                    14.2921873,
                    -5.9831508
                    ],
                    [
                    14.2894062,
                    -5.9798153
                    ],
                    [
                    14.2863797,
                    -5.9746901
                    ],
                    [
                    14.2853163,
                    -5.970297
                    ],
                    [
                    14.2852345,
                    -5.9672869
                    ],
                    [
                    14.2852345,
                    -5.9629751
                    ],
                    [
                    14.2850709,
                    -5.9571988
                    ],
                    [
                    14.2849891,
                    -5.9560598
                    ],
                    [
                    14.2840893,
                    -5.953131
                    ],
                    [
                    14.2831078,
                    -5.9509344
                    ],
                    [
                    14.2795087,
                    -5.9488191
                    ],
                    [
                    14.2788543,
                    -5.9471106
                    ],
                    [
                    14.279754,
                    -5.9455648
                    ],
                    [
                    14.2778727,
                    -5.9450766
                    ],
                    [
                    14.275746,
                    -5.9459716
                    ],
                    [
                    14.2739464,
                    -5.9470292
                    ],
                    [
                    14.2734556,
                    -5.9481682
                    ],
                    [
                    14.2728012,
                    -5.9497954
                    ],
                    [
                    14.2696111,
                    -5.9504462
                    ],
                    [
                    14.2698565,
                    -5.9517479
                    ],
                    [
                    14.2674026,
                    -5.9532937
                    ],
                    [
                    14.2682206,
                    -5.9543514
                    ],
                    [
                    14.2681388,
                    -5.9569548
                    ],
                    [
                    14.2666664,
                    -5.9569548
                    ],
                    [
                    14.2647851,
                    -5.9548395
                    ],
                    [
                    14.2634763,
                    -5.950853
                    ],
                    [
                    14.2629037,
                    -5.9499581
                    ],
                    [
                    14.2629855,
                    -5.9467852
                    ],
                    [
                    14.2620039,
                    -5.945158
                    ],
                    [
                    14.2585684,
                    -5.9430427
                    ],
                    [
                    14.2557873,
                    -5.941985
                    ],
                    [
                    14.2561145,
                    -5.9393816
                    ],
                    [
                    14.2579141,
                    -5.9375917
                    ],
                    [
                    14.254315,
                    -5.9356391
                    ],
                    [
                    14.2503069,
                    -5.9360459
                    ],
                    [
                    14.2479347,
                    -5.933361
                    ],
                    [
                    14.2469532,
                    -5.9304321
                    ],
                    [
                    14.2491617,
                    -5.929293
                    ],
                    [
                    14.2489163,
                    -5.9247368
                    ],
                    [
                    14.246217,
                    -5.9230282
                    ],
                    [
                    14.24499,
                    -5.9218078
                    ],
                    [
                    14.2435995,
                    -5.9212383
                    ],
                    [
                    14.2429451,
                    -5.9187975
                    ],
                    [
                    14.2407365,
                    -5.9178211
                    ],
                    [
                    14.2380372,
                    -5.9188788
                    ],
                    [
                    14.237301,
                    -5.9209129
                    ],
                    [
                    14.2353379,
                    -5.9224587
                    ],
                    [
                    14.232475,
                    -5.9241673
                    ],
                    [
                    14.2323932,
                    -5.9253064
                    ],
                    [
                    14.2346835,
                    -5.9254691
                    ],
                    [
                    14.2367284,
                    -5.925225
                    ],
                    [
                    14.2361559,
                    -5.9269336
                    ],
                    [
                    14.2362377,
                    -5.928154
                    ],
                    [
                    14.2361559,
                    -5.931327
                    ],
                    [
                    14.2345199,
                    -5.9312456
                    ],
                    [
                    14.231657,
                    -5.9304321
                    ],
                    [
                    14.2270763,
                    -5.9279099
                    ],
                    [
                    14.2224138,
                    -5.9250623
                    ],
                    [
                    14.2187329,
                    -5.9209129
                    ],
                    [
                    14.2184876,
                    -5.918472
                    ],
                    [
                    14.2160336,
                    -5.9183906
                    ],
                    [
                    14.2134979,
                    -5.9179838
                    ],
                    [
                    14.2128435,
                    -5.9196924
                    ],
                    [
                    14.2111258,
                    -5.9205874
                    ],
                    [
                    14.2092444,
                    -5.9190415
                    ],
                    [
                    14.2082628,
                    -5.9205874
                    ],
                    [
                    14.2084264,
                    -5.9234351
                    ],
                    [
                    14.2084264,
                    -5.9244114
                    ],
                    [
                    14.2053999,
                    -5.9229469
                    ],
                    [
                    14.2047455,
                    -5.9260386
                    ],
                    [
                    14.2003285,
                    -5.9296185
                    ],
                    [
                    14.194439,
                    -5.9294557
                    ],
                    [
                    14.1926395,
                    -5.9293744
                    ],
                    [
                    14.1902673,
                    -5.9266081
                    ],
                    [
                    14.1937028,
                    -5.9246555
                    ],
                    [
                    14.1951752,
                    -5.9244114
                    ],
                    [
                    14.1941118,
                    -5.9219706
                    ],
                    [
                    14.1928031,
                    -5.921401
                    ],
                    [
                    14.1885496,
                    -5.9203433
                    ],
                    [
                    14.1847051,
                    -5.9209942
                    ],
                    [
                    14.1842961,
                    -5.9201806
                    ],
                    [
                    14.1828238,
                    -5.9163566
                    ],
                    [
                    14.182333,
                    -5.9118003
                    ],
                    [
                    14.1803698,
                    -5.9083017
                    ],
                    [
                    14.1772615,
                    -5.9068372
                    ],
                    [
                    14.1757891,
                    -5.9039081
                    ],
                    [
                    14.1756256,
                    -5.9003281
                    ],
                    [
                    14.175053,
                    -5.8987008
                    ],
                    [
                    14.1715357,
                    -5.8956089
                    ],
                    [
                    14.1710449,
                    -5.892517
                    ],
                    [
                    14.1723536,
                    -5.8884487
                    ],
                    [
                    14.1717811,
                    -5.8840549
                    ],
                    [
                    14.1698179,
                    -5.8805562
                    ],
                    [
                    14.1666278,
                    -5.8765691
                    ],
                    [
                    14.1667914,
                    -5.8749418
                    ],
                    [
                    14.1697361,
                    -5.8744536
                    ],
                    [
                    14.1705541,
                    -5.8715243
                    ],
                    [
                    14.1705541,
                    -5.8674559
                    ],
                    [
                    14.1671186,
                    -5.8651775
                    ],
                    [
                    14.1663006,
                    -5.8645266
                    ],
                    [
                    14.1619653,
                    -5.8643638
                    ],
                    [
                    14.160084,
                    -5.8649334
                    ],
                    [
                    14.1558305,
                    -5.8665608
                    ],
                    [
                    14.153213,
                    -5.8648521
                    ],
                    [
                    14.151986,
                    -5.8611904
                    ],
                    [
                    14.1504319,
                    -5.8599699
                    ],
                    [
                    14.1468328,
                    -5.8577729
                    ],
                    [
                    14.1445424,
                    -5.8559013
                    ],
                    [
                    14.1427429,
                    -5.8518328
                    ],
                    [
                    14.1436426,
                    -5.8498799
                    ],
                    [
                    14.1461784,
                    -5.846625
                    ],
                    [
                    14.1432337,
                    -5.8430446
                    ],
                    [
                    14.1415977,
                    -5.8445907
                    ],
                    [
                    14.1402889,
                    -5.8427191
                    ],
                    [
                    14.1424975,
                    -5.8419867
                    ],
                    [
                    14.1424157,
                    -5.8400338
                    ],
                    [
                    14.1409433,
                    -5.8384877
                    ],
                    [
                    14.13988,
                    -5.8379181
                    ],
                    [
                    14.1363627,
                    -5.8366975
                    ],
                    [
                    14.1357083,
                    -5.8386504
                    ],
                    [
                    14.1344813,
                    -5.8399524
                    ],
                    [
                    14.1324364,
                    -5.8396269
                    ],
                    [
                    14.1303914,
                    -5.8374298
                    ],
                    [
                    14.1282647,
                    -5.8384063
                    ],
                    [
                    14.1255654,
                    -5.8390573
                    ],
                    [
                    14.1222934,
                    -5.8406034
                    ],
                    [
                    14.1183672,
                    -5.8427191
                    ],
                    [
                    14.116813,
                    -5.8439397
                    ],
                    [
                    14.115177,
                    -5.8428005
                    ],
                    [
                    14.1124777,
                    -5.8414985
                    ],
                    [
                    14.109124,
                    -5.8388946
                    ],
                    [
                    14.1055249,
                    -5.8366975
                    ],
                    [
                    14.1033164,
                    -5.8365347
                    ],
                    [
                    14.102662,
                    -5.8392201
                    ],
                    [
                    14.101844,
                    -5.8412544
                    ],
                    [
                    14.0997173,
                    -5.8436142
                    ],
                    [
                    14.0964454,
                    -5.8439397
                    ],
                    [
                    14.0922737,
                    -5.843126
                    ],
                    [
                    14.0881838,
                    -5.841824
                    ],
                    [
                    14.0854027,
                    -5.841824
                    ],
                    [
                    14.0807402,
                    -5.8412544
                    ],
                    [
                    14.0797586,
                    -5.8437769
                    ],
                    [
                    14.0796768,
                    -5.8460554
                    ],
                    [
                    14.0778773,
                    -5.8456485
                    ],
                    [
                    14.0749326,
                    -5.8454858
                    ],
                    [
                    14.0711699,
                    -5.8452416
                    ],
                    [
                    14.0701883,
                    -5.8467877
                    ],
                    [
                    14.0679798,
                    -5.8484965
                    ],
                    [
                    14.0678162,
                    -5.8471132
                    ],
                    [
                    14.067489,
                    -5.8458113
                    ],
                    [
                    14.0652804,
                    -5.8456485
                    ],
                    [
                    14.0647897,
                    -5.8477642
                    ],
                    [
                    14.0636445,
                    -5.8489034
                    ],
                    [
                    14.0624993,
                    -5.8487407
                    ],
                    [
                    14.061027,
                    -5.8473573
                    ],
                    [
                    14.0598818,
                    -5.844672
                    ],
                    [
                    14.0582458,
                    -5.8434515
                    ],
                    [
                    14.0567735,
                    -5.8464622
                    ],
                    [
                    14.0528472,
                    -5.8489034
                    ],
                    [
                    14.0494117,
                    -5.8506122
                    ],
                    [
                    14.0474485,
                    -5.8510191
                    ],
                    [
                    14.0443402,
                    -5.8519955
                    ],
                    [
                    14.0401685,
                    -5.8513445
                    ],
                    [
                    14.0384508,
                    -5.8497171
                    ],
                    [
                    14.038369,
                    -5.8484965
                    ],
                    [
                    14.0339519,
                    -5.8476014
                    ],
                    [
                    14.0327249,
                    -5.8487407
                    ],
                    [
                    14.0308436,
                    -5.848822
                    ],
                    [
                    14.0303528,
                    -5.8477642
                    ],
                    [
                    14.0316616,
                    -5.8460554
                    ],
                    [
                    14.0328885,
                    -5.8440211
                    ],
                    [
                    14.0328885,
                    -5.8427191
                    ],
                    [
                    14.0332975,
                    -5.8402779
                    ],
                    [
                    14.0317434,
                    -5.8397897
                    ],
                    [
                    14.0290441,
                    -5.8397897
                    ],
                    [
                    14.0239726,
                    -5.8400338
                    ],
                    [
                    14.0197191,
                    -5.8394642
                    ],
                    [
                    14.0146477,
                    -5.8383249
                    ],
                    [
                    14.0090036,
                    -5.8369416
                    ],
                    [
                    14.0053227,
                    -5.8355582
                    ],
                    [
                    14.0033596,
                    -5.832466
                    ],
                    [
                    14.0051591,
                    -5.8305944
                    ],
                    [
                    14.0038504,
                    -5.8277463
                    ],
                    [
                    14.0013146,
                    -5.8267698
                    ],
                    [
                    13.9995151,
                    -5.8295366
                    ],
                    [
                    13.997879,
                    -5.8297806
                    ],
                    [
                    13.9923168,
                    -5.8281531
                    ],
                    [
                    13.9883905,
                    -5.8266883
                    ],
                    [
                    13.978902,
                    -5.8229451
                    ],
                    [
                    13.9676139,
                    -5.81969
                    ],
                    [
                    13.9684319,
                    -5.8148075
                    ],
                    [
                    13.9728489,
                    -5.8122034
                    ],
                    [
                    13.9731761,
                    -5.8068325
                    ],
                    [
                    13.9676139,
                    -5.8047166
                    ],
                    [
                    13.963524,
                    -5.807809
                    ],
                    [
                    13.9568166,
                    -5.8118779
                    ],
                    [
                    13.9504364,
                    -5.8123661
                    ],
                    [
                    13.948964,
                    -5.8089483
                    ],
                    [
                    13.9440561,
                    -5.8009732
                    ],
                    [
                    13.9406206,
                    -5.796416
                    ],
                    [
                    13.9342404,
                    -5.7903939
                    ],
                    [
                    13.9353856,
                    -5.7856738
                    ],
                    [
                    13.9371851,
                    -5.7778612
                    ],
                    [
                    13.9391483,
                    -5.7706995
                    ],
                    [
                    13.9388211,
                    -5.7650026
                    ],
                    [
                    13.9345676,
                    -5.7627239
                    ],
                    [
                    13.9327681,
                    -5.759794
                    ],
                    [
                    13.927533,
                    -5.7531205
                    ],
                    [
                    13.9218072,
                    -5.7440052
                    ],
                    [
                    13.9172265,
                    -5.7384708
                    ],
                    [
                    13.9147726,
                    -5.7324481
                    ],
                    [
                    13.9141182,
                    -5.7213791
                    ],
                    [
                    13.9108463,
                    -5.7150307
                    ],
                    [
                    13.9100283,
                    -5.7064031
                    ],
                    [
                    13.9123186,
                    -5.7046125
                    ],
                    [
                    13.9150998,
                    -5.7003801
                    ],
                    [
                    13.9119914,
                    -5.696636
                    ],
                    [
                    13.9047932,
                    -5.6928919
                    ],
                    [
                    13.9044661,
                    -5.6837756
                    ],
                    [
                    13.9013577,
                    -5.675636
                    ],
                    [
                    13.8946503,
                    -5.6730313
                    ],
                    [
                    13.8890881,
                    -5.670101
                    ],
                    [
                    13.8853254,
                    -5.660496
                    ],
                    [
                    13.8812355,
                    -5.6508909
                    ],
                    [
                    13.8766548,
                    -5.6385179
                    ],
                    [
                    13.8737101,
                    -5.6289124
                    ],
                    [
                    13.8704382,
                    -5.6235398
                    ],
                    [
                    13.8688022,
                    -5.619958
                    ],
                    [
                    13.8598045,
                    -5.611329
                    ],
                    [
                    13.8545694,
                    -5.6033512
                    ],
                    [
                    13.8527699,
                    -5.5943964
                    ],
                    [
                    13.8440993,
                    -5.5818594
                    ],
                    [
                    13.8339564,
                    -5.5761607
                    ],
                    [
                    13.8247951,
                    -5.5733927
                    ],
                    [
                    13.813507,
                    -5.5756722
                    ],
                    [
                    13.8053272,
                    -5.5813709
                    ],
                    [
                    13.8023825,
                    -5.5877209
                    ],
                    [
                    13.7925668,
                    -5.590326
                    ],
                    [
                    13.7861866,
                    -5.5956989
                    ],
                    [
                    13.7807879,
                    -5.5999321
                    ],
                    [
                    13.7732625,
                    -5.6023743
                    ],
                    [
                    13.7704814,
                    -5.6048165
                    ],
                    [
                    13.7614836,
                    -5.6069331
                    ],
                    [
                    13.7565758,
                    -5.6056306
                    ],
                    [
                    13.7526495,
                    -5.6025371
                    ],
                    [
                    13.7451241,
                    -5.5963502
                    ],
                    [
                    13.7397255,
                    -5.5924426
                    ],
                    [
                    13.726147,
                    -5.5826735
                    ],
                    [
                    13.7186216,
                    -5.575835
                    ],
                    [
                    13.7156769,
                    -5.5672054
                    ],
                    [
                    13.7114234,
                    -5.5636233
                    ],
                    [
                    13.7052068,
                    -5.5613438
                    ],
                    [
                    13.6989902,
                    -5.5572731
                    ],
                    [
                    13.6937551,
                    -5.552714
                    ],
                    [
                    13.6865569,
                    -5.5475034
                    ],
                    [
                    13.683367,
                    -5.5461602
                    ],
                    [
                    13.679318,
                    -5.5431479
                    ],
                    [
                    13.6731013,
                    -5.5391585
                    ],
                    [
                    13.6640218,
                    -5.5350063
                    ],
                    [
                    13.6620995,
                    -5.5366753
                    ],
                    [
                    13.6565373,
                    -5.537001
                    ],
                    [
                    13.6524065,
                    -5.5356169
                    ],
                    [
                    13.6387872,
                    -5.5316275
                    ],
                    [
                    13.6322486,
                    -5.5313309
                    ]
                ]
                ]
            }
        }
    ]
  }