{
  "type": "FeatureCollection",
  "features": [
    {
      "type": "Feature",
      "properties": {
        "slug": "tabasco",
        "name": "Tabasco",
        "start_date": "1150",
        "end_date": "1519-04-16",
        "region_type": "administrative",
        "source_system": "OHM",
        "osm_type": "relation",
        "osm_id": "2841482"
      },
      "geometry": {
        "type": "Polygon",
        "coordinates": [
          [
            [
              -91.5765408,
              17.871592
            ],
            [
              -91.5380887,
              18.0257539
            ],
            [
              -91.5057499,
              18.1299981
            ],
            [
              -91.3793025,
              18.5548363
            ],
            [
              -91.3787849,
              18.6033005
            ],
            [
              -91.3801582,
              18.6306306
            ],
            [
              -91.3973243,
              18.6742195
            ],
            [
              -91.4151771,
              18.6989365
            ],
            [
              -91.4488227,
              18.7282021
            ],
            [
              -91.481095,
              18.7503105
            ],
            [
              -91.492768,
              18.7620137
            ],
            [
              -91.5499547,
              18.8285626
            ],
            [
              -91.5519667,
              18.8313823
            ],
            [
              -91.5677521,
              18.8232327
            ],
            [
              -91.5797225,
              18.8153014
            ],
            [
              -91.613591,
              18.8008599
            ],
            [
              -91.6509278,
              18.7839687
            ],
            [
              -91.6761403,
              18.7748269
            ],
            [
              -91.6911446,
              18.7646306
            ],
            [
              -91.7579388,
              18.7488188
            ],
            [
              -91.758565,
              18.7310108
            ],
            [
              -91.7821526,
              18.7239975
            ],
            [
              -91.8063495,
              18.7196554
            ],
            [
              -91.8324342,
              18.7196554
            ],
            [
              -91.8633547,
              18.714115
            ],
            [
              -91.8817789,
              18.7004818
            ],
            [
              -91.8957321,
              18.7109157
            ],
            [
              -91.8990802,
              18.7155888
            ],
            [
              -91.9218736,
              18.74103
            ],
            [
              -91.9599125,
              18.7509358
            ],
            [
              -92.0065356,
              18.7505193
            ],
            [
              -92.0444859,
              18.7471371
            ],
            [
              -92.0554802,
              18.7436667
            ],
            [
              -92.0644533,
              18.7432972
            ],
            [
              -92.1798184,
              18.7344657
            ],
            [
              -92.2590265,
              18.7293366
            ],
            [
              -92.328222,
              18.7266889
            ],
            [
              -92.3712165,
              18.7221255
            ],
            [
              -92.4182951,
              18.7152126
            ],
            [
              -92.4707497,
              18.704517
            ],
            [
              -92.4789767,
              18.7024142
            ],
            [
              -92.5150036,
              18.6932058
            ],
            [
              -92.5575121,
              18.6829792
            ],
            [
              -92.6085947,
              18.6713405
            ],
            [
              -92.6483068,
              18.6663044
            ],
            [
              -92.6629482,
              18.664962
            ],
            [
              -92.6665376,
              18.6653162
            ],
            [
              -92.7019502,
              18.6796667
            ],
            [
              -92.707918,
              18.680186
            ],
            [
              -92.7124215,
              18.6783658
            ],
            [
              -92.748299,
              18.6358355
            ],
            [
              -92.7532771,
              18.6264655
            ],
            [
              -92.7564375,
              18.6102923
            ],
            [
              -92.7584559,
              18.6057914
            ],
            [
              -92.773133,
              18.5820163
            ],
            [
              -92.7885481,
              18.5645842
            ],
            [
              -92.8096275,
              18.5435202
            ],
            [
              -92.8281141,
              18.5301992
            ],
            [
              -92.8572368,
              18.5155469
            ],
            [
              -92.8839728,
              18.5027311
            ],
            [
              -92.9065273,
              18.4959148
            ],
            [
              -92.9180384,
              18.4943286
            ],
            [
              -92.9413753,
              18.4911129
            ],
            [
              -92.9817857,
              18.4865864
            ],
            [
              -93.0114918,
              18.4857412
            ],
            [
              -93.053776,
              18.4878156
            ],
            [
              -93.0623447,
              18.4904091
            ],
            [
              -93.0823023,
              18.4971252
            ],
            [
              -93.1387088,
              18.4950835
            ],
            [
              -93.1798818,
              18.4926806
            ],
            [
              -93.1933077,
              18.4937642
            ],
            [
              -93.2184272,
              18.4946001
            ],
            [
              -93.2406969,
              18.4922156
            ],
            [
              -93.2884916,
              18.4922156
            ],
            [
              -93.3646115,
              18.4891937
            ],
            [
              -93.4236247,
              18.4845887
            ],
            [
              -93.5339534,
              18.4622864
            ],
            [
              -93.6070095,
              18.4415643
            ],
            [
              -93.652252,
              18.430211
            ],
            [
              -93.6657512,
              18.4248956
            ],
            [
              -93.6670149,
              18.4246738
            ],
            [
              -93.6781274,
              18.4203927
            ],
            [
              -93.6797178,
              18.4201136
            ],
            [
              -93.6833834,
              18.4187241
            ],
            [
              -93.694824,
              18.4168563
            ],
            [
              -93.6984659,
              18.4154757
            ],
            [
              -93.7092436,
              18.4135988
            ],
            [
              -93.7200682,
              18.4094954
            ],
            [
              -93.7258116,
              18.405946
            ],
            [
              -93.7375776,
              18.4016772
            ],
            [
              -93.743602,
              18.3979539
            ],
            [
              -93.7459603,
              18.3970599
            ],
            [
              -93.750099,
              18.3963335
            ],
            [
              -93.7609236,
              18.3922297
            ],
            [
              -93.7621137,
              18.3914941
            ],
            [
              -93.7679517,
              18.3904694
            ],
            [
              -93.7787764,
              18.3863654
            ],
            [
              -93.7821905,
              18.3848061
            ],
            [
              -93.7857471,
              18.3848543
            ],
            [
              -93.7964475,
              18.3829761
            ],
            [
              -93.806002,
              18.3793535
            ],
            [
              -93.8094938,
              18.3787406
            ],
            [
              -93.8200564,
              18.3747357
            ],
            [
              -93.8232267,
              18.3741792
            ],
            [
              -93.8340513,
              18.3700748
            ],
            [
              -93.8361947,
              18.36875
            ],
            [
              -93.8386762,
              18.3683143
            ],
            [
              -93.8495009,
              18.3642098
            ],
            [
              -93.8515633,
              18.3629349
            ],
            [
              -93.8561857,
              18.3621234
            ],
            [
              -93.8597466,
              18.3607732
            ],
            [
              -93.8613355,
              18.3604942
            ],
            [
              -93.8721602,
              18.3563895
            ],
            [
              -93.8785036,
              18.3524681
            ],
            [
              -93.8883913,
              18.348858
            ],
            [
              -93.8963545,
              18.3474599
            ],
            [
              -93.9027087,
              18.3450502
            ],
            [
              -93.9094007,
              18.3438753
            ],
            [
              -93.9202253,
              18.3397702
            ],
            [
              -93.9243762,
              18.3372801
            ],
            [
              -93.9351499,
              18.3354023
            ],
            [
              -93.9459745,
              18.331297
            ],
            [
              -93.9488541,
              18.3295167
            ],
            [
              -93.9505995,
              18.3292102
            ],
            [
              -93.9621759,
              18.32464
            ],
            [
              -93.963989,
              18.3243216
            ],
            [
              -93.9748137,
              18.3202161
            ],
            [
              -93.9782677,
              18.3180804
            ],
            [
              -93.9835584,
              18.3171513
            ],
            [
              -93.9943831,
              18.3130456
            ],
            [
              -93.9984864,
              18.3105084
            ],
            [
              -94.0020979,
              18.3096549
            ],
            [
              -94.0126614,
              18.305648
            ],
            [
              -94.0140568,
              18.3056669
            ],
            [
              -94.0247572,
              18.3037878
            ],
            [
              -94.0411624,
              18.2973646
            ],
            [
              -94.0604627,
              18.293683
            ],
            [
              -94.0712873,
              18.2895767
            ],
            [
              -94.0722051,
              18.2890092
            ],
            [
              -94.0790022,
              18.2878154
            ],
            [
              -94.0898268,
              18.283709
            ],
            [
              -94.0911786,
              18.282873
            ],
            [
              -94.0927351,
              18.2825996
            ],
            [
              -94.1009854,
              18.2794697
            ],
            [
              -94.105438,
              18.2786877
            ],
            [
              -94.1090637,
              18.2773122
            ],
            [
              -94.116081,
              18.2760797
            ],
            [
              -94.1415545,
              18.2665364
            ],
            [
              -94.1531599,
              18.2646691
            ],
            [
              -94.1560433,
              18.2635751
            ],
            [
              -94.158939,
              18.2636145
            ],
            [
              -94.1696394,
              18.2617349
            ],
            [
              -94.1716695,
              18.2609646
            ],
            [
              -94.1747318,
              18.2610062
            ],
            [
              -94.1854322,
              18.2591266
            ],
            [
              -94.1906025,
              18.2571649
            ],
            [
              -94.1998518,
              18.2555402
            ],
            [
              -94.2110373,
              18.2512098
            ],
            [
              -94.212154,
              18.251225
            ],
            [
              -94.2228544,
              18.2493453
            ],
            [
              -94.2311694,
              18.2461902
            ],
            [
              -94.2410505,
              18.2444544
            ],
            [
              -94.2507726,
              18.2407653
            ],
            [
              -94.2526661,
              18.240791
            ],
            [
              -94.2633665,
              18.2389112
            ],
            [
              -94.274611,
              18.2345439
            ],
            [
              -94.2784153,
              18.2345956
            ],
            [
              -94.2891157,
              18.2327157
            ],
            [
              -94.2914927,
              18.2318136
            ],
            [
              -94.2956388,
              18.2310852
            ],
            [
              -94.3064634,
              18.2269775
            ],
            [
              -94.3074212,
              18.226385
            ],
            [
              -94.3117176,
              18.2264433
            ],
            [
              -94.322418,
              18.2245633
            ],
            [
              -94.3287167,
              18.222173
            ],
            [
              -94.3397066,
              18.2201472
            ],
            [
              -94.3470798,
              18.2202473
            ],
            [
              -94.3577802,
              18.2183673
            ],
            [
              -94.3598058,
              18.2175986
            ],
            [
              -94.3661982,
              18.2164754
            ],
            [
              -94.3779789,
              18.2166601
            ],
            [
              -94.3820652,
              18.2159422
            ],
            [
              -94.3869053,
              18.2160079
            ],
            [
              -94.3976057,
              18.2141278
            ],
            [
              -94.3987231,
              18.2137037
            ],
            [
              -94.4002949,
              18.213725
            ],
            [
              -94.4113543,
              18.2117087
            ],
            [
              -94.4157444,
              18.2117683
            ],
            [
              -94.4219969,
              18.2106697
            ],
            [
              -94.4308506,
              18.2107899
            ],
            [
              -94.441551,
              18.2089098
            ],
            [
              -94.446897,
              18.2068808
            ],
            [
              -94.4526623,
              18.2058678
            ],
            [
              -94.4548832,
              18.205898
            ],
            [
              -94.4723915,
              18.2025293
            ],
            [
              -94.4802891,
              18.2026366
            ],
            [
              -94.4864924,
              18.2015466
            ],
            [
              -94.4964428,
              18.2034567
            ],
            [
              -94.501071,
              18.2035661
            ],
            [
              -94.5090954,
              18.2069291
            ],
            [
              -94.5114778,
              18.2074311
            ],
            [
              -94.5142456,
              18.2092793
            ],
            [
              -94.5221266,
              18.2125821
            ],
            [
              -94.5269485,
              18.2158018
            ],
            [
              -94.5313885,
              18.2176624
            ],
            [
              -94.5369049,
              18.2213457
            ],
            [
              -94.5468609,
              18.2255178
            ],
            [
              -94.5489537,
              18.2259587
            ],
            [
              -94.5501978,
              18.2267894
            ],
            [
              -94.5520879,
              18.2286748
            ],
            [
              -94.5541403,
              18.2300451
            ],
            [
              -94.5548399,
              18.230945
            ],
            [
              -94.5568434,
              18.2352853
            ],
            [
              -94.5574587,
              18.2387036
            ],
            [
              -94.558309,
              18.2408075
            ],
            [
              -94.5582411,
              18.2431163
            ],
            [
              -94.5602052,
              18.2540284
            ],
            [
              -94.5610305,
              18.2560702
            ],
            [
              -94.5629518,
              18.2667437
            ],
            [
              -94.5668514,
              18.2763907
            ],
            [
              -94.5675493,
              18.277439
            ],
            [
              -94.5667844,
              18.2807131
            ],
            [
              -94.5664809,
              18.2910415
            ],
            [
              -94.568445,
              18.3019505
            ],
            [
              -94.5723446,
              18.3115955
            ],
            [
              -94.5785729,
              18.3209494
            ],
            [
              -94.5860768,
              18.3284306
            ],
            [
              -94.5956131,
              18.3347939
            ],
            [
              -94.6000531,
              18.3366532
            ],
            [
              -94.6063275,
              18.3406514
            ],
            [
              -94.6079271,
              18.3495335
            ],
            [
              -94.6118267,
              18.3591759
            ],
            [
              -94.618055,
              18.3685272
            ],
            [
              -94.6255589,
              18.3760063
            ],
            [
              -94.6311778,
              18.3797546
            ],
            [
              -94.6369378,
              18.3884017
            ],
            [
              -94.6444417,
              18.39588
            ],
            [
              -94.653978,
              18.4022407
            ],
            [
              -94.6553381,
              18.4028101
            ],
            [
              -94.6585179,
              18.4059788
            ],
            [
              -94.6680542,
              18.4123392
            ],
            [
              -94.6786191,
              18.4166348
            ],
            [
              -94.680735,
              18.418046
            ],
            [
              -94.6856379,
              18.422819
            ],
            [
              -94.687578,
              18.4335864
            ],
            [
              -94.6914776,
              18.4432241
            ],
            [
              -94.6977059,
              18.4525709
            ],
            [
              -94.6985343,
              18.4533961
            ],
            [
              -94.6990307,
              18.4546229
            ],
            [
              -94.705259,
              18.463969
            ],
            [
              -94.7127629,
              18.471444
            ],
            [
              -94.714171,
              18.4723828
            ],
            [
              -94.7171037,
              18.4902501
            ],
            [
              -94.7199548,
              18.4972941
            ],
            [
              -94.7219103,
              18.5084827
            ],
            [
              -94.7258098,
              18.5181162
            ],
            [
              -94.7320382,
              18.5274589
            ],
            [
              -94.7329594,
              18.5283763
            ],
            [
              -94.7347362,
              18.5327652
            ],
            [
              -94.7409646,
              18.5421071
            ],
            [
              -94.7449233,
              18.5460488
            ],
            [
              -94.749891,
              18.5534992
            ],
            [
              -94.7573949,
              18.5609703
            ],
            [
              -94.7669311,
              18.5673249
            ],
            [
              -94.7680931,
              18.5678109
            ],
            [
              -94.7690678,
              18.5687813
            ],
            [
              -94.7746608,
              18.5725081
            ],
            [
              -94.7803975,
              18.5782191
            ],
            [
              -94.7899338,
              18.584573
            ],
            [
              -94.7998898,
              18.5887364
            ],
            [
              -94.8042173,
              18.5896462
            ],
            [
              -94.8129361,
              18.5932921
            ],
            [
              -94.824316,
              18.5956847
            ],
            [
              -94.8296167,
              18.5957565
            ],
            [
              -94.8401089,
              18.5979625
            ],
            [
              -94.8514734,
              18.5981165
            ],
            [
              -94.8569317,
              18.599264
            ],
            [
              -94.8685871,
              18.599422
            ],
            [
              -94.8759303,
              18.5981346
            ],
            [
              -94.8843975,
              18.5999148
            ],
            [
              -94.8960529,
              18.6000728
            ],
            [
              -94.8995597,
              18.599458
            ],
            [
              -94.9032803,
              18.6002402
            ],
            [
              -94.9105139,
              18.6003382
            ],
            [
              -94.922163,
              18.6028433
            ],
            [
              -94.9290182,
              18.6029362
            ],
            [
              -94.9324124,
              18.6043554
            ],
            [
              -94.9437924,
              18.6067479
            ],
            [
              -94.9465553,
              18.6067853
            ],
            [
              -94.9516385,
              18.6089107
            ],
            [
              -94.9630184,
              18.6113031
            ],
            [
              -94.9751588,
              18.611376
            ],
            [
              -94.9770444,
              18.6121644
            ],
            [
              -94.9850999,
              18.6138579
            ],
            [
              -94.988031,
              18.6158105
            ],
            [
              -94.9959471,
              18.6191202
            ],
            [
              -94.9966915,
              18.620958
            ],
            [
              -95.0013532,
              18.6279465
            ],
            [
              -95.0028713,
              18.6316942
            ],
            [
              -95.0163094,
              18.6517656
            ],
            [
              -95.0238133,
              18.6592324
            ],
            [
              -95.0299781,
              18.663338
            ],
            [
              -95.0365655,
              18.6735587
            ],
            [
              -95.0488759,
              18.685903
            ],
            [
              -95.0584122,
              18.6922529
            ],
            [
              -95.0683682,
              18.6964136
            ],
            [
              -95.0815483,
              18.6990788
            ],
            [
              -95.0860039,
              18.7057554
            ],
            [
              -95.0935078,
              18.7132198
            ],
            [
              -95.1030441,
              18.7195687
            ],
            [
              -95.111496,
              18.7231002
            ],
            [
              -95.1198669,
              18.728673
            ],
            [
              -95.1239173,
              18.7303653
            ],
            [
              -95.1301666,
              18.7345254
            ],
            [
              -95.1350666,
              18.7365726
            ],
            [
              -95.1375024,
              18.7402218
            ],
            [
              -95.1450063,
              18.7476846
            ],
            [
              -95.1487168,
              18.7501545
            ],
            [
              -95.1501561,
              18.7515859
            ],
            [
              -95.1596924,
              18.7579334
            ],
            [
              -95.1696484,
              18.7620924
            ],
            [
              -95.1810284,
              18.7644827
            ],
            [
              -95.1926838,
              18.7646404
            ],
            [
              -95.1987885,
              18.7635713
            ],
            [
              -95.20573,
              18.7636652
            ],
            [
              -95.2164304,
              18.7617911
            ],
            [
              -95.2278579,
              18.7573243
            ],
            [
              -95.2294369,
              18.757656
            ],
            [
              -95.2395199,
              18.7577925
            ],
            [
              -95.2435131,
              18.7586312
            ],
            [
              -95.2450696,
              18.7586523
            ],
            [
              -95.2543616,
              18.7606982
            ],
            [
              -95.2592557,
              18.7627426
            ],
            [
              -95.2672659,
              18.764425
            ],
            [
              -95.270242,
              18.7656682
            ],
            [
              -95.2816219,
              18.7680585
            ],
            [
              -95.2906236,
              18.7681803
            ],
            [
              -95.2861209,
              18.7091011
            ],
            [
              -95.2322415,
              18.3545281
            ],
            [
              -95.0949124,
              17.9160253
            ],
            [
              -95.2284247,
              17.4501445
            ],
            [
              -95.2455638,
              17.2277413
            ],
            [
              -94.1363553,
              17.1827817
            ],
            [
              -93.8589505,
              17.2011487
            ],
            [
              -93.4661893,
              17.2273842
            ],
            [
              -92.922366,
              17.3322888
            ],
            [
              -92.4938979,
              17.4332017
            ],
            [
              -92.3428358,
              17.4305812
            ],
            [
              -92.2817285,
              17.3907007
            ],
            [
              -91.9363431,
              17.6126134
            ],
            [
              -91.6561917,
              17.7826921
            ],
            [
              -91.5765408,
              17.871592
            ]
          ]
        ]
      }
    },
    {
      "type": "Feature",
      "properties": {
        "slug": "luub-mayapan",
        "name": "Luub Mayapan",
        "start_date": "1150",
        "end_date": "1441",
        "region_type": "kingdom",
        "source_system": "OHM",
        "osm_type": "relation",
        "osm_id": "2841481"
      },
      "geometry": {
        "type": "MultiPolygon",
        "coordinates": [
          [
            [
              [
                -86.6817458,
                20.6278998
              ],
              [
                -86.6886394,
                20.6350567
              ],
              [
                -86.6968925,
                20.6408172
              ],
              [
                -86.7061879,
                20.6449601
              ],
              [
                -86.7161683,
                20.6473264
              ],
              [
                -86.7264504,
                20.6478251
              ],
              [
                -86.7366388,
                20.6464372
              ],
              [
                -86.7566418,
                20.6393604
              ],
              [
                -86.7654871,
                20.6344293
              ],
              [
                -86.7799877,
                20.6252231
              ],
              [
                -86.788833,
                20.6202915
              ],
              [
                -86.8074535,
                20.6097991
              ],
              [
                -86.8238428,
                20.6072369
              ],
              [
                -86.8383736,
                20.606697
              ],
              [
                -86.8606831,
                20.6076876
              ],
              [
                -86.8809456,
                20.6105533
              ],
              [
                -86.8946962,
                20.6132679
              ],
              [
                -86.9049782,
                20.6137667
              ],
              [
                -86.9151666,
                20.6123785
              ],
              [
                -86.9248699,
                20.6091564
              ],
              [
                -86.9399761,
                20.6027293
              ],
              [
                -86.9488214,
                20.5977969
              ],
              [
                -86.9688284,
                20.5804163
              ],
              [
                -86.9845969,
                20.559832
              ],
              [
                -86.9997031,
                20.5347565
              ],
              [
                -87.0148093,
                20.5103199
              ],
              [
                -87.0621879,
                20.4286221
              ],
              [
                -87.066615,
                20.4199111
              ],
              [
                -87.0691437,
                20.4105575
              ],
              [
                -87.0753235,
                20.3861012
              ],
              [
                -87.0758564,
                20.3764628
              ],
              [
                -87.0773834,
                20.356491
              ],
              [
                -87.0779164,
                20.3468508
              ],
              [
                -87.0764332,
                20.3372978
              ],
              [
                -87.0724232,
                20.3217405
              ],
              [
                -87.0696766,
                20.304354
              ],
              [
                -87.0681934,
                20.2947984
              ],
              [
                -87.0585713,
                20.2715273
              ],
              [
                -87.053302,
                20.2632296
              ],
              [
                -87.0430023,
                20.2490577
              ],
              [
                -87.0361087,
                20.2418828
              ],
              [
                -87.0338368,
                20.2402929
              ],
              [
                -87.0285556,
                20.234796
              ],
              [
                -87.0203025,
                20.2290203
              ],
              [
                -87.0110071,
                20.2248662
              ],
              [
                -87.0010266,
                20.2224934
              ],
              [
                -86.9907446,
                20.2219933
              ],
              [
                -86.9805562,
                20.2233851
              ],
              [
                -86.9708529,
                20.2266152
              ],
              [
                -86.9495669,
                20.2356351
              ],
              [
                -86.9407216,
                20.2405791
              ],
              [
                -86.9269887,
                20.2502424
              ],
              [
                -86.9193413,
                20.2567098
              ],
              [
                -86.8995229,
                20.2740762
              ],
              [
                -86.8918755,
                20.2805426
              ],
              [
                -86.88572,
                20.2882838
              ],
              [
                -86.8699029,
                20.3069475
              ],
              [
                -86.8694519,
                20.3075146
              ],
              [
                -86.862444,
                20.3114297
              ],
              [
                -86.8547967,
                20.3178946
              ],
              [
                -86.8410637,
                20.3346357
              ],
              [
                -86.8349082,
                20.3423742
              ],
              [
                -86.8304811,
                20.3510896
              ],
              [
                -86.8191154,
                20.3674812
              ],
              [
                -86.809478,
                20.3796988
              ],
              [
                -86.8033225,
                20.3874351
              ],
              [
                -86.7937794,
                20.3983385
              ],
              [
                -86.7903422,
                20.4012426
              ],
              [
                -86.7868319,
                20.4024099
              ],
              [
                -86.7779866,
                20.4073485
              ],
              [
                -86.7703393,
                20.4138093
              ],
              [
                -86.7700312,
                20.4141964
              ],
              [
                -86.768966,
                20.4150963
              ],
              [
                -86.7628104,
                20.4228309
              ],
              [
                -86.7490532,
                20.4395481
              ],
              [
                -86.7428977,
                20.4472813
              ],
              [
                -86.7284539,
                20.4646392
              ],
              [
                -86.7222984,
                20.4723712
              ],
              [
                -86.7178712,
                20.4810793
              ],
              [
                -86.7085654,
                20.4981002
              ],
              [
                -86.7041383,
                20.5068068
              ],
              [
                -86.7038642,
                20.50782
              ],
              [
                -86.7023856,
                20.5096768
              ],
              [
                -86.6979585,
                20.5183827
              ],
              [
                -86.6872794,
                20.5366855
              ],
              [
                -86.6828523,
                20.5453899
              ],
              [
                -86.6756065,
                20.5591891
              ],
              [
                -86.6711793,
                20.5678922
              ],
              [
                -86.6686507,
                20.5772362
              ],
              [
                -86.6681177,
                20.5868619
              ],
              [
                -86.6764765,
                20.6196214
              ],
              [
                -86.6817458,
                20.6278998
              ]
            ]
          ],
          [
            [
              [
                -87.3323825,
                18.366908
              ],
              [
                -87.3279554,
                18.3757296
              ],
              [
                -87.3254268,
                18.3852009
              ],
              [
                -87.3248938,
                18.3949578
              ],
              [
                -87.326377,
                18.4046254
              ],
              [
                -87.3298194,
                18.4138321
              ],
              [
                -87.3350886,
                18.4222243
              ],
              [
                -87.3419822,
                18.4294796
              ],
              [
                -87.3502353,
                18.4353194
              ],
              [
                -87.3595307,
                18.4395193
              ],
              [
                -87.3695112,
                18.4419181
              ],
              [
                -87.3797932,
                18.4424237
              ],
              [
                -87.3899817,
                18.4410166
              ],
              [
                -87.399685,
                18.437751
              ],
              [
                -87.4085302,
                18.4327522
              ],
              [
                -87.4161776,
                18.4262121
              ],
              [
                -87.4223331,
                18.4183819
              ],
              [
                -87.4267603,
                18.4095625
              ],
              [
                -87.4292889,
                18.4000925
              ],
              [
                -87.4298219,
                18.3903359
              ],
              [
                -87.4283387,
                18.3806675
              ],
              [
                -87.4248963,
                18.371459
              ],
              [
                -87.419627,
                18.3630643
              ],
              [
                -87.4127334,
                18.3558062
              ],
              [
                -87.4044803,
                18.3499638
              ],
              [
                -87.3951849,
                18.3457617
              ],
              [
                -87.3852045,
                18.3433616
              ],
              [
                -87.3749224,
                18.3428557
              ],
              [
                -87.364734,
                18.3442635
              ],
              [
                -87.3550307,
                18.3475309
              ],
              [
                -87.3461854,
                18.3525322
              ],
              [
                -87.3385381,
                18.3590751
              ],
              [
                -87.3323825,
                18.366908
              ]
            ]
          ],
          [
            [
              [
                -87.3053392,
                18.5312148
              ],
              [
                -87.2956359,
                18.5344787
              ],
              [
                -87.2867906,
                18.5394745
              ],
              [
                -87.2791432,
                18.5460103
              ],
              [
                -87.2790945,
                18.5460723
              ],
              [
                -87.2775209,
                18.546961
              ],
              [
                -87.2698735,
                18.5534965
              ],
              [
                -87.263718,
                18.5613205
              ],
              [
                -87.2592908,
                18.5701321
              ],
              [
                -87.2556497,
                18.588169
              ],
              [
                -87.254856,
                18.6056083
              ],
              [
                -87.2563392,
                18.615264
              ],
              [
                -87.2597815,
                18.6244594
              ],
              [
                -87.2650508,
                18.6328413
              ],
              [
                -87.2719444,
                18.6400876
              ],
              [
                -87.2801975,
                18.6459202
              ],
              [
                -87.2894929,
                18.6501149
              ],
              [
                -87.2994734,
                18.6525107
              ],
              [
                -87.3097554,
                18.6530157
              ],
              [
                -87.3199438,
                18.6516104
              ],
              [
                -87.34441,
                18.6428186
              ],
              [
                -87.3532553,
                18.6378258
              ],
              [
                -87.3609026,
                18.6312936
              ],
              [
                -87.3787554,
                18.609495
              ],
              [
                -87.3849109,
                18.6016733
              ],
              [
                -87.3893381,
                18.5928632
              ],
              [
                -87.3918667,
                18.5834034
              ],
              [
                -87.3923997,
                18.5736572
              ],
              [
                -87.3909165,
                18.5639992
              ],
              [
                -87.3874741,
                18.5548005
              ],
              [
                -87.3822049,
                18.5464148
              ],
              [
                -87.3753112,
                18.5391644
              ],
              [
                -87.3670581,
                18.5333282
              ],
              [
                -87.3577628,
                18.5291306
              ],
              [
                -87.3477823,
                18.526733
              ],
              [
                -87.3375003,
                18.5262277
              ],
              [
                -87.3053392,
                18.5312148
              ]
            ]
          ],
          [
            [
              [
                -87.2589115,
                18.7187723
              ],
              [
                -87.2544843,
                18.7275758
              ],
              [
                -87.2519557,
                18.7370276
              ],
              [
                -87.2514227,
                18.7467644
              ],
              [
                -87.2529059,
                18.756412
              ],
              [
                -87.2563483,
                18.7655998
              ],
              [
                -87.2616175,
                18.7739747
              ],
              [
                -87.2685112,
                18.781215
              ],
              [
                -87.2767643,
                18.7870427
              ],
              [
                -87.2860597,
                18.7912339
              ],
              [
                -87.2960401,
                18.7936277
              ],
              [
                -87.3063222,
                18.7941323
              ],
              [
                -87.3165106,
                18.7927282
              ],
              [
                -87.3262139,
                18.7894693
              ],
              [
                -87.3350592,
                18.7844808
              ],
              [
                -87.3427065,
                18.7779542
              ],
              [
                -87.348862,
                18.7701402
              ],
              [
                -87.3532892,
                18.7613389
              ],
              [
                -87.3558178,
                18.7518885
              ],
              [
                -87.3563508,
                18.742152
              ],
              [
                -87.3548676,
                18.7325035
              ],
              [
                -87.3514252,
                18.723314
              ],
              [
                -87.346156,
                18.7149366
              ],
              [
                -87.3392623,
                18.7076934
              ],
              [
                -87.3310093,
                18.701863
              ],
              [
                -87.3217139,
                18.6976695
              ],
              [
                -87.3117334,
                18.6952743
              ],
              [
                -87.3014514,
                18.6947695
              ],
              [
                -87.2912629,
                18.6961744
              ],
              [
                -87.2815596,
                18.6994351
              ],
              [
                -87.2727143,
                18.7044262
              ],
              [
                -87.265067,
                18.7109556
              ],
              [
                -87.2589115,
                18.7187723
              ]
            ]
          ],
          [
            [
              [
                -87.8142605,
                16.6759727
              ],
              [
                -87.7822536,
                16.6984066
              ],
              [
                -87.7484822,
                16.7144889
              ],
              [
                -87.73319,
                16.7258632
              ],
              [
                -87.7250824,
                16.736164
              ],
              [
                -87.7199011,
                16.7481547
              ],
              [
                -87.718407,
                16.7578163
              ],
              [
                -87.7189099,
                16.767571
              ],
              [
                -87.7213907,
                16.7770437
              ],
              [
                -87.725754,
                16.7858707
              ],
              [
                -87.7318321,
                16.7937127
              ],
              [
                -87.7393914,
                16.8002685
              ],
              [
                -87.7481415,
                16.8052864
              ],
              [
                -87.757746,
                16.8085736
              ],
              [
                -87.7702391,
                16.8103326
              ],
              [
                -87.7804267,
                16.8098512
              ],
              [
                -87.7903203,
                16.8074764
              ],
              [
                -87.7995399,
                16.8032994
              ],
              [
                -87.8375629,
                16.7843181
              ],
              [
                -87.8477282,
                16.7771019
              ],
              [
                -87.8676538,
                16.7645818
              ],
              [
                -87.8768733,
                16.7604039
              ],
              [
                -87.8850645,
                16.754584
              ],
              [
                -87.8919125,
                16.7473454
              ],
              [
                -87.8971542,
                16.7389663
              ],
              [
                -87.9032489,
                16.7257408
              ],
              [
                -87.9047431,
                16.7160775
              ],
              [
                -87.9042401,
                16.7063203
              ],
              [
                -87.9012443,
                16.6956108
              ],
              [
                -87.8968811,
                16.6867797
              ],
              [
                -87.890803,
                16.6789333
              ],
              [
                -87.8832436,
                16.6723733
              ],
              [
                -87.8744936,
                16.6673519
              ],
              [
                -87.8648891,
                16.6640622
              ],
              [
                -87.8547992,
                16.6626308
              ],
              [
                -87.8446116,
                16.6631126
              ],
              [
                -87.834718,
                16.6654892
              ],
              [
                -87.8200053,
                16.6718892
              ],
              [
                -87.8142605,
                16.6759727
              ]
            ]
          ],
          [
            [
              [
                -87.5957886,
                17.1414773
              ],
              [
                -87.5117372,
                17.1572982
              ],
              [
                -87.5025176,
                17.1614673
              ],
              [
                -87.4943264,
                17.1672747
              ],
              [
                -87.4874784,
                17.1744971
              ],
              [
                -87.4822367,
                17.1828568
              ],
              [
                -87.4788028,
                17.1920324
              ],
              [
                -87.4773086,
                17.2016712
              ],
              [
                -87.4781822,
                17.2128146
              ],
              [
                -87.4802924,
                17.2208531
              ],
              [
                -87.4846557,
                17.2296592
              ],
              [
                -87.4918694,
                17.2384652
              ],
              [
                -87.500494,
                17.2449453
              ],
              [
                -87.5125363,
                17.2527996
              ],
              [
                -87.5221408,
                17.2560789
              ],
              [
                -87.580849,
                17.2700129
              ],
              [
                -87.5909389,
                17.2714397
              ],
              [
                -87.6011265,
                17.2709594
              ],
              [
                -87.61411,
                17.2679347
              ],
              [
                -87.6214891,
                17.2645999
              ],
              [
                -87.6315208,
                17.2579637
              ],
              [
                -87.6383688,
                17.2507446
              ],
              [
                -87.6436105,
                17.242388
              ],
              [
                -87.6470444,
                17.2332148
              ],
              [
                -87.6557991,
                17.2046845
              ],
              [
                -87.6572933,
                17.1950458
              ],
              [
                -87.6567903,
                17.1853134
              ],
              [
                -87.6543095,
                17.1758612
              ],
              [
                -87.6499463,
                17.1670526
              ],
              [
                -87.6419799,
                17.1572579
              ],
              [
                -87.6344206,
                17.1507145
              ],
              [
                -87.6256705,
                17.1457059
              ],
              [
                -87.616066,
                17.1424245
              ],
              [
                -87.6059761,
                17.1409967
              ],
              [
                -87.5957886,
                17.1414773
              ]
            ]
          ],
          [
            [
              [
                -87.4436129,
                17.4241062
              ],
              [
                -87.4353725,
                17.4529219
              ],
              [
                -87.4338783,
                17.4625471
              ],
              [
                -87.4343813,
                17.4722648
              ],
              [
                -87.4368621,
                17.4817018
              ],
              [
                -87.4412254,
                17.4904953
              ],
              [
                -87.4473034,
                17.4983076
              ],
              [
                -87.4548628,
                17.5048386
              ],
              [
                -87.4636128,
                17.5098375
              ],
              [
                -87.4732173,
                17.5131123
              ],
              [
                -87.4833072,
                17.5145372
              ],
              [
                -87.4934948,
                17.5140575
              ],
              [
                -87.5075083,
                17.5108732
              ],
              [
                -87.5185603,
                17.5054154
              ],
              [
                -87.5484367,
                17.4837245
              ],
              [
                -87.5552847,
                17.4765142
              ],
              [
                -87.5605264,
                17.4681679
              ],
              [
                -87.5661919,
                17.4531108
              ],
              [
                -87.5676861,
                17.4434852
              ],
              [
                -87.5671831,
                17.4337659
              ],
              [
                -87.5647023,
                17.4243265
              ],
              [
                -87.5593953,
                17.4143162
              ],
              [
                -87.5542609,
                17.4077139
              ],
              [
                -87.5467016,
                17.4011794
              ],
              [
                -87.5379516,
                17.3961775
              ],
              [
                -87.5103226,
                17.3874948
              ],
              [
                -87.5002327,
                17.3860689
              ],
              [
                -87.4900452,
                17.3865488
              ],
              [
                -87.4801515,
                17.3889163
              ],
              [
                -87.4709319,
                17.3930801
              ],
              [
                -87.4627408,
                17.3988802
              ],
              [
                -87.4529745,
                17.4088781
              ],
              [
                -87.4436129,
                17.4241062
              ]
            ]
          ],
          [
            [
              [
                -87.7582676,
                17.2713872
              ],
              [
                -87.742303,
                17.3131823
              ],
              [
                -87.7401222,
                17.3328109
              ],
              [
                -87.7406252,
                17.3425356
              ],
              [
                -87.7439017,
                17.3535841
              ],
              [
                -87.7547903,
                17.3835324
              ],
              [
                -87.7588988,
                17.3957217
              ],
              [
                -87.7596475,
                17.406503
              ],
              [
                -87.7596408,
                17.4144346
              ],
              [
                -87.7581467,
                17.4240617
              ],
              [
                -87.7523519,
                17.4409797
              ],
              [
                -87.7437019,
                17.4523706
              ],
              [
                -87.7355107,
                17.4581688
              ],
              [
                -87.7219679,
                17.4725845
              ],
              [
                -87.7167262,
                17.4809306
              ],
              [
                -87.7107173,
                17.4976226
              ],
              [
                -87.7092232,
                17.5072453
              ],
              [
                -87.7076782,
                17.5324549
              ],
              [
                -87.7081812,
                17.5421689
              ],
              [
                -87.7132369,
                17.5599492
              ],
              [
                -87.7163889,
                17.5754666
              ],
              [
                -87.7177555,
                17.5946817
              ],
              [
                -87.7162613,
                17.6042993
              ],
              [
                -87.7167643,
                17.6140095
              ],
              [
                -87.719245,
                17.623439
              ],
              [
                -87.7236083,
                17.6322257
              ],
              [
                -87.7296864,
                17.6400319
              ],
              [
                -87.7372457,
                17.6465578
              ],
              [
                -87.7525189,
                17.6544971
              ],
              [
                -87.7621234,
                17.6577693
              ],
              [
                -87.7722133,
                17.6591931
              ],
              [
                -87.7824009,
                17.6587138
              ],
              [
                -87.7922945,
                17.6563499
              ],
              [
                -87.8030073,
                17.6511363
              ],
              [
                -87.8097053,
                17.6464001
              ],
              [
                -87.8151535,
                17.6406689
              ],
              [
                -87.8431608,
                17.6081115
              ],
              [
                -87.8484025,
                17.5997712
              ],
              [
                -87.8518364,
                17.590616
              ],
              [
                -87.8616204,
                17.5591873
              ],
              [
                -87.8678002,
                17.5457665
              ],
              [
                -87.8752615,
                17.5325038
              ],
              [
                -87.8810201,
                17.5276782
              ],
              [
                -87.8908969,
                17.5205371
              ],
              [
                -87.9063478,
                17.5082111
              ],
              [
                -87.9227146,
                17.4867094
              ],
              [
                -87.9382427,
                17.459999
              ],
              [
                -87.9600906,
                17.4243892
              ],
              [
                -87.9712239,
                17.4036199
              ],
              [
                -87.9747459,
                17.3903805
              ],
              [
                -87.9764118,
                17.3687921
              ],
              [
                -87.9769268,
                17.3478201
              ],
              [
                -87.9786806,
                17.3400498
              ],
              [
                -87.9832872,
                17.3318295
              ],
              [
                -87.9877922,
                17.3171407
              ],
              [
                -87.9970619,
                17.2774774
              ],
              [
                -87.9983844,
                17.2670229
              ],
              [
                -87.9968515,
                17.2415559
              ],
              [
                -87.9880968,
                17.212371
              ],
              [
                -87.9812527,
                17.1941128
              ],
              [
                -87.9734158,
                17.1829027
              ],
              [
                -87.9692026,
                17.1741391
              ],
              [
                -87.966952,
                17.1630721
              ],
              [
                -87.9625853,
                17.1523262
              ],
              [
                -87.9527196,
                17.1376226
              ],
              [
                -87.9440743,
                17.1282404
              ],
              [
                -87.9319144,
                17.1202791
              ],
              [
                -87.9223099,
                17.1169973
              ],
              [
                -87.9041519,
                17.1152412
              ],
              [
                -87.8899417,
                17.1166859
              ],
              [
                -87.8748512,
                17.1222627
              ],
              [
                -87.8467767,
                17.1418432
              ],
              [
                -87.8265096,
                17.1630162
              ],
              [
                -87.8176631,
                17.1787567
              ],
              [
                -87.8135562,
                17.1922737
              ],
              [
                -87.8128507,
                17.1998107
              ],
              [
                -87.8117912,
                17.2078086
              ],
              [
                -87.8105082,
                17.2112363
              ],
              [
                -87.8061575,
                17.2157873
              ],
              [
                -87.7963056,
                17.2195258
              ],
              [
                -87.7880452,
                17.2264462
              ],
              [
                -87.7789594,
                17.2364813
              ],
              [
                -87.7651432,
                17.2567289
              ],
              [
                -87.7582676,
                17.2713872
              ]
            ]
          ],
          [
            [
              [
                -88.2239388,
                15.7819189
              ],
              [
                -88.2542041,
                15.8024949
              ],
              [
                -88.3438114,
                15.8593067
              ],
              [
                -88.4231189,
                15.8986031
              ],
              [
                -88.4468082,
                15.9094991
              ],
              [
                -88.4996799,
                15.9586887
              ],
              [
                -88.5312656,
                15.9900449
              ],
              [
                -88.5686878,
                16.0121563
              ],
              [
                -88.5978702,
                16.0194163
              ],
              [
                -88.6236194,
                16.0197462
              ],
              [
                -88.6397556,
                16.0144663
              ],
              [
                -88.6451297,
                16.0120417
              ],
              [
                -88.6565784,
                16.0068762
              ],
              [
                -88.668938,
                15.9969756
              ],
              [
                -88.6751178,
                15.9837741
              ],
              [
                -88.6775211,
                15.9689213
              ],
              [
                -88.6737445,
                15.9534072
              ],
              [
                -88.6668781,
                15.9369015
              ],
              [
                -88.6483387,
                15.9071879
              ],
              [
                -88.6270527,
                15.8873763
              ],
              [
                -88.6198429,
                15.8774698
              ],
              [
                -88.615723,
                15.8655814
              ],
              [
                -88.614693,
                15.8474172
              ],
              [
                -88.615723,
                15.8219845
              ],
              [
                -88.6201862,
                15.8143871
              ],
              [
                -88.6267093,
                15.8094321
              ],
              [
                -88.635979,
                15.8084411
              ],
              [
                -88.6438755,
                15.8124051
              ],
              [
                -88.6658481,
                15.8272695
              ],
              [
                -88.7060322,
                15.8602351
              ],
              [
                -88.7218097,
                15.8731769
              ],
              [
                -88.7709049,
                15.9042163
              ],
              [
                -88.8059238,
                15.9187437
              ],
              [
                -88.8224033,
                15.9220452
              ],
              [
                -88.8381961,
                15.9184135
              ],
              [
                -88.8495258,
                15.9157723
              ],
              [
                -88.8567356,
                15.9161024
              ],
              [
                -88.8615421,
                15.9187437
              ],
              [
                -88.8645288,
                15.9223142
              ],
              [
                -88.8755322,
                15.9476301
              ],
              [
                -88.8773349,
                15.9513846
              ],
              [
                -88.8783677,
                15.9553449
              ],
              [
                -88.8759614,
                15.9591836
              ],
              [
                -88.8733865,
                15.9624019
              ],
              [
                -88.8661956,
                15.9676101
              ],
              [
                -88.8488578,
                15.9786674
              ],
              [
                -88.8349532,
                15.9860935
              ],
              [
                -88.826299,
                15.9924278
              ],
              [
                -88.8185979,
                16.001315
              ],
              [
                -88.8072909,
                16.0194941
              ],
              [
                -88.8024903,
                16.0251908
              ],
              [
                -88.7963105,
                16.0306354
              ],
              [
                -88.7879873,
                16.0357454
              ],
              [
                -88.7790402,
                16.0419307
              ],
              [
                -88.7721922,
                16.0491955
              ],
              [
                -88.765669,
                16.0576089
              ],
              [
                -88.7604274,
                16.0660174
              ],
              [
                -88.7555409,
                16.0748468
              ],
              [
                -88.7509061,
                16.0797952
              ],
              [
                -88.7444688,
                16.0844136
              ],
              [
                -88.7367128,
                16.0886425
              ],
              [
                -88.7294595,
                16.0919408
              ],
              [
                -88.7194748,
                16.0930666
              ],
              [
                -88.7077365,
                16.0947338
              ],
              [
                -88.7001112,
                16.097313
              ],
              [
                -88.6905087,
                16.1026744
              ],
              [
                -88.6850999,
                16.1069029
              ],
              [
                -88.6794949,
                16.1086586
              ],
              [
                -88.6704801,
                16.1100921
              ],
              [
                -88.6603264,
                16.1108599
              ],
              [
                -88.6511241,
                16.1132452
              ],
              [
                -88.6409207,
                16.1183418
              ],
              [
                -88.6300565,
                16.1248202
              ],
              [
                -88.6199595,
                16.1303252
              ],
              [
                -88.6073428,
                16.137476
              ],
              [
                -88.6031056,
                16.1393316
              ],
              [
                -88.6001874,
                16.1394965
              ],
              [
                -88.594383,
                16.1383452
              ],
              [
                -88.5866309,
                16.1338842
              ],
              [
                -88.5770264,
                16.1305855
              ],
              [
                -88.5669365,
                16.1291502
              ],
              [
                -88.5574954,
                16.129598
              ],
              [
                -88.5468553,
                16.1320165
              ],
              [
                -88.5376357,
                16.1362079
              ],
              [
                -88.5294445,
                16.1420465
              ],
              [
                -88.522339,
                16.1475762
              ],
              [
                -88.5145284,
                16.1523579
              ],
              [
                -88.5064603,
                16.1561503
              ],
              [
                -88.4958049,
                16.1601426
              ],
              [
                -88.4890223,
                16.1621393
              ],
              [
                -88.4742739,
                16.164724
              ],
              [
                -88.4626009,
                16.1645591
              ],
              [
                -88.4480097,
                16.1627455
              ],
              [
                -88.4308435,
                16.1586235
              ],
              [
                -88.4104158,
                16.150874
              ],
              [
                -88.3929064,
                16.1439487
              ],
              [
                -88.3838083,
                16.1390019
              ],
              [
                -88.3644117,
                16.1278413
              ],
              [
                -88.3539339,
                16.1228892
              ],
              [
                -88.3431246,
                16.1167396
              ],
              [
                -88.3359148,
                16.1088236
              ],
              [
                -88.3309366,
                16.0971138
              ],
              [
                -88.3217758,
                16.0795543
              ],
              [
                -88.3133474,
                16.0669113
              ],
              [
                -88.3031497,
                16.0588118
              ],
              [
                -88.2901259,
                16.0529186
              ],
              [
                -88.273651,
                16.0507328
              ],
              [
                -88.2648094,
                16.0516064
              ],
              [
                -88.2524999,
                16.055591
              ],
              [
                -88.2423124,
                16.0617044
              ],
              [
                -88.235647,
                16.0679191
              ],
              [
                -88.2163465,
                16.0960372
              ],
              [
                -88.2053433,
                16.1205542
              ],
              [
                -88.1859195,
                16.1681817
              ],
              [
                -88.1791879,
                16.1846729
              ],
              [
                -88.1733515,
                16.1929156
              ],
              [
                -88.1615527,
                16.2081407
              ],
              [
                -88.1504391,
                16.2200013
              ],
              [
                -88.1452381,
                16.2301938
              ],
              [
                -88.1045091,
                16.3108679
              ],
              [
                -88.0921556,
                16.3298593
              ],
              [
                -88.0823709,
                16.339908
              ],
              [
                -88.068362,
                16.3532032
              ],
              [
                -88.0523923,
                16.3668031
              ],
              [
                -88.034651,
                16.3848746
              ],
              [
                -88.0246927,
                16.3922844
              ],
              [
                -88.015938,
                16.3962368
              ],
              [
                -88.0051254,
                16.3980898
              ],
              [
                -87.9882519,
                16.40161
              ],
              [
                -87.9763699,
                16.4082042
              ],
              [
                -87.9672868,
                16.4165944
              ],
              [
                -87.9607428,
                16.4263665
              ],
              [
                -87.9568004,
                16.4388721
              ],
              [
                -87.9561454,
                16.4516799
              ],
              [
                -87.9587985,
                16.4645148
              ],
              [
                -87.9645506,
                16.475151
              ],
              [
                -87.9709867,
                16.4827284
              ],
              [
                -87.9789205,
                16.488996
              ],
              [
                -87.9870905,
                16.4933319
              ],
              [
                -87.994137,
                16.5007807
              ],
              [
                -87.9980852,
                16.507858
              ],
              [
                -87.9989435,
                16.5183912
              ],
              [
                -87.9987204,
                16.5303732
              ],
              [
                -87.9941302,
                16.5544174
              ],
              [
                -87.9929271,
                16.5697408
              ],
              [
                -87.9956198,
                16.5833357
              ],
              [
                -88.0016489,
                16.5943231
              ],
              [
                -88.009508,
                16.6030139
              ],
              [
                -88.0195681,
                16.6099983
              ],
              [
                -88.031975,
                16.6148976
              ],
              [
                -88.0420649,
                16.6163294
              ],
              [
                -88.0597116,
                16.6176054
              ],
              [
                -88.069153,
                16.6189213
              ],
              [
                -88.0789377,
                16.623198
              ],
              [
                -88.0910397,
                16.6282147
              ],
              [
                -88.1003954,
                16.6358631
              ],
              [
                -88.1057169,
                16.6414552
              ],
              [
                -88.111086,
                16.6483038
              ],
              [
                -88.1137228,
                16.6608095
              ],
              [
                -88.1156732,
                16.6728667
              ],
              [
                -88.1144716,
                16.6873372
              ],
              [
                -88.1112136,
                16.6999994
              ],
              [
                -88.1062807,
                16.7106082
              ],
              [
                -88.1038726,
                16.7227198
              ],
              [
                -88.1017687,
                16.7286052
              ],
              [
                -88.0992796,
                16.7342768
              ],
              [
                -88.093687,
                16.7435959
              ],
              [
                -88.0871774,
                16.7476743
              ],
              [
                -88.0749895,
                16.7516193
              ],
              [
                -88.0612538,
                16.7573853
              ],
              [
                -88.0486383,
                16.7647639
              ],
              [
                -88.0387098,
                16.775386
              ],
              [
                -88.0322947,
                16.7883593
              ],
              [
                -88.0302343,
                16.7982181
              ],
              [
                -88.0107814,
                16.8854443
              ],
              [
                -87.9761065,
                16.9828338
              ],
              [
                -87.9711784,
                17.0016684
              ],
              [
                -87.9721634,
                17.0132485
              ],
              [
                -87.9774121,
                17.0810429
              ],
              [
                -87.978506,
                17.0953497
              ],
              [
                -87.9845335,
                17.1105052
              ],
              [
                -87.9906116,
                17.1183337
              ],
              [
                -87.9984069,
                17.1243655
              ],
              [
                -88.0109598,
                17.134393
              ],
              [
                -88.0191995,
                17.1440713
              ],
              [
                -88.0266251,
                17.1533585
              ],
              [
                -88.0315592,
                17.1658865
              ],
              [
                -88.0327608,
                17.174251
              ],
              [
                -88.0320674,
                17.1838326
              ],
              [
                -88.0309756,
                17.2012568
              ],
              [
                -88.0290992,
                17.2645672
              ],
              [
                -88.026581,
                17.2739406
              ],
              [
                -88.0228044,
                17.2796776
              ],
              [
                -88.0130871,
                17.289916
              ],
              [
                -88.0034104,
                17.3016421
              ],
              [
                -87.9984774,
                17.3122169
              ],
              [
                -87.9960693,
                17.3242897
              ],
              [
                -87.9964968,
                17.3283911
              ],
              [
                -87.9974191,
                17.3372385
              ],
              [
                -88.0080736,
                17.3808743
              ],
              [
                -88.0097902,
                17.3975835
              ],
              [
                -88.0140082,
                17.4156128
              ],
              [
                -88.0135347,
                17.4268131
              ],
              [
                -88.0123264,
                17.4350713
              ],
              [
                -88.0075199,
                17.4570158
              ],
              [
                -88.0060257,
                17.4666408
              ],
              [
                -88.0065287,
                17.4763583
              ],
              [
                -88.0103052,
                17.5018996
              ],
              [
                -88.0138751,
                17.5135296
              ],
              [
                -88.0176546,
                17.5296393
              ],
              [
                -88.0179979,
                17.5370052
              ],
              [
                -88.0179983,
                17.537987
              ],
              [
                -88.0180037,
                17.5502941
              ],
              [
                -88.0174055,
                17.5642772
              ],
              [
                -88.0176654,
                17.6040788
              ],
              [
                -88.0177035,
                17.6099166
              ],
              [
                -88.0149569,
                17.6192425
              ],
              [
                -88.0126476,
                17.6332023
              ],
              [
                -88.0050454,
                17.6483871
              ],
              [
                -87.9968776,
                17.6598031
              ],
              [
                -87.9783381,
                17.7168806
              ],
              [
                -87.9717085,
                17.7418768
              ],
              [
                -87.9633595,
                17.7917453
              ],
              [
                -87.9604914,
                17.8188106
              ],
              [
                -87.9561998,
                17.8318842
              ],
              [
                -87.950535,
                17.8429961
              ],
              [
                -87.9398062,
                17.8603978
              ],
              [
                -87.9279639,
                17.8813105
              ],
              [
                -87.8822071,
                17.9497362
              ],
              [
                -87.8617688,
                17.9915558
              ],
              [
                -87.8408627,
                18.0362251
              ],
              [
                -87.8333392,
                18.0579928
              ],
              [
                -87.8302861,
                18.062394
              ],
              [
                -87.8264237,
                18.066474
              ],
              [
                -87.8192998,
                18.0698195
              ],
              [
                -87.8076268,
                18.0754496
              ],
              [
                -87.796898,
                18.0823851
              ],
              [
                -87.7907182,
                18.088178
              ],
              [
                -87.7850533,
                18.0962551
              ],
              [
                -87.7811051,
                18.1042503
              ],
              [
                -87.7778436,
                18.1155081
              ],
              [
                -87.7762128,
                18.1283967
              ],
              [
                -87.7770711,
                18.138348
              ],
              [
                -87.7800752,
                18.1506639
              ],
              [
                -87.78574,
                18.1711343
              ],
              [
                -87.790289,
                18.1857311
              ],
              [
                -87.7920708,
                18.1912572
              ],
              [
                -87.7884866,
                18.1911945
              ],
              [
                -87.7865616,
                18.2134133
              ],
              [
                -87.7847309,
                18.2300276
              ],
              [
                -87.7739358,
                18.2634868
              ],
              [
                -87.7602821,
                18.2994143
              ],
              [
                -87.7466011,
                18.3443047
              ],
              [
                -87.735942,
                18.35975
              ],
              [
                -87.7361388,
                18.3594996
              ],
              [
                -87.7292989,
                18.3680921
              ],
              [
                -87.7139257,
                18.3990241
              ],
              [
                -87.711219,
                18.4091612
              ],
              [
                -87.7103203,
                18.4358659
              ],
              [
                -87.7117868,
                18.4454217
              ],
              [
                -87.7103429,
                18.4595157
              ],
              [
                -87.7078937,
                18.4686848
              ],
              [
                -87.6991529,
                18.4976243
              ],
              [
                -87.6936721,
                18.5084399
              ],
              [
                -87.6910147,
                18.5183856
              ],
              [
                -87.6861651,
                18.5484943
              ],
              [
                -87.6856158,
                18.5611435
              ],
              [
                -87.6841074,
                18.5810933
              ],
              [
                -87.6614471,
                18.6876803
              ],
              [
                -87.6436477,
                18.7069854
              ],
              [
                -87.6202553,
                18.741834
              ],
              [
                -87.6175281,
                18.7520269
              ],
              [
                -87.6147591,
                18.774968
              ],
              [
                -87.6109887,
                18.800834
              ],
              [
                -87.5954821,
                18.8330442
              ],
              [
                -87.5947168,
                18.8359967
              ],
              [
                -87.5899889,
                18.8453916
              ],
              [
                -87.587337,
                18.8552973
              ],
              [
                -87.5830438,
                18.8788827
              ],
              [
                -87.578316,
                18.8882754
              ],
              [
                -87.5690057,
                18.9236632
              ],
              [
                -87.564583,
                18.9324471
              ],
              [
                -87.5618826,
                18.9425286
              ],
              [
                -87.5617174,
                18.9455436
              ],
              [
                -87.5604632,
                18.9480344
              ],
              [
                -87.558971,
                18.9536045
              ],
              [
                -87.5548912,
                18.9587778
              ],
              [
                -87.5372373,
                18.9938998
              ],
              [
                -87.5197147,
                19.0324517
              ],
              [
                -87.5041721,
                19.0609465
              ],
              [
                -87.5015075,
                19.0708867
              ],
              [
                -87.4966716,
                19.0983073
              ],
              [
                -87.4891086,
                19.1463786
              ],
              [
                -87.4849671,
                19.1770223
              ],
              [
                -87.4844694,
                19.1875799
              ],
              [
                -87.4828722,
                19.1907471
              ],
              [
                -87.4819909,
                19.1940321
              ],
              [
                -87.4802006,
                19.1964477
              ],
              [
                -87.4707547,
                19.2017619
              ],
              [
                -87.4626221,
                19.2086849
              ],
              [
                -87.4218681,
                19.2575993
              ],
              [
                -87.400396,
                19.2857511
              ],
              [
                -87.3956682,
                19.2951205
              ],
              [
                -87.3929678,
                19.3051798
              ],
              [
                -87.3923986,
                19.3155425
              ],
              [
                -87.3939827,
                19.3258101
              ],
              [
                -87.3976588,
                19.3355882
              ],
              [
                -87.4032859,
                19.3445013
              ],
              [
                -87.4111767,
                19.352579
              ],
              [
                -87.4122124,
                19.3542192
              ],
              [
                -87.4194016,
                19.3617436
              ],
              [
                -87.4354846,
                19.3769164
              ],
              [
                -87.4583004,
                19.3919472
              ],
              [
                -87.4534031,
                19.3967538
              ],
              [
                -87.4507376,
                19.3971198
              ],
              [
                -87.4403753,
                19.4005873
              ],
              [
                -87.4309292,
                19.4058948
              ],
              [
                -87.422866,
                19.4127503
              ],
              [
                -87.4034102,
                19.43372
              ],
              [
                -87.3970082,
                19.4418144
              ],
              [
                -87.3844853,
                19.4641185
              ],
              [
                -87.3798754,
                19.4732441
              ],
              [
                -87.3772347,
                19.4830706
              ],
              [
                -87.3722102,
                19.507968
              ],
              [
                -87.3696219,
                19.5175972
              ],
              [
                -87.3680367,
                19.5424669
              ],
              [
                -87.3655361,
                19.5517677
              ],
              [
                -87.3632582,
                19.568244
              ],
              [
                -87.3606955,
                19.5777746
              ],
              [
                -87.3601263,
                19.5881198
              ],
              [
                -87.3617103,
                19.5983703
              ],
              [
                -87.3622235,
                19.5997331
              ],
              [
                -87.3637702,
                19.6106603
              ],
              [
                -87.3673628,
                19.6201993
              ],
              [
                -87.3764241,
                19.6405514
              ],
              [
                -87.3816675,
                19.6488408
              ],
              [
                -87.3918908,
                19.6737587
              ],
              [
                -87.4064756,
                19.7093002
              ],
              [
                -87.4100184,
                19.7187013
              ],
              [
                -87.4212811,
                19.7364281
              ],
              [
                -87.4228329,
                19.7467619
              ],
              [
                -87.4168807,
                19.7665082
              ],
              [
                -87.4143201,
                19.7760188
              ],
              [
                -87.4069754,
                19.8095478
              ],
              [
                -87.4010826,
                19.8169807
              ],
              [
                -87.3964416,
                19.826148
              ],
              [
                -87.3846453,
                19.8555198
              ],
              [
                -87.3812948,
                19.8686375
              ],
              [
                -87.3807552,
                19.8784284
              ],
              [
                -87.3764816,
                19.9010441
              ],
              [
                -87.3759192,
                19.9112471
              ],
              [
                -87.3775032,
                19.9214768
              ],
              [
                -87.38109,
                19.9309822
              ],
              [
                -87.3949548,
                19.9629132
              ],
              [
                -87.4004383,
                19.9715647
              ],
              [
                -87.4118259,
                19.9864624
              ],
              [
                -87.4130087,
                20.0047354
              ],
              [
                -87.4123183,
                20.0306823
              ],
              [
                -87.4138197,
                20.0403714
              ],
              [
                -87.4150773,
                20.0661604
              ],
              [
                -87.4172762,
                20.092932
              ],
              [
                -87.4137961,
                20.1067728
              ],
              [
                -87.4094784,
                20.1152857
              ],
              [
                -87.3983728,
                20.1439604
              ],
              [
                -87.3863761,
                20.1859723
              ],
              [
                -87.3822568,
                20.1940899
              ],
              [
                -87.3649955,
                20.2146289
              ],
              [
                -87.3492066,
                20.231377
              ],
              [
                -87.3305752,
                20.2533899
              ],
              [
                -87.3243236,
                20.2612532
              ],
              [
                -87.3097127,
                20.2821384
              ],
              [
                -87.3052242,
                20.2909779
              ],
              [
                -87.2787523,
                20.3363517
              ],
              [
                -87.2742561,
                20.3452034
              ],
              [
                -87.2642637,
                20.3667454
              ],
              [
                -87.2597124,
                20.3757039
              ],
              [
                -87.2584267,
                20.3804608
              ],
              [
                -87.2522325,
                20.3880904
              ],
              [
                -87.2432629,
                20.4009771
              ],
              [
                -87.2303816,
                20.4174976
              ],
              [
                -87.2027244,
                20.4461379
              ],
              [
                -87.1941972,
                20.4508975
              ],
              [
                -87.171273,
                20.466518
              ],
              [
                -87.1540697,
                20.4807007
              ],
              [
                -87.1210939,
                20.504511
              ],
              [
                -87.1132767,
                20.5111111
              ],
              [
                -87.0930185,
                20.5301154
              ],
              [
                -87.075043,
                20.5457034
              ],
              [
                -87.0366098,
                20.57462
              ],
              [
                -87.0286279,
                20.5813561
              ],
              [
                -87.0093272,
                20.6000905
              ],
              [
                -87.0029678,
                20.6080714
              ],
              [
                -86.9862986,
                20.6321236
              ],
              [
                -86.9818417,
                20.6408809
              ],
              [
                -86.9713325,
                20.6576142
              ],
              [
                -86.9714747,
                20.6574358
              ],
              [
                -86.9618376,
                20.6689875
              ],
              [
                -86.9473638,
                20.6758748
              ],
              [
                -86.9379177,
                20.6811395
              ],
              [
                -86.929751,
                20.6880268
              ],
              [
                -86.9233227,
                20.6960897
              ],
              [
                -86.9087116,
                20.7169158
              ],
              [
                -86.9028927,
                20.7282153
              ],
              [
                -86.8778904,
                20.7658029
              ],
              [
                -86.8703558,
                20.7721534
              ],
              [
                -86.8640391,
                20.780072
              ],
              [
                -86.8502819,
                20.7957872
              ],
              [
                -86.843976,
                20.8036908
              ],
              [
                -86.8280025,
                20.8283591
              ],
              [
                -86.8233489,
                20.8374914
              ],
              [
                -86.8207979,
                20.846901
              ],
              [
                -86.8111567,
                20.8685884
              ],
              [
                -86.8034206,
                20.8810287
              ],
              [
                -86.7971776,
                20.8888491
              ],
              [
                -86.7924498,
                20.8981231
              ],
              [
                -86.7824073,
                20.9327523
              ],
              [
                -86.7751885,
                20.9619664
              ],
              [
                -86.7684032,
                20.9852712
              ],
              [
                -86.7574921,
                21.0059551
              ],
              [
                -86.7442973,
                21.0182991
              ],
              [
                -86.7364599,
                21.0248938
              ],
              [
                -86.7298863,
                21.0331204
              ],
              [
                -86.7251586,
                21.0423855
              ],
              [
                -86.7225662,
                21.0519346
              ],
              [
                -86.7155769,
                21.0730901
              ],
              [
                -86.7004328,
                21.1039189
              ],
              [
                -86.6978452,
                21.1134469
              ],
              [
                -86.6901452,
                21.1370901
              ],
              [
                -86.6822731,
                21.1520804
              ],
              [
                -86.6684027,
                21.165611
              ],
              [
                -86.6619084,
                21.1737307
              ],
              [
                -86.6571807,
                21.1829869
              ],
              [
                -86.6544802,
                21.1929247
              ],
              [
                -86.6539111,
                21.2031621
              ],
              [
                -86.6555267,
                21.2135086
              ],
              [
                -86.6765836,
                21.2528538
              ],
              [
                -86.7009818,
                21.2893594
              ],
              [
                -86.7136038,
                21.3116017
              ],
              [
                -86.7284075,
                21.3432557
              ],
              [
                -86.7306065,
                21.3807442
              ],
              [
                -86.7350139,
                21.4101251
              ],
              [
                -86.7312434,
                21.4303269
              ],
              [
                -86.7268752,
                21.4388643
              ],
              [
                -86.7241747,
                21.4487848
              ],
              [
                -86.7236056,
                21.4590044
              ],
              [
                -86.7251896,
                21.4691302
              ],
              [
                -86.7286723,
                21.4782659
              ],
              [
                -86.7354974,
                21.5077512
              ],
              [
                -86.744138,
                21.5386178
              ],
              [
                -86.7477485,
                21.5480839
              ],
              [
                -86.7585254,
                21.5654905
              ],
              [
                -86.7658872,
                21.5730854
              ],
              [
                -86.7747009,
                21.5791984
              ],
              [
                -86.7846276,
                21.5835948
              ],
              [
                -86.795286,
                21.5861058
              ],
              [
                -86.8062663,
                21.586635
              ],
              [
                -86.8171467,
                21.5851622
              ],
              [
                -86.827509,
                21.5817437
              ],
              [
                -86.8369551,
                21.576511
              ],
              [
                -86.8451219,
                21.5696649
              ],
              [
                -86.8516955,
                21.5614682
              ],
              [
                -86.8564232,
                21.5522358
              ],
              [
                -86.8591237,
                21.5423224
              ],
              [
                -86.8596928,
                21.5321087
              ],
              [
                -86.8581088,
                21.5219873
              ],
              [
                -86.8544327,
                21.5123471
              ],
              [
                -86.8498309,
                21.5051602
              ],
              [
                -86.8458767,
                21.4922897
              ],
              [
                -86.8453697,
                21.4890494
              ],
              [
                -86.8491816,
                21.4892332
              ],
              [
                -86.859224,
                21.4878724
              ],
              [
                -86.8659204,
                21.5018815
              ],
              [
                -86.8714786,
                21.5105623
              ],
              [
                -86.878656,
                21.5179696
              ],
              [
                -86.9089697,
                21.5467401
              ],
              [
                -86.9222786,
                21.566418
              ],
              [
                -86.9425385,
                21.589214
              ],
              [
                -86.9679744,
                21.6102419
              ],
              [
                -86.9749709,
                21.6174575
              ],
              [
                -86.9837845,
                21.6235686
              ],
              [
                -86.9937112,
                21.6279636
              ],
              [
                -87.003981,
                21.6303825
              ],
              [
                -87.0506488,
                21.6427121
              ],
              [
                -87.0610178,
                21.6451539
              ],
              [
                -87.0628246,
                21.645241
              ],
              [
                -87.0723321,
                21.6493452
              ],
              [
                -87.0741082,
                21.6497635
              ],
              [
                -87.0754516,
                21.6506948
              ],
              [
                -87.0853783,
                21.655089
              ],
              [
                -87.0960367,
                21.6575987
              ],
              [
                -87.107017,
                21.6581278
              ],
              [
                -87.1178975,
                21.6566557
              ],
              [
                -87.1282598,
                21.6532389
              ],
              [
                -87.1378168,
                21.6479473
              ],
              [
                -87.1622487,
                21.6243073
              ],
              [
                -87.208635,
                21.5992656
              ],
              [
                -87.218491,
                21.5979315
              ],
              [
                -87.2288533,
                21.5945134
              ],
              [
                -87.2298044,
                21.5939866
              ],
              [
                -87.2433262,
                21.5922478
              ],
              [
                -87.2573703,
                21.5954458
              ],
              [
                -87.2666527,
                21.5995564
              ],
              [
                -87.2888778,
                21.6046457
              ],
              [
                -87.3264063,
                21.6132389
              ],
              [
                -87.3373866,
                21.6137681
              ],
              [
                -87.348267,
                21.6122956
              ],
              [
                -87.3586293,
                21.6088778
              ],
              [
                -87.367985,
                21.6036961
              ],
              [
                -87.3854237,
                21.5907246
              ],
              [
                -87.3930427,
                21.5843382
              ],
              [
                -87.4235746,
                21.5626029
              ],
              [
                -87.4404967,
                21.5469279
              ],
              [
                -87.4463764,
                21.5395953
              ],
              [
                -87.4692437,
                21.527169
              ],
              [
                -87.4738818,
                21.5282621
              ],
              [
                -87.4798562,
                21.530909
              ],
              [
                -87.5131739,
                21.5385306
              ],
              [
                -87.5233732,
                21.5390223
              ],
              [
                -87.5448278,
                21.5450687
              ],
              [
                -87.5885896,
                21.5512714
              ],
              [
                -87.608312,
                21.5552721
              ],
              [
                -87.6525629,
                21.565992
              ],
              [
                -87.6629318,
                21.5664919
              ],
              [
                -87.6762118,
                21.5689885
              ],
              [
                -87.7063417,
                21.5779037
              ],
              [
                -87.7520205,
                21.5888388
              ],
              [
                -87.7855147,
                21.6014955
              ],
              [
                -87.7954992,
                21.6038475
              ],
              [
                -87.8194042,
                21.6128199
              ],
              [
                -87.836794,
                21.6220595
              ],
              [
                -87.846339,
                21.6262856
              ],
              [
                -87.8782508,
                21.6375709
              ],
              [
                -87.8882834,
                21.6399336
              ],
              [
                -87.940794,
                21.6567312
              ],
              [
                -87.9512537,
                21.6591942
              ],
              [
                -87.96194,
                21.659709
              ],
              [
                -87.9859903,
                21.660171
              ],
              [
                -88.0300731,
                21.6620765
              ],
              [
                -88.0583621,
                21.6658776
              ],
              [
                -88.1002559,
                21.672147
              ],
              [
                -88.1327373,
                21.6761147
              ],
              [
                -88.1435084,
                21.6766335
              ],
              [
                -88.1543889,
                21.6751616
              ],
              [
                -88.1644896,
                21.6718315
              ],
              [
                -88.1884319,
                21.6629062
              ],
              [
                -88.1983968,
                21.6596207
              ],
              [
                -88.2073902,
                21.6546414
              ],
              [
                -88.2335638,
                21.6432647
              ],
              [
                -88.2426278,
                21.6382457
              ],
              [
                -88.2648922,
                21.6246636
              ],
              [
                -88.2730012,
                21.6178682
              ],
              [
                -88.3014628,
                21.6085341
              ],
              [
                -88.3273166,
                21.6080051
              ],
              [
                -88.3332416,
                21.6072031
              ],
              [
                -88.3408127,
                21.6088146
              ],
              [
                -88.3450592,
                21.6117591
              ],
              [
                -88.3549859,
                21.6161546
              ],
              [
                -88.3656443,
                21.618665
              ],
              [
                -88.3766393,
                21.6191949
              ],
              [
                -88.3934798,
                21.6167843
              ],
              [
                -88.4037471,
                21.6172791
              ],
              [
                -88.4143994,
                21.6158375
              ],
              [
                -88.437973,
                21.6111286
              ],
              [
                -88.466991,
                21.6044764
              ],
              [
                -88.4776914,
                21.6026361
              ],
              [
                -88.4819951,
                21.6010375
              ],
              [
                -88.4885575,
                21.6011247
              ],
              [
                -88.4992579,
                21.5992844
              ],
              [
                -88.5127308,
                21.5946504
              ],
              [
                -88.5219801,
                21.5930596
              ],
              [
                -88.5230738,
                21.5926533
              ],
              [
                -88.534683,
                21.590825
              ],
              [
                -88.5386689,
                21.5893442
              ],
              [
                -88.5483585,
                21.589473
              ],
              [
                -88.5578599,
                21.5878388
              ],
              [
                -88.5607181,
                21.5878768
              ],
              [
                -88.5647305,
                21.5871867
              ],
              [
                -88.5686146,
                21.5872384
              ],
              [
                -88.579315,
                21.5853979
              ],
              [
                -88.5834771,
                21.5838516
              ],
              [
                -88.5899535,
                21.5827377
              ],
              [
                -88.5923038,
                21.5827689
              ],
              [
                -88.6225736,
                21.5774165
              ],
              [
                -88.6333983,
                21.5733948
              ],
              [
                -88.6353193,
                21.5722312
              ],
              [
                -88.6515944,
                21.5663706
              ],
              [
                -88.6607127,
                21.5608473
              ],
              [
                -88.6690445,
                21.5532654
              ],
              [
                -88.6699792,
                21.5519922
              ],
              [
                -88.6741943,
                21.5481562
              ],
              [
                -88.6803306,
                21.5397973
              ],
              [
                -88.6828399,
                21.5343057
              ],
              [
                -88.6849511,
                21.5323841
              ],
              [
                -88.6864619,
                21.5314688
              ],
              [
                -88.6947937,
                21.5238853
              ],
              [
                -88.6962999,
                21.5218331
              ],
              [
                -88.6977916,
                21.5209293
              ],
              [
                -88.6999595,
                21.518956
              ],
              [
                -88.706718,
                21.5148609
              ],
              [
                -88.7117169,
                21.5103104
              ],
              [
                -88.716331,
                21.5075144
              ],
              [
                -88.7226487,
                21.5017632
              ],
              [
                -88.7242274,
                21.5008065
              ],
              [
                -88.7309111,
                21.4947219
              ],
              [
                -88.7337307,
                21.4926286
              ],
              [
                -88.7363951,
                21.4916381
              ],
              [
                -88.7443214,
                21.4868344
              ],
              [
                -88.7470323,
                21.4855866
              ],
              [
                -88.7542961,
                21.4830566
              ],
              [
                -88.7571562,
                21.4825644
              ],
              [
                -88.7582729,
                21.4821492
              ],
              [
                -88.7610778,
                21.4811064
              ],
              [
                -88.7753556,
                21.4785879
              ],
              [
                -88.7804447,
                21.4786556
              ],
              [
                -88.7911451,
                21.4768138
              ],
              [
                -88.7956759,
                21.4751292
              ],
              [
                -88.8072813,
                21.4732994
              ],
              [
                -88.8181059,
                21.4692747
              ],
              [
                -88.8243947,
                21.4654628
              ],
              [
                -88.8270323,
                21.4644821
              ],
              [
                -88.8361507,
                21.458955
              ],
              [
                -88.8378936,
                21.4573678
              ],
              [
                -88.8416831,
                21.4559587
              ],
              [
                -88.8532865,
                21.4541286
              ],
              [
                -88.859761,
                21.4517211
              ],
              [
                -88.8683491,
                21.4501827
              ],
              [
                -88.8710819,
                21.4502191
              ],
              [
                -88.8729988,
                21.449889
              ],
              [
                -88.8855015,
                21.4502191
              ],
              [
                -88.8962019,
                21.4483769
              ],
              [
                -88.8990497,
                21.4473179
              ],
              [
                -88.900951,
                21.4473432
              ],
              [
                -88.9116514,
                21.4455009
              ],
              [
                -88.9150366,
                21.4442421
              ],
              [
                -88.9188612,
                21.4435836
              ],
              [
                -88.9296858,
                21.4395581
              ],
              [
                -88.9309014,
                21.4388211
              ],
              [
                -88.9345966,
                21.4387151
              ],
              [
                -88.9456647,
                21.4367485
              ],
              [
                -88.9493595,
                21.4367977
              ],
              [
                -88.9570148,
                21.4354796
              ],
              [
                -88.9600025,
                21.4355194
              ],
              [
                -88.9823759,
                21.4317595
              ],
              [
                -88.9834933,
                21.4313439
              ],
              [
                -88.9850651,
                21.4313648
              ],
              [
                -88.9957655,
                21.4295224
              ],
              [
                -88.9971557,
                21.4290053
              ],
              [
                -89.0063511,
                21.4291277
              ],
              [
                -89.0170515,
                21.4272853
              ],
              [
                -89.0191172,
                21.426517
              ],
              [
                -89.0231739,
                21.426571
              ],
              [
                -89.033147,
                21.4248537
              ],
              [
                -89.0345211,
                21.4251375
              ],
              [
                -89.0461765,
                21.4252926
              ],
              [
                -89.0568769,
                21.4234501
              ],
              [
                -89.0607798,
                21.4219985
              ],
              [
                -89.0681492,
                21.4220966
              ],
              [
                -89.0788496,
                21.4202541
              ],
              [
                -89.0843761,
                21.4181985
              ],
              [
                -89.0890919,
                21.4182613
              ],
              [
                -89.0997923,
                21.4164187
              ],
              [
                -89.1036584,
                21.4149807
              ],
              [
                -89.1138685,
                21.4132225
              ],
              [
                -89.1184349,
                21.411524
              ],
              [
                -89.1203342,
                21.4115493
              ],
              [
                -89.1229932,
                21.4110914
              ],
              [
                -89.1333805,
                21.4112296
              ],
              [
                -89.141553,
                21.4098223
              ],
              [
                -89.1512333,
                21.4099511
              ],
              [
                -89.162269,
                21.4079837
              ],
              [
                -89.1659962,
                21.4080333
              ],
              [
                -89.1700824,
                21.4073296
              ],
              [
                -89.1749225,
                21.4073941
              ],
              [
                -89.1859938,
                21.4054134
              ],
              [
                -89.1907154,
                21.4054762
              ],
              [
                -89.1959916,
                21.4045676
              ],
              [
                -89.2003645,
                21.4038145
              ],
              [
                -89.205135,
                21.403878
              ],
              [
                -89.2072391,
                21.4035157
              ],
              [
                -89.2198978,
                21.403878
              ],
              [
                -89.2225075,
                21.4034286
              ],
              [
                -89.2322574,
                21.4035584
              ],
              [
                -89.2429579,
                21.4017156
              ],
              [
                -89.2441702,
                21.4012646
              ],
              [
                -89.2483936,
                21.4013208
              ],
              [
                -89.2652645,
                21.39865
              ],
              [
                -89.2737995,
                21.3987636
              ],
              [
                -89.2780582,
                21.3980302
              ],
              [
                -89.2851292,
                21.3981243
              ],
              [
                -89.2958296,
                21.3962815
              ],
              [
                -89.2978122,
                21.3955439
              ],
              [
                -89.2995487,
                21.395567
              ],
              [
                -89.3055796,
                21.3945284
              ],
              [
                -89.311565,
                21.394608
              ],
              [
                -89.3222654,
                21.3927651
              ],
              [
                -89.3234066,
                21.3923406
              ],
              [
                -89.3256412,
                21.3923704
              ],
              [
                -89.3282263,
                21.3919252
              ],
              [
                -89.3376575,
                21.3920507
              ],
              [
                -89.3473806,
                21.3903761
              ],
              [
                -89.3531071,
                21.3904523
              ],
              [
                -89.3573904,
                21.3897146
              ],
              [
                -89.36478,
                21.389813
              ],
              [
                -89.3754804,
                21.38797
              ],
              [
                -89.3773858,
                21.3872612
              ],
              [
                -89.3844068,
                21.386052
              ],
              [
                -89.3885042,
                21.3845276
              ],
              [
                -89.3926466,
                21.3838142
              ],
              [
                -89.3963278,
                21.3824446
              ],
              [
                -89.399872,
                21.3817625
              ],
              [
                -89.4042621,
                21.3818209
              ],
              [
                -89.4137635,
                21.3801844
              ],
              [
                -89.4166218,
                21.3802224
              ],
              [
                -89.4224802,
                21.3792134
              ],
              [
                -89.4262348,
                21.3792633
              ],
              [
                -89.4359578,
                21.3775886
              ],
              [
                -89.4416843,
                21.3776648
              ],
              [
                -89.4523847,
                21.3758217
              ],
              [
                -89.4535734,
                21.3753795
              ],
              [
                -89.4571339,
                21.3754269
              ],
              [
                -89.4681458,
                21.3734679
              ],
              [
                -89.4712101,
                21.3735087
              ],
              [
                -89.4819105,
                21.3716655
              ],
              [
                -89.4847821,
                21.3705971
              ],
              [
                -89.4873463,
                21.3706312
              ],
              [
                -89.4969461,
                21.3689776
              ],
              [
                -89.5010792,
                21.3690326
              ],
              [
                -89.5223043,
                21.36509
              ],
              [
                -89.5302616,
                21.365196
              ],
              [
                -89.5481718,
                21.3620738
              ],
              [
                -89.5519442,
                21.3606701
              ],
              [
                -89.5556675,
                21.3607197
              ],
              [
                -89.5663679,
                21.3588764
              ],
              [
                -89.5705855,
                21.357307
              ],
              [
                -89.5763242,
                21.3563184
              ],
              [
                -89.5808314,
                21.3546413
              ],
              [
                -89.5917738,
                21.3528011
              ],
              [
                -89.5938513,
                21.3520281
              ],
              [
                -89.5982395,
                21.3520865
              ],
              [
                -89.6089399,
                21.3502431
              ],
              [
                -89.6118945,
                21.3491436
              ],
              [
                -89.6167789,
                21.3492086
              ],
              [
                -89.6274793,
                21.3473652
              ],
              [
                -89.6286798,
                21.3469185
              ],
              [
                -89.6325718,
                21.3469703
              ],
              [
                -89.6509455,
                21.3436606
              ],
              [
                -89.659351,
                21.3437726
              ],
              [
                -89.6700514,
                21.341929
              ],
              [
                -89.6747601,
                21.3401767
              ],
              [
                -89.680637,
                21.340255
              ],
              [
                -89.6913374,
                21.3384114
              ],
              [
                -89.6959157,
                21.3367076
              ],
              [
                -89.7064436,
                21.3348937
              ],
              [
                -89.7084144,
                21.3341603
              ],
              [
                -89.7098194,
                21.334179
              ],
              [
                -89.7205198,
                21.3323353
              ],
              [
                -89.7247374,
                21.3307657
              ],
              [
                -89.7304762,
                21.3297769
              ],
              [
                -89.7415079,
                21.3256226
              ],
              [
                -89.745239,
                21.3249797
              ],
              [
                -89.7529529,
                21.3221088
              ],
              [
                -89.7548521,
                21.3217815
              ],
              [
                -89.7577656,
                21.3206972
              ],
              [
                -89.7647648,
                21.3194312
              ],
              [
                -89.7674976,
                21.3194676
              ],
              [
                -89.778198,
                21.3176238
              ],
              [
                -89.7803993,
                21.3168045
              ],
              [
                -89.7867811,
                21.3157048
              ],
              [
                -89.7922364,
                21.3136743
              ],
              [
                -89.7949634,
                21.3137106
              ],
              [
                -89.8056638,
                21.3118667
              ],
              [
                -89.8081056,
                21.3109578
              ],
              [
                -89.8176801,
                21.3093079
              ],
              [
                -89.8197933,
                21.3085214
              ],
              [
                -89.8251758,
                21.3085931
              ],
              [
                -89.8358762,
                21.3067491
              ],
              [
                -89.8400939,
                21.3051792
              ],
              [
                -89.8561323,
                21.302271
              ],
              [
                -89.8669569,
                21.2982417
              ],
              [
                -89.8695088,
                21.2966931
              ],
              [
                -89.8757221,
                21.2945887
              ],
              [
                -89.8849714,
                21.2929946
              ],
              [
                -89.8869303,
                21.2922654
              ],
              [
                -89.8987043,
                21.2904355
              ],
              [
                -89.9065384,
                21.2875191
              ],
              [
                -89.910034,
                21.2869167
              ],
              [
                -89.9208586,
                21.2828869
              ],
              [
                -89.9233296,
                21.2813872
              ],
              [
                -89.9265135,
                21.2808385
              ],
              [
                -89.9373381,
                21.2768085
              ],
              [
                -89.9464564,
                21.2712742
              ],
              [
                -89.9484321,
                21.2694728
              ],
              [
                -89.951071,
                21.2684903
              ],
              [
                -89.9605023,
                21.2626704
              ],
              [
                -89.9620573,
                21.2620914
              ],
              [
                -89.9711757,
                21.2565566
              ],
              [
                -89.9795074,
                21.2489588
              ],
              [
                -89.9815486,
                21.2466326
              ],
              [
                -89.9847166,
                21.2454529
              ],
              [
                -89.9921014,
                21.2409699
              ],
              [
                -89.9963896,
                21.239373
              ],
              [
                -90.0000779,
                21.2371339
              ],
              [
                -90.005508,
                21.2338373
              ],
              [
                -90.0080902,
                21.2314822
              ],
              [
                -90.0113438,
                21.2295069
              ],
              [
                -90.0166456,
                21.2275324
              ],
              [
                -90.0202074,
                21.2253699
              ],
              [
                -90.0313757,
                21.2211416
              ],
              [
                -90.032982,
                21.2208647
              ],
              [
                -90.0376926,
                21.2209275
              ],
              [
                -90.045274,
                21.2196202
              ],
              [
                -90.0473057,
                21.2196473
              ],
              [
                -90.0580061,
                21.2178022
              ],
              [
                -90.0629359,
                21.2159661
              ],
              [
                -90.0689924,
                21.2149217
              ],
              [
                -90.0745142,
                21.2128651
              ],
              [
                -90.0780191,
                21.2122607
              ],
              [
                -90.0799213,
                21.2122861
              ],
              [
                -90.1091612,
                21.2075603
              ],
              [
                -90.1268522,
                21.2009676
              ],
              [
                -90.1401526,
                21.1926762
              ],
              [
                -90.1453917,
                21.1907245
              ],
              [
                -90.153866,
                21.1855782
              ],
              [
                -90.156378,
                21.1846424
              ],
              [
                -90.1634888,
                21.1803239
              ],
              [
                -90.1673643,
                21.1788801
              ],
              [
                -90.1692854,
                21.1777134
              ],
              [
                -90.1738874,
                21.1759988
              ],
              [
                -90.177172,
                21.174004
              ],
              [
                -90.1804106,
                21.1727974
              ],
              [
                -90.198112,
                21.1621366
              ],
              [
                -90.2002317,
                21.1602025
              ],
              [
                -90.2064405,
                21.1562993
              ],
              [
                -90.208563,
                21.1555085
              ],
              [
                -90.2448799,
                21.1332491
              ],
              [
                -90.2470152,
                21.1324534
              ],
              [
                -90.2660723,
                21.1205385
              ],
              [
                -90.2676146,
                21.1199637
              ],
              [
                -90.2830408,
                21.1103613
              ],
              [
                -90.2899305,
                21.1077933
              ],
              [
                -90.2990489,
                21.1022527
              ],
              [
                -90.3005816,
                21.1008536
              ],
              [
                -90.3093486,
                21.0955263
              ],
              [
                -90.3128837,
                21.0922991
              ],
              [
                -90.3175883,
                21.0894402
              ],
              [
                -90.3208541,
                21.0864588
              ],
              [
                -90.3357844,
                21.0775876
              ],
              [
                -90.3373171,
                21.0761883
              ],
              [
                -90.3550105,
                21.0650934
              ],
              [
                -90.3613766,
                21.0592807
              ],
              [
                -90.3639369,
                21.0577244
              ],
              [
                -90.3693501,
                21.0527816
              ],
              [
                -90.3749232,
                21.0493939
              ],
              [
                -90.383255,
                21.0417856
              ],
              [
                -90.3893913,
                21.0333978
              ],
              [
                -90.3919571,
                21.0277631
              ],
              [
                -90.3955711,
                21.0228226
              ],
              [
                -90.3972117,
                21.0192195
              ],
              [
                -90.4027808,
                21.0116057
              ],
              [
                -90.4050026,
                21.0067259
              ],
              [
                -90.4059143,
                21.0058931
              ],
              [
                -90.4120506,
                20.9975033
              ],
              [
                -90.4150303,
                20.990958
              ],
              [
                -90.418917,
                20.9856434
              ],
              [
                -90.4234766,
                20.9756269
              ],
              [
                -90.4280976,
                20.9537435
              ],
              [
                -90.4312157,
                20.9464201
              ],
              [
                -90.4323066,
                20.944928
              ],
              [
                -90.4368662,
                20.9349087
              ],
              [
                -90.4378253,
                20.930594
              ],
              [
                -90.4389262,
                20.9281747
              ],
              [
                -90.4396065,
                20.9251136
              ],
              [
                -90.445106,
                20.9124609
              ],
              [
                -90.4463847,
                20.9067071
              ],
              [
                -90.4478526,
                20.9034808
              ],
              [
                -90.4485329,
                20.9004192
              ],
              [
                -90.4530024,
                20.8903305
              ],
              [
                -90.453814,
                20.8866781
              ],
              [
                -90.4563212,
                20.8806396
              ],
              [
                -90.4612421,
                20.8701216
              ],
              [
                -90.4634541,
                20.8601656
              ],
              [
                -90.4638467,
                20.8440691
              ],
              [
                -90.4667353,
                20.8377176
              ],
              [
                -90.4689473,
                20.8277594
              ],
              [
                -90.4689635,
                20.8257291
              ],
              [
                -90.4710072,
                20.8165279
              ],
              [
                -90.4710946,
                20.8056321
              ],
              [
                -90.4706849,
                20.8036377
              ],
              [
                -90.4707236,
                20.7988113
              ],
              [
                -90.4713505,
                20.7959882
              ],
              [
                -90.4714,
                20.7898115
              ],
              [
                -90.4723805,
                20.7853963
              ],
              [
                -90.4724612,
                20.7753241
              ],
              [
                -90.4789985,
                20.7665476
              ],
              [
                -90.4795221,
                20.7653958
              ],
              [
                -90.4824317,
                20.7614113
              ],
              [
                -90.4844145,
                20.7570491
              ],
              [
                -90.4862518,
                20.7553681
              ],
              [
                -90.4879232,
                20.7530791
              ],
              [
                -90.4920883,
                20.7492682
              ],
              [
                -90.5033744,
                20.7334792
              ],
              [
                -90.507934,
                20.7234458
              ],
              [
                -90.5118626,
                20.7054516
              ],
              [
                -90.51195,
                20.6945478
              ],
              [
                -90.509898,
                20.6845503
              ],
              [
                -90.508345,
                20.6809844
              ],
              [
                -90.5074947,
                20.6768415
              ],
              [
                -90.504577,
                20.6701416
              ],
              [
                -90.5047366,
                20.6593467
              ],
              [
                -90.5053395,
                20.6566293
              ],
              [
                -90.5053843,
                20.6510284
              ],
              [
                -90.508964,
                20.6431471
              ],
              [
                -90.5111837,
                20.6322116
              ],
              [
                -90.5120539,
                20.6302954
              ],
              [
                -90.5128642,
                20.6266424
              ],
              [
                -90.5143607,
                20.6245912
              ],
              [
                -90.5230402,
                20.6061955
              ],
              [
                -90.5240322,
                20.6017231
              ],
              [
                -90.5255261,
                20.5984329
              ],
              [
                -90.5315269,
                20.5902062
              ],
              [
                -90.5360865,
                20.5801633
              ],
              [
                -90.5382985,
                20.5701883
              ],
              [
                -90.5383769,
                20.5603951
              ],
              [
                -90.5389126,
                20.5579788
              ],
              [
                -90.5456995,
                20.542232
              ],
              [
                -90.5467488,
                20.5374993
              ],
              [
                -90.5481028,
                20.534516
              ],
              [
                -90.5492832,
                20.5291912
              ],
              [
                -90.551536,
                20.5242274
              ],
              [
                -90.5520198,
                20.522045
              ],
              [
                -90.5549693,
                20.5155458
              ],
              [
                -90.5595845,
                20.4962407
              ],
              [
                -90.5596318,
                20.4903244
              ],
              [
                -90.5609578,
                20.4843415
              ],
              [
                -90.5610451,
                20.4653807
              ],
              [
                -90.5603323,
                20.4619025
              ],
              [
                -90.5603585,
                20.4586259
              ],
              [
                -90.5583065,
                20.4486129
              ],
              [
                -90.5521054,
                20.4339124
              ],
              [
                -90.5521187,
                20.4322468
              ],
              [
                -90.5513984,
                20.4287316
              ],
              [
                -90.5514321,
                20.4245253
              ],
              [
                -90.5496314,
                20.4157365
              ],
              [
                -90.5497155,
                20.4052198
              ],
              [
                -90.5452602,
                20.3852272
              ],
              [
                -90.5435566,
                20.3813078
              ],
              [
                -90.5432986,
                20.380048
              ],
              [
                -90.5483497,
                20.3731133
              ],
              [
                -90.5529093,
                20.3630562
              ],
              [
                -90.5551213,
                20.353067
              ],
              [
                -90.5552086,
                20.3369874
              ],
              [
                -90.5531567,
                20.3269666
              ],
              [
                -90.5497754,
                20.3191845
              ],
              [
                -90.5500588,
                20.3073678
              ],
              [
                -90.5480068,
                20.297345
              ],
              [
                -90.5472695,
                20.2956478
              ],
              [
                -90.5473122,
                20.2903018
              ],
              [
                -90.5465991,
                20.2868181
              ],
              [
                -90.5482548,
                20.2793371
              ],
              [
                -90.5483422,
                20.2684029
              ],
              [
                -90.5479152,
                20.2663167
              ],
              [
                -90.5479989,
                20.2558419
              ],
              [
                -90.5469581,
                20.2507566
              ],
              [
                -90.5469689,
                20.2494
              ],
              [
                -90.5445571,
                20.238545
              ],
              [
                -90.5458516,
                20.2323119
              ],
              [
                -90.5458921,
                20.2272375
              ],
              [
                -90.5461949,
                20.225869
              ],
              [
                -90.5462822,
                20.2149311
              ],
              [
                -90.5455545,
                20.2113745
              ],
              [
                -90.5455956,
                20.2062321
              ],
              [
                -90.5435436,
                20.1962028
              ],
              [
                -90.5413503,
                20.1911505
              ],
              [
                -90.5425132,
                20.1895521
              ],
              [
                -90.5470728,
                20.1794831
              ],
              [
                -90.5492848,
                20.1694821
              ],
              [
                -90.5493721,
                20.1585402
              ],
              [
                -90.547616,
                20.1499543
              ],
              [
                -90.5476555,
                20.1450034
              ],
              [
                -90.5456036,
                20.1349701
              ],
              [
                -90.5412053,
                20.1248346
              ],
              [
                -90.5397682,
                20.1227934
              ],
              [
                -90.5394237,
                20.1211089
              ],
              [
                -90.5384682,
                20.1189068
              ],
              [
                -90.5373847,
                20.1136082
              ],
              [
                -90.5422663,
                20.1030915
              ],
              [
                -90.5444783,
                20.0930856
              ],
              [
                -90.5445549,
                20.0834871
              ],
              [
                -90.5460429,
                20.080199
              ],
              [
                -90.5482548,
                20.0701916
              ],
              [
                -90.5483422,
                20.0592429
              ],
              [
                -90.5472791,
                20.054042
              ],
              [
                -90.5473122,
                20.0498902
              ],
              [
                -90.5452602,
                20.0398508
              ],
              [
                -90.5408619,
                20.0297091
              ],
              [
                -90.5348611,
                20.0211802
              ],
              [
                -90.5337449,
                20.0201229
              ],
              [
                -90.5310845,
                20.0163415
              ],
              [
                -90.5274739,
                20.012921
              ],
              [
                -90.525578,
                20.0088116
              ],
              [
                -90.5266255,
                20.0040706
              ],
              [
                -90.5270562,
                19.9860191
              ],
              [
                -90.5250042,
                19.9759757
              ],
              [
                -90.5206059,
                19.9658299
              ],
              [
                -90.5172895,
                19.9611144
              ],
              [
                -90.5232871,
                19.9528581
              ],
              [
                -90.5278468,
                19.9427739
              ],
              [
                -90.5290682,
                19.9372431
              ],
              [
                -90.5300975,
                19.9349663
              ],
              [
                -90.5318702,
                19.9325258
              ],
              [
                -90.5375737,
                19.9204032
              ],
              [
                -90.5415268,
                19.9167667
              ],
              [
                -90.5439958,
                19.913367
              ],
              [
                -90.5494232,
                19.908374
              ],
              [
                -90.5503563,
                19.9070891
              ],
              [
                -90.5546324,
                19.9054828
              ],
              [
                -90.5723338,
                19.8944104
              ],
              [
                -90.579532,
                19.8877876
              ],
              [
                -90.5814116,
                19.8870815
              ],
              [
                -90.5905299,
                19.8814965
              ],
              [
                -90.5929672,
                19.8792539
              ],
              [
                -90.6035762,
                19.8727791
              ],
              [
                -90.6112039,
                19.8659299
              ],
              [
                -90.6132774,
                19.8647592
              ],
              [
                -90.6208937,
                19.8618973
              ],
              [
                -90.630012,
                19.8563115
              ],
              [
                -90.6372589,
                19.8498538
              ],
              [
                -90.6429654,
                19.8463578
              ],
              [
                -90.6480162,
                19.8444597
              ],
              [
                -90.6571345,
                19.8388733
              ],
              [
                -90.6619885,
                19.8344058
              ],
              [
                -90.6636577,
                19.8333831
              ],
              [
                -90.6798859,
                19.8182857
              ],
              [
                -90.6823853,
                19.8148419
              ],
              [
                -90.6884689,
                19.8092418
              ],
              [
                -90.6915944,
                19.8049352
              ],
              [
                -90.6952434,
                19.8026991
              ],
              [
                -90.7035751,
                19.7950289
              ],
              [
                -90.7165778,
                19.7765579
              ],
              [
                -90.7211375,
                19.7664625
              ],
              [
                -90.7220802,
                19.7621888
              ],
              [
                -90.7252573,
                19.7551538
              ],
              [
                -90.7274693,
                19.7451259
              ],
              [
                -90.7275164,
                19.739204
              ],
              [
                -90.7282944,
                19.7384876
              ],
              [
                -90.7344306,
                19.7300286
              ],
              [
                -90.735216,
                19.7282893
              ],
              [
                -90.739399,
                19.7225226
              ],
              [
                -90.7403107,
                19.7216829
              ],
              [
                -90.7435621,
                19.7172002
              ],
              [
                -90.7460799,
                19.7148811
              ],
              [
                -90.7477717,
                19.7138438
              ],
              [
                -90.7561035,
                19.7061692
              ],
              [
                -90.7569101,
                19.7050572
              ],
              [
                -90.7668058,
                19.701335
              ],
              [
                -90.7759242,
                19.6957435
              ],
              [
                -90.784256,
                19.6880681
              ],
              [
                -90.7903922,
                19.6796065
              ],
              [
                -90.7949519,
                19.669505
              ],
              [
                -90.7971638,
                19.6594716
              ],
              [
                -90.7972512,
                19.6484944
              ],
              [
                -90.7951992,
                19.6384297
              ],
              [
                -90.7908009,
                19.6282623
              ],
              [
                -90.7848,
                19.6197118
              ],
              [
                -90.7765914,
                19.611916
              ],
              [
                -90.7675631,
                19.6061933
              ],
              [
                -90.7568045,
                19.6019668
              ],
              [
                -90.7535215,
                19.6013466
              ],
              [
                -90.7546867,
                19.5997391
              ],
              [
                -90.7583572,
                19.5916032
              ],
              [
                -90.7594932,
                19.5900359
              ],
              [
                -90.7640528,
                19.5799287
              ],
              [
                -90.7662648,
                19.5698898
              ],
              [
                -90.7663521,
                19.5589065
              ],
              [
                -90.7643222,
                19.5489441
              ],
              [
                -90.7662648,
                19.5401259
              ],
              [
                -90.7663521,
                19.5291406
              ],
              [
                -90.7646183,
                19.52063
              ],
              [
                -90.7646355,
                19.5184624
              ],
              [
                -90.7632073,
                19.5114516
              ],
              [
                -90.7632622,
                19.5045472
              ],
              [
                -90.7612102,
                19.4944735
              ],
              [
                -90.7603794,
                19.4925512
              ],
              [
                -90.759323,
                19.4873649
              ],
              [
                -90.7614582,
                19.4776687
              ],
              [
                -90.7614998,
                19.4724472
              ],
              [
                -90.7624907,
                19.4676454
              ],
              [
                -90.7633662,
                19.4657034
              ],
              [
                -90.7655781,
                19.4556573
              ],
              [
                -90.7656279,
                19.4493987
              ],
              [
                -90.7664032,
                19.4486833
              ],
              [
                -90.7725394,
                19.4402091
              ],
              [
                -90.776003,
                19.4325244
              ],
              [
                -90.7770026,
                19.4311439
              ],
              [
                -90.7815623,
                19.4210268
              ],
              [
                -90.7837742,
                19.410978
              ],
              [
                -90.7838616,
                19.3999839
              ],
              [
                -90.7814669,
                19.3891102
              ],
              [
                -90.7817143,
                19.387986
              ],
              [
                -90.7818017,
                19.3769903
              ],
              [
                -90.7813945,
                19.3749898
              ],
              [
                -90.7814273,
                19.3708502
              ],
              [
                -90.7936067,
                19.3539324
              ],
              [
                -90.806572,
                19.3414925
              ],
              [
                -90.8088887,
                19.3382909
              ],
              [
                -90.8110352,
                19.3363092
              ],
              [
                -90.8134585,
                19.3329603
              ],
              [
                -90.8179016,
                19.3288581
              ],
              [
                -90.8212139,
                19.3242804
              ],
              [
                -90.8341692,
                19.3121531
              ],
              [
                -90.8456187,
                19.3047998
              ],
              [
                -90.8483736,
                19.3022558
              ],
              [
                -90.8521419,
                19.2999394
              ],
              [
                -90.86002,
                19.2926641
              ],
              [
                -90.8634715,
                19.2905423
              ],
              [
                -90.8752176,
                19.2798717
              ],
              [
                -90.8778911,
                19.2782281
              ],
              [
                -90.8823546,
                19.2743395
              ],
              [
                -90.9289517,
                19.2305639
              ],
              [
                -90.9552576,
                19.2084841
              ],
              [
                -90.9805454,
                19.1901363
              ],
              [
                -91.0159419,
                19.1673552
              ],
              [
                -91.0648062,
                19.1416066
              ],
              [
                -91.0939624,
                19.1253618
              ],
              [
                -91.1115356,
                19.1138314
              ],
              [
                -91.1267932,
                19.1001732
              ],
              [
                -91.1542443,
                19.0777144
              ],
              [
                -91.1565475,
                19.0736513
              ],
              [
                -91.1870377,
                19.0552748
              ],
              [
                -91.2622892,
                19.0159951
              ],
              [
                -91.33968,
                18.9837984
              ],
              [
                -91.3907647,
                18.9567717
              ],
              [
                -91.4224919,
                18.9405512
              ],
              [
                -91.4468573,
                18.9184638
              ],
              [
                -91.482646,
                18.8773013
              ],
              [
                -91.495905,
                18.8641973
              ],
              [
                -91.515585,
                18.8461464
              ],
              [
                -91.5267189,
                18.8376847
              ],
              [
                -91.5512753,
                18.8317392
              ],
              [
                -91.5519667,
                18.8313823
              ],
              [
                -91.5677521,
                18.8232327
              ],
              [
                -91.5797225,
                18.8153014
              ],
              [
                -91.613591,
                18.8008599
              ],
              [
                -91.6509278,
                18.7839687
              ],
              [
                -91.6761403,
                18.7748269
              ],
              [
                -91.6911446,
                18.7646306
              ],
              [
                -91.7579388,
                18.7488188
              ],
              [
                -91.758565,
                18.7310108
              ],
              [
                -91.7821526,
                18.7239975
              ],
              [
                -91.8063495,
                18.7196554
              ],
              [
                -91.8324342,
                18.7196554
              ],
              [
                -91.8633547,
                18.714115
              ],
              [
                -91.8817789,
                18.7004818
              ],
              [
                -91.8957321,
                18.7109157
              ],
              [
                -91.8990802,
                18.7155888
              ],
              [
                -91.9218736,
                18.74103
              ],
              [
                -91.9599125,
                18.7509358
              ],
              [
                -92.0065356,
                18.7505193
              ],
              [
                -92.0444859,
                18.7471371
              ],
              [
                -92.0554802,
                18.7436667
              ],
              [
                -92.0644533,
                18.7432972
              ],
              [
                -92.1798184,
                18.7344657
              ],
              [
                -92.2590265,
                18.7293366
              ],
              [
                -92.328222,
                18.7266889
              ],
              [
                -92.3712165,
                18.7221255
              ],
              [
                -92.4182951,
                18.7152126
              ],
              [
                -92.4707497,
                18.704517
              ],
              [
                -92.4789767,
                18.7024142
              ],
              [
                -92.5150036,
                18.6932058
              ],
              [
                -92.5575121,
                18.6829792
              ],
              [
                -92.6085947,
                18.6713405
              ],
              [
                -92.6483068,
                18.6663044
              ],
              [
                -92.6629482,
                18.664962
              ],
              [
                -92.6665376,
                18.6653162
              ],
              [
                -92.7019502,
                18.6796667
              ],
              [
                -92.707918,
                18.680186
              ],
              [
                -92.7124215,
                18.6783658
              ],
              [
                -92.748299,
                18.6358355
              ],
              [
                -92.7532771,
                18.6264655
              ],
              [
                -92.7564375,
                18.6102923
              ],
              [
                -92.7584559,
                18.6057914
              ],
              [
                -92.773133,
                18.5820163
              ],
              [
                -92.7885481,
                18.5645842
              ],
              [
                -92.8096275,
                18.5435202
              ],
              [
                -92.8281141,
                18.5301992
              ],
              [
                -92.8572368,
                18.5155469
              ],
              [
                -92.8839728,
                18.5027311
              ],
              [
                -92.9065273,
                18.4959148
              ],
              [
                -92.9180384,
                18.4943286
              ],
              [
                -92.9176242,
                18.4909561
              ],
              [
                -92.9106436,
                18.4527787
              ],
              [
                -92.6861627,
                18.0936495
              ],
              [
                -92.5762994,
                17.9735133
              ],
              [
                -92.4774225,
                17.8114613
              ],
              [
                -92.2817285,
                17.3907007
              ],
              [
                -92.1423395,
                16.8571249
              ],
              [
                -92.0434625,
                16.6046152
              ],
              [
                -91.9226129,
                16.3886664
              ],
              [
                -91.7028864,
                16.1883048
              ],
              [
                -91.3128717,
                15.9771779
              ],
              [
                -90.988775,
                15.8239713
              ],
              [
                -90.5603082,
                15.4642744
              ],
              [
                -90.3790338,
                15.2576944
              ],
              [
                -90.1373346,
                14.9554046
              ],
              [
                -89.9395807,
                14.7642645
              ],
              [
                -89.6923883,
                14.6367442
              ],
              [
                -89.4726617,
                14.6048525
              ],
              [
                -89.2968805,
                14.6101681
              ],
              [
                -88.9947565,
                14.6473737
              ],
              [
                -88.676153,
                14.7748878
              ],
              [
                -88.4289606,
                15.008469
              ],
              [
                -88.209234,
                15.3636584
              ],
              [
                -88.12074,
                15.6884811
              ],
              [
                -88.1399616,
                15.7577891
              ],
              [
                -88.1410564,
                15.7616581
              ],
              [
                -88.1457141,
                15.7552498
              ],
              [
                -88.1587604,
                15.7466585
              ],
              [
                -88.1683735,
                15.7456672
              ],
              [
                -88.1752399,
                15.7486412
              ],
              [
                -88.1910328,
                15.7595452
              ],
              [
                -88.2239388,
                15.7819189
              ]
            ]
          ]
        ]
      }
    },
    {
      "type": "Feature",
      "properties": {
        "slug": "chactemal",
        "name": "Chactemal",
        "start_date": "0950",
        "end_date": "1544",
        "region_type": "kingdom",
        "source_system": "OHM",
        "osm_type": "relation",
        "osm_id": "2840556"
      },
      "geometry": {
        "type": "Polygon",
        "coordinates": [
          [
            [
              -87.8610661,
              18.190283
            ],
            [
              -87.8621507,
              18.1907052
            ],
            [
              -87.8626228,
              18.1909906
            ],
            [
              -87.8632665,
              18.1927029
            ],
            [
              -87.8632879,
              18.1931718
            ],
            [
              -87.8626657,
              18.1945987
            ],
            [
              -87.8623224,
              18.195781
            ],
            [
              -87.8621936,
              18.1961887
            ],
            [
              -87.8622365,
              18.1968818
            ],
            [
              -87.8627086,
              18.1974933
            ],
            [
              -87.8637815,
              18.1985329
            ],
            [
              -87.8644252,
              18.1988795
            ],
            [
              -87.8652621,
              18.1988795
            ],
            [
              -87.86582,
              18.1987164
            ],
            [
              -87.8661633,
              18.1985737
            ],
            [
              -87.8671932,
              18.1976768
            ],
            [
              -87.8679657,
              18.1968003
            ],
            [
              -87.8684807,
              18.1959441
            ],
            [
              -87.8694892,
              18.1942725
            ],
            [
              -87.8713131,
              18.1889928
            ],
            [
              -87.8719354,
              18.1874639
            ],
            [
              -87.8721071,
              18.1866892
            ],
            [
              -87.8727079,
              18.1854457
            ],
            [
              -87.873416,
              18.1843448
            ],
            [
              -87.873931,
              18.1836517
            ],
            [
              -87.8743601,
              18.1829586
            ],
            [
              -87.8749609,
              18.1822655
            ],
            [
              -87.8792739,
              18.1772096
            ],
            [
              -87.8804541,
              18.176231
            ],
            [
              -87.8821922,
              18.1746204
            ],
            [
              -87.885797,
              18.1708895
            ],
            [
              -87.888372,
              18.1690547
            ],
            [
              -87.8889728,
              18.1684226
            ],
            [
              -87.8910971,
              18.1665469
            ],
            [
              -87.8914833,
              18.1659965
            ],
            [
              -87.8994227,
              18.1600022
            ],
            [
              -87.9034353,
              18.156006
            ],
            [
              -87.9039073,
              18.1554962
            ],
            [
              -87.9067397,
              18.1531718
            ],
            [
              -87.9075766,
              18.1527233
            ],
            [
              -87.9088855,
              18.1517038
            ],
            [
              -87.91013,
              18.1509697
            ],
            [
              -87.9112244,
              18.1503376
            ],
            [
              -87.9125118,
              18.149991
            ],
            [
              -87.9137564,
              18.1499298
            ],
            [
              -87.9161597,
              18.1499502
            ],
            [
              -87.9174042,
              18.1502561
            ],
            [
              -87.9190135,
              18.1509086
            ],
            [
              -87.9203224,
              18.1517649
            ],
            [
              -87.9232836,
              18.1544156
            ],
            [
              -87.9316521,
              18.1629178
            ],
            [
              -87.9326606,
              18.1644673
            ],
            [
              -87.9332614,
              18.1675052
            ],
            [
              -87.9339266,
              18.1686877
            ],
            [
              -87.9439048,
              18.1760377
            ],
            [
              -87.9469303,
              18.1863022
            ],
            [
              -87.9491047,
              18.2813934
            ],
            [
              -87.9492692,
              18.282466
            ],
            [
              -87.9491274,
              18.2850636
            ],
            [
              -87.9516724,
              18.3179956
            ],
            [
              -87.9567032,
              18.3326815
            ],
            [
              -87.9601456,
              18.3418921
            ],
            [
              -87.9730633,
              18.3604576
            ],
            [
              -87.9783326,
              18.3688524
            ],
            [
              -87.9817749,
              18.378061
            ],
            [
              -87.9820817,
              18.3800608
            ],
            [
              -87.9858857,
              18.3861205
            ],
            [
              -88.011106,
              18.4047347
            ],
            [
              -88.0167522,
              18.4072863
            ],
            [
              -88.019689,
              18.4079923
            ],
            [
              -88.0289844,
              18.4121928
            ],
            [
              -88.0295351,
              18.4125826
            ],
            [
              -88.0375418,
              18.4145073
            ],
            [
              -88.0468372,
              18.4187077
            ],
            [
              -88.049503,
              18.4205941
            ],
            [
              -88.0554203,
              18.4232679
            ],
            [
              -88.0873236,
              18.4353536
            ],
            [
              -88.096619,
              18.4395535
            ],
            [
              -88.1117657,
              18.4526472
            ],
            [
              -88.1225281,
              18.472435
            ],
            [
              -88.1259705,
              18.4816381
            ],
            [
              -88.1280304,
              18.5005228
            ],
            [
              -88.1295136,
              18.5101844
            ],
            [
              -88.1289807,
              18.5199343
            ],
            [
              -88.126452,
              18.5293976
            ],
            [
              -88.1220249,
              18.5382109
            ],
            [
              -88.0970517,
              18.5863322
            ],
            [
              -88.094523,
              18.5957918
            ],
            [
              -88.0622867,
              18.6586065
            ],
            [
              -88.0603867,
              18.6660772
            ],
            [
              -88.0656556,
              18.7050845
            ],
            [
              -88.0651226,
              18.7148231
            ],
            [
              -88.062594,
              18.7242757
            ],
            [
              -88.059905,
              18.7296226
            ],
            [
              -88.0596655,
              18.7339997
            ],
            [
              -88.0598191,
              18.7349992
            ],
            [
              -88.0598039,
              18.735277
            ],
            [
              -88.0609056,
              18.7370284
            ],
            [
              -88.0653765,
              18.7751785
            ],
            [
              -88.0652048,
              18.8021558
            ],
            [
              -88.0615999,
              18.8253918
            ],
            [
              -88.0549051,
              18.8450506
            ],
            [
              -88.036285,
              18.8749861
            ],
            [
              -88.1645972,
              18.9095351
            ],
            [
              -88.1790168,
              18.8751034
            ],
            [
              -88.1920631,
              18.8640578
            ],
            [
              -88.2092292,
              18.8718548
            ],
            [
              -88.2257087,
              18.8751034
            ],
            [
              -88.2373817,
              18.8640578
            ],
            [
              -88.2593543,
              18.8263672
            ],
            [
              -88.2916267,
              18.7841177
            ],
            [
              -88.3115394,
              18.7548618
            ],
            [
              -88.3513648,
              18.7164965
            ],
            [
              -88.3705909,
              18.6904811
            ],
            [
              -88.389817,
              18.6306306
            ],
            [
              -88.5621657,
              18.6514512
            ],
            [
              -88.724214,
              18.405353
            ],
            [
              -88.8011183,
              18.2215263
            ],
            [
              -88.865663,
              18.0270585
            ],
            [
              -88.8752103,
              17.8960842
            ],
            [
              -88.8848891,
              17.7578432
            ],
            [
              -88.8807692,
              17.6597269
            ],
            [
              -88.8587965,
              17.5013199
            ],
            [
              -88.8356223,
              17.4978819
            ],
            [
              -88.8127903,
              17.4924781
            ],
            [
              -88.7781147,
              17.4970623
            ],
            [
              -88.7521938,
              17.5155616
            ],
            [
              -88.7111667,
              17.5664659
            ],
            [
              -88.6867908,
              17.5910127
            ],
            [
              -88.6246494,
              17.629299
            ],
            [
              -88.5789875,
              17.6505657
            ],
            [
              -88.5209659,
              17.6829516
            ],
            [
              -88.4687809,
              17.704539
            ],
            [
              -88.4165958,
              17.7114072
            ],
            [
              -88.3630375,
              17.7058473
            ],
            [
              -88.3328251,
              17.6960352
            ],
            [
              -88.3060459,
              17.6816432
            ],
            [
              -88.2651905,
              17.6600531
            ],
            [
              -88.2236488,
              17.6407509
            ],
            [
              -88.1687171,
              17.617847
            ],
            [
              -88.1151588,
              17.6060667
            ],
            [
              -88.0691535,
              17.6041033
            ],
            [
              -88.0176654,
              17.6040788
            ],
            [
              -88.0177035,
              17.6099166
            ],
            [
              -88.0149569,
              17.6192425
            ],
            [
              -88.0126476,
              17.6332023
            ],
            [
              -88.0050454,
              17.6483871
            ],
            [
              -87.9968776,
              17.6598031
            ],
            [
              -87.9783381,
              17.7168806
            ],
            [
              -87.9717085,
              17.7418768
            ],
            [
              -87.9633595,
              17.7917453
            ],
            [
              -87.9604914,
              17.8188106
            ],
            [
              -87.9561998,
              17.8318842
            ],
            [
              -87.950535,
              17.8429961
            ],
            [
              -87.9398062,
              17.8603978
            ],
            [
              -87.9279639,
              17.8813105
            ],
            [
              -87.8822071,
              17.9497362
            ],
            [
              -87.8617688,
              17.9915558
            ],
            [
              -87.8408627,
              18.0362251
            ],
            [
              -87.8333392,
              18.0579928
            ],
            [
              -87.8302861,
              18.062394
            ],
            [
              -87.8264237,
              18.066474
            ],
            [
              -87.8192998,
              18.0698195
            ],
            [
              -87.8076268,
              18.0754496
            ],
            [
              -87.796898,
              18.0823851
            ],
            [
              -87.7907182,
              18.088178
            ],
            [
              -87.7850533,
              18.0962551
            ],
            [
              -87.7811051,
              18.1042503
            ],
            [
              -87.7778436,
              18.1155081
            ],
            [
              -87.7762128,
              18.1283967
            ],
            [
              -87.7770711,
              18.138348
            ],
            [
              -87.7800752,
              18.1506639
            ],
            [
              -87.78574,
              18.1711343
            ],
            [
              -87.790289,
              18.1857311
            ],
            [
              -87.7920708,
              18.1912572
            ],
            [
              -87.8089142,
              18.1915206
            ],
            [
              -87.8199864,
              18.1918468
            ],
            [
              -87.82372,
              18.1919691
            ],
            [
              -87.82475,
              18.191806
            ],
            [
              -87.8306723,
              18.191806
            ],
            [
              -87.8325177,
              18.1919283
            ],
            [
              -87.8337622,
              18.1918468
            ],
            [
              -87.8358651,
              18.1914798
            ],
            [
              -87.8407471,
              18.1888441
            ],
            [
              -87.8435361,
              18.1874129
            ],
            [
              -87.8442013,
              18.1871581
            ],
            [
              -87.8474093,
              18.1864344
            ],
            [
              -87.8478714,
              18.1862325
            ],
            [
              -87.8484139,
              18.1859201
            ],
            [
              -87.84956,
              18.1847376
            ],
            [
              -87.850509,
              18.1843863
            ],
            [
              -87.8528753,
              18.18448
            ],
            [
              -87.8533805,
              18.1844683
            ],
            [
              -87.8539968,
              18.1837306
            ],
            [
              -87.8543788,
              18.1835316
            ],
            [
              -87.8548102,
              18.1834964
            ],
            [
              -87.8553278,
              18.1832623
            ],
            [
              -87.8556852,
              18.182993
            ],
            [
              -87.8562274,
              18.1826651
            ],
            [
              -87.8563876,
              18.182548
            ],
            [
              -87.8566834,
              18.1826768
            ],
            [
              -87.8572996,
              18.1833091
            ],
            [
              -87.8572441,
              18.1836113
            ],
            [
              -87.8570008,
              18.1838963
            ],
            [
              -87.8575909,
              18.1845691
            ],
            [
              -87.8574193,
              18.1848239
            ],
            [
              -87.8575266,
              18.1852316
            ],
            [
              -87.8579235,
              18.1853947
            ],
            [
              -87.8582561,
              18.1857209
            ],
            [
              -87.8588569,
              18.1861286
            ],
            [
              -87.8587818,
              18.1864242
            ],
            [
              -87.858932,
              18.1869033
            ],
            [
              -87.8593826,
              18.1872906
            ],
            [
              -87.8596294,
              18.1880856
            ],
            [
              -87.8599191,
              18.1883914
            ],
            [
              -87.8597152,
              18.1890947
            ],
            [
              -87.8601766,
              18.1900324
            ],
            [
              -87.8605735,
              18.1902363
            ],
            [
              -87.8610661,
              18.190283
            ]
          ]
        ]
      }
    },
    {
      "type": "Feature",
      "properties": {
        "slug": "tetzcoco",
        "name": "Tetzcoco",
        "start_date": "1180",
        "end_date": "1521",
        "region_type": "kingdom",
        "source_system": "OHM",
        "osm_type": "relation",
        "osm_id": "2856554"
      },
      "geometry": {
        "type": "Polygon",
        "coordinates": [
          [
            [
              -98.9794773,
              19.7566081
            ],
            [
              -98.9775469,
              19.7531332
            ],
            [
              -98.9765169,
              19.7516792
            ],
            [
              -98.9696504,
              19.7510329
            ],
            [
              -98.9645006,
              19.751356
            ],
            [
              -98.9655306,
              19.7466707
            ],
            [
              -98.9682771,
              19.745055
            ],
            [
              -98.9754869,
              19.7415004
            ],
            [
              -98.9813234,
              19.7342295
            ],
            [
              -98.9818384,
              19.7303516
            ],
            [
              -98.9811518,
              19.7251808
            ],
            [
              -98.9798819,
              19.7235207
            ],
            [
              -98.9780618,
              19.7211411
            ],
            [
              -98.9722744,
              19.7187187
            ],
            [
              -98.9706804,
              19.717586
            ],
            [
              -98.973665,
              19.714349
            ],
            [
              -98.9773752,
              19.7137076
            ],
            [
              -98.982525,
              19.7125764
            ],
            [
              -98.9861299,
              19.7099908
            ],
            [
              -98.9864733,
              19.7075667
            ],
            [
              -98.9902498,
              19.7044961
            ],
            [
              -98.9993479,
              19.6993245
            ],
            [
              -99.0005495,
              19.6954457
            ],
            [
              -99.004326,
              19.6915668
            ],
            [
              -99.0074159,
              19.6909204
            ],
            [
              -99.0101625,
              19.6894657
            ],
            [
              -99.0098192,
              19.6865565
            ],
            [
              -99.0103342,
              19.6834855
            ],
            [
              -99.0166857,
              19.6741106
            ],
            [
              -99.017029,
              19.6681298
            ],
            [
              -99.0168379,
              19.6623055
            ],
            [
              -99.0206339,
              19.6582691
            ],
            [
              -99.0238954,
              19.6553593
            ],
            [
              -99.0264704,
              19.6501861
            ],
            [
              -99.0264704,
              19.6451744
            ],
            [
              -99.0232088,
              19.642911
            ],
            [
              -99.0173723,
              19.6438811
            ],
            [
              -99.0147974,
              19.6432344
            ],
            [
              -99.0139391,
              19.6380608
            ],
            [
              -99.0113642,
              19.635959
            ],
            [
              -99.0075876,
              19.635474
            ],
            [
              -99.0038111,
              19.6348273
            ],
            [
              -99.0017511,
              19.6332104
            ],
            [
              -99.0031244,
              19.6304618
            ],
            [
              -99.0081026,
              19.6227008
            ],
            [
              -99.0010645,
              19.6175266
            ],
            [
              -98.9976312,
              19.6151011
            ],
            [
              -98.9959146,
              19.616233
            ],
            [
              -98.9938547,
              19.6189818
            ],
            [
              -98.9905009,
              19.6215526
            ],
            [
              -98.9856149,
              19.6257729
            ],
            [
              -98.9801218,
              19.6294917
            ],
            [
              -98.9760019,
              19.6286833
            ],
            [
              -98.9699938,
              19.6269047
            ],
            [
              -98.9631273,
              19.6209222
            ],
            [
              -98.9572908,
              19.6196286
            ],
            [
              -98.9485361,
              19.6193052
            ],
            [
              -98.9449312,
              19.6191435
            ],
            [
              -98.9387514,
              19.6139692
            ],
            [
              -98.9370348,
              19.6105734
            ],
            [
              -98.9368631,
              19.6060457
            ],
            [
              -98.9393455,
              19.6003206
            ],
            [
              -98.9428713,
              19.5969897
            ],
            [
              -98.9457895,
              19.593917
            ],
            [
              -98.9466478,
              19.5905209
            ],
            [
              -98.9421846,
              19.5872863
            ],
            [
              -98.9385797,
              19.58389
            ],
            [
              -98.9373781,
              19.581464
            ],
            [
              -98.939438,
              19.5783911
            ],
            [
              -98.9431208,
              19.5718945
            ],
            [
              -98.9459612,
              19.5670691
            ],
            [
              -98.9471628,
              19.5614078
            ],
            [
              -98.9466478,
              19.5565552
            ],
            [
              -98.9444162,
              19.5523494
            ],
            [
              -98.9451029,
              19.5473347
            ],
            [
              -98.9461328,
              19.5410256
            ],
            [
              -98.9463045,
              19.5377901
            ],
            [
              -98.9456178,
              19.5335838
            ],
            [
              -98.9454462,
              19.5287303
            ],
            [
              -98.9458286,
              19.5244055
            ],
            [
              -98.9461328,
              19.5209644
            ],
            [
              -98.9444162,
              19.5146543
            ],
            [
              -98.940983,
              19.5059168
            ],
            [
              -98.9417284,
              19.5007972
            ],
            [
              -98.9136888,
              19.4999298
            ],
            [
              -98.897381,
              19.4971789
            ],
            [
              -98.8875976,
              19.4950359
            ],
            [
              -98.763658,
              19.4011935
            ],
            [
              -98.6867536,
              19.3558514
            ],
            [
              -98.6304481,
              19.3331749
            ],
            [
              -98.5604102,
              19.3312312
            ],
            [
              -98.5940559,
              19.4277446
            ],
            [
              -98.5926826,
              19.4853662
            ],
            [
              -98.5665907,
              19.53132
            ],
            [
              -98.5453047,
              19.5811417
            ],
            [
              -98.4746221,
              19.6501054
            ],
            [
              -98.4100356,
              19.6884971
            ],
            [
              -98.3221449,
              19.7524882
            ],
            [
              -98.1958021,
              19.8035332
            ],
            [
              -98.59131,
              20.2931147
            ],
            [
              -98.6489882,
              20.2171011
            ],
            [
              -98.6792006,
              20.0727019
            ],
            [
              -98.7121596,
              20.0004522
            ],
            [
              -98.7519851,
              19.9410795
            ],
            [
              -98.7760176,
              19.9275239
            ],
            [
              -98.8233962,
              19.909448
            ],
            [
              -98.9222731,
              19.8758729
            ],
            [
              -98.9744582,
              19.8448742
            ],
            [
              -98.9854445,
              19.8261429
            ],
            [
              -98.9794773,
              19.7566081
            ]
          ]
        ]
      }
    },
    {
      "type": "Feature",
      "properties": {
        "slug": "chanka",
        "name": "Chanka",
        "start_date": "1200",
        "end_date": "1438",
        "region_type": "kingdom",
        "source_system": "OHM",
        "osm_type": "relation",
        "osm_id": "2744829"
      },
      "geometry": {
        "type": "MultiPolygon",
        "coordinates": [
          [
            [
              [
                -73.4985938,
                -12.9315247
              ],
              [
                -73.4987761,
                -12.9300086
              ],
              [
                -73.501866,
                -12.9295066
              ],
              [
                -73.5046126,
                -12.9303432
              ],
              [
                -73.5070159,
                -12.9316816
              ],
              [
                -73.5090758,
                -12.9321836
              ],
              [
                -73.5138823,
                -12.9345258
              ],
              [
                -73.5181738,
                -12.9377046
              ],
              [
                -73.5214354,
                -12.9385412
              ],
              [
                -73.5234954,
                -12.9378719
              ],
              [
                -73.524182,
                -12.9365335
              ],
              [
                -73.5286452,
                -12.9323509
              ],
              [
                -73.5313918,
                -12.9271643
              ],
              [
                -73.5329367,
                -12.9231488
              ],
              [
                -73.5308768,
                -12.9198025
              ],
              [
                -73.5264136,
                -12.914783
              ],
              [
                -73.523152,
                -12.9124405
              ],
              [
                -73.5207488,
                -12.9092614
              ],
              [
                -73.5205771,
                -12.9055803
              ],
              [
                -73.5216071,
                -12.9017318
              ],
              [
                -73.5233237,
                -12.8982179
              ],
              [
                -73.5264136,
                -12.8955406
              ],
              [
                -73.5295035,
                -12.8930306
              ],
              [
                -73.5332801,
                -12.8906879
              ],
              [
                -73.5346533,
                -12.8886799
              ],
              [
                -73.5391165,
                -12.8873412
              ],
              [
                -73.5437514,
                -12.8826557
              ],
              [
                -73.546498,
                -12.8793089
              ],
              [
                -73.5497595,
                -12.8771334
              ],
              [
                -73.557656,
                -12.8701048
              ],
              [
                -73.5631491,
                -12.8657537
              ],
              [
                -73.5700156,
                -12.8602311
              ],
              [
                -73.5722472,
                -12.8590596
              ],
              [
                -73.5746504,
                -12.8592269
              ],
              [
                -73.5772254,
                -12.8602311
              ],
              [
                -73.5796286,
                -12.8602311
              ],
              [
                -73.5840918,
                -12.8575534
              ],
              [
                -73.5868384,
                -12.8533694
              ],
              [
                -73.58907,
                -12.8480138
              ],
              [
                -73.5897566,
                -12.842156
              ],
              [
                -73.5892417,
                -12.8388087
              ],
              [
                -73.5878684,
                -12.835796
              ],
              [
                -73.5873534,
                -12.8306074
              ],
              [
                -73.58804,
                -12.8265904
              ],
              [
                -73.5902716,
                -12.8222385
              ],
              [
                -73.5919882,
                -12.8208995
              ],
              [
                -73.5940482,
                -12.8183887
              ],
              [
                -73.5957648,
                -12.815041
              ],
              [
                -73.5998847,
                -12.8125302
              ],
              [
                -73.6033179,
                -12.8100194
              ],
              [
                -73.6057212,
                -12.8095173
              ],
              [
                -73.6059791,
                -12.8101902
              ],
              [
                -73.6060645,
                -12.810689
              ],
              [
                -73.6034896,
                -12.8135346
              ],
              [
                -73.5998847,
                -12.8173844
              ],
              [
                -73.5971381,
                -12.8205647
              ],
              [
                -73.5916449,
                -12.8242471
              ],
              [
                -73.5902716,
                -12.829101
              ],
              [
                -73.5902716,
                -12.8326159
              ],
              [
                -73.5923316,
                -12.8364655
              ],
              [
                -73.5931899,
                -12.8398129
              ],
              [
                -73.5921599,
                -12.8444992
              ],
              [
                -73.5909583,
                -12.8481812
              ],
              [
                -73.5897566,
                -12.8516958
              ],
              [
                -73.5861518,
                -12.8575534
              ],
              [
                -73.5839202,
                -12.8600637
              ],
              [
                -73.5806586,
                -12.8617373
              ],
              [
                -73.5782553,
                -12.8624067
              ],
              [
                -73.5761954,
                -12.8644149
              ],
              [
                -73.5732772,
                -12.8667578
              ],
              [
                -73.5689856,
                -12.8677619
              ],
              [
                -73.5655524,
                -12.8680966
              ],
              [
                -73.5616042,
                -12.8694354
              ],
              [
                -73.555081,
                -12.8746232
              ],
              [
                -73.5519911,
                -12.8771334
              ],
              [
                -73.5492446,
                -12.8809823
              ],
              [
                -73.5420348,
                -12.8868392
              ],
              [
                -73.5386016,
                -12.8901859
              ],
              [
                -73.5382582,
                -12.8921939
              ],
              [
                -73.5332801,
                -12.8950386
              ],
              [
                -73.5301901,
                -12.8968792
              ],
              [
                -73.5269286,
                -12.8995565
              ],
              [
                -73.5243537,
                -12.9007278
              ],
              [
                -73.523152,
                -12.9045763
              ],
              [
                -73.524182,
                -12.9075882
              ],
              [
                -73.5269286,
                -12.9094287
              ],
              [
                -73.5293318,
                -12.9117712
              ],
              [
                -73.5319068,
                -12.9162889
              ],
              [
                -73.5344817,
                -12.9208064
              ],
              [
                -73.5339667,
                -12.9263277
              ],
              [
                -73.5315634,
                -12.9325182
              ],
              [
                -73.5286452,
                -12.9367008
              ],
              [
                -73.5243537,
                -12.9393777
              ],
              [
                -73.5202338,
                -12.9410507
              ],
              [
                -73.5162856,
                -12.9385412
              ],
              [
                -73.513024,
                -12.9360316
              ],
              [
                -73.5095908,
                -12.9341912
              ],
              [
                -73.5052992,
                -12.9328528
              ],
              [
                -73.5016944,
                -12.9328528
              ],
              [
                -73.4985938,
                -12.9315247
              ]
            ]
          ],
          [
            [
              [
                -74.769931,
                -12.2892689
              ],
              [
                -74.7697593,
                -12.2927912
              ],
              [
                -74.7682144,
                -12.2956425
              ],
              [
                -74.7670127,
                -12.2969843
              ],
              [
                -74.7635795,
                -12.2958102
              ],
              [
                -74.7627212,
                -12.2931266
              ],
              [
                -74.759288,
                -12.2917848
              ],
              [
                -74.7584297,
                -12.2934621
              ],
              [
                -74.7580863,
                -12.2951393
              ],
              [
                -74.7561981,
                -12.2969843
              ],
              [
                -74.7527648,
                -12.297152
              ],
              [
                -74.7500183,
                -12.2974874
              ],
              [
                -74.747615,
                -12.2996678
              ],
              [
                -74.7467567,
                -12.3008419
              ],
              [
                -74.7443534,
                -12.3030222
              ],
              [
                -74.7426368,
                -12.3005064
              ],
              [
                -74.7405769,
                -12.2995001
              ],
              [
                -74.7392036,
                -12.2998356
              ],
              [
                -74.7383453,
                -12.3016805
              ],
              [
                -74.7368003,
                -12.3033577
              ],
              [
                -74.735427,
                -12.3033577
              ],
              [
                -74.7331954,
                -12.3020159
              ],
              [
                -74.7321655,
                -12.301345
              ],
              [
                -74.7297622,
                -12.3011773
              ],
              [
                -74.727359,
                -12.3011773
              ],
              [
                -74.7251274,
                -12.301345
              ],
              [
                -74.7234107,
                -12.3030222
              ],
              [
                -74.7216941,
                -12.3033577
              ],
              [
                -74.7196342,
                -12.305538
              ],
              [
                -74.7177459,
                -12.3073829
              ],
              [
                -74.7160293,
                -12.3073829
              ],
              [
                -74.7134544,
                -12.3077183
              ],
              [
                -74.7095062,
                -12.3070475
              ],
              [
                -74.7052146,
                -12.3058734
              ],
              [
                -74.7017814,
                -12.3052026
              ],
              [
                -74.7007514,
                -12.3035254
              ],
              [
                -74.7004081,
                -12.3023514
              ],
              [
                -74.7002365,
                -12.3008419
              ],
              [
                -74.7010948,
                -12.2988292
              ],
              [
                -74.7019531,
                -12.2969843
              ],
              [
                -74.7009231,
                -12.2948039
              ],
              [
                -74.6998931,
                -12.294133
              ],
              [
                -74.6974899,
                -12.2934621
              ],
              [
                -74.6969749,
                -12.2924557
              ],
              [
                -74.6973182,
                -12.2912816
              ],
              [
                -74.6966316,
                -12.2897721
              ],
              [
                -74.6937133,
                -12.2891012
              ],
              [
                -74.6907951,
                -12.2869207
              ],
              [
                -74.6895935,
                -12.2857466
              ],
              [
                -74.6877052,
                -12.2862498
              ],
              [
                -74.6858169,
                -12.2880948
              ],
              [
                -74.6846153,
                -12.2909462
              ],
              [
                -74.6823837,
                -12.2936298
              ],
              [
                -74.6791221,
                -12.2981583
              ],
              [
                -74.6758605,
                -12.300171
              ],
              [
                -74.6744873,
                -12.3023514
              ],
              [
                -74.6738006,
                -12.3048671
              ],
              [
                -74.6756889,
                -12.3075506
              ],
              [
                -74.6768905,
                -12.3097309
              ],
              [
                -74.6770622,
                -12.3120789
              ],
              [
                -74.6746589,
                -12.312582
              ],
              [
                -74.6713974,
                -12.312582
              ],
              [
                -74.6684791,
                -12.3132529
              ],
              [
                -74.6636726,
                -12.3139237
              ],
              [
                -74.6612693,
                -12.3147623
              ],
              [
                -74.6581794,
                -12.3147623
              ],
              [
                -74.6573211,
                -12.3157686
              ],
              [
                -74.6581794,
                -12.3181165
              ],
              [
                -74.6590377,
                -12.3197936
              ],
              [
                -74.6602394,
                -12.3228123
              ],
              [
                -74.6626426,
                -12.3253279
              ],
              [
                -74.6643592,
                -12.3266696
              ],
              [
                -74.6643592,
                -12.3285143
              ],
              [
                -74.6626426,
                -12.3308621
              ],
              [
                -74.6602394,
                -12.3325391
              ],
              [
                -74.6592094,
                -12.3360608
              ],
              [
                -74.6573211,
                -12.3382409
              ],
              [
                -74.6532012,
                -12.3390794
              ],
              [
                -74.6482231,
                -12.3392471
              ],
              [
                -74.6458198,
                -12.3407563
              ],
              [
                -74.6451332,
                -12.344781
              ],
              [
                -74.6434165,
                -12.3481348
              ],
              [
                -74.640155,
                -12.3498117
              ],
              [
                -74.6372367,
                -12.3506501
              ],
              [
                -74.6338035,
                -12.3533331
              ],
              [
                -74.6303703,
                -12.3561838
              ],
              [
                -74.6291687,
                -12.3586991
              ],
              [
                -74.630027,
                -12.3622204
              ],
              [
                -74.6303703,
                -12.3650709
              ],
              [
                -74.6303703,
                -12.3675861
              ],
              [
                -74.6277954,
                -12.3690952
              ],
              [
                -74.6240188,
                -12.3690952
              ],
              [
                -74.6211006,
                -12.3675861
              ],
              [
                -74.6185256,
                -12.3644002
              ],
              [
                -74.616294,
                -12.3622204
              ],
              [
                -74.6121742,
                -12.3615497
              ],
              [
                -74.6059944,
                -12.361382
              ],
              [
                -74.6025611,
                -12.3610466
              ],
              [
                -74.5999862,
                -12.3610466
              ],
              [
                -74.5963813,
                -12.3620527
              ],
              [
                -74.5924331,
                -12.3640649
              ],
              [
                -74.5883132,
                -12.3652386
              ],
              [
                -74.5847084,
                -12.3677538
              ],
              [
                -74.5814468,
                -12.3709397
              ],
              [
                -74.5787002,
                -12.3736225
              ],
              [
                -74.575267,
                -12.3742931
              ],
              [
                -74.5721771,
                -12.3726164
              ],
              [
                -74.5704605,
                -12.3699336
              ],
              [
                -74.5682289,
                -12.3667477
              ],
              [
                -74.5677139,
                -12.3642325
              ],
              [
                -74.5659973,
                -12.361885
              ],
              [
                -74.5632507,
                -12.3623881
              ],
              [
                -74.5613624,
                -12.3649033
              ],
              [
                -74.5581008,
                -12.3670831
              ],
              [
                -74.5568992,
                -12.3690952
              ],
              [
                -74.554496,
                -12.3719457
              ],
              [
                -74.551406,
                -12.3739578
              ],
              [
                -74.5479728,
                -12.3751315
              ],
              [
                -74.5483161,
                -12.3778143
              ],
              [
                -74.5483161,
                -12.381
              ],
              [
                -74.5479728,
                -12.3843534
              ],
              [
                -74.5467712,
                -12.3868684
              ],
              [
                -74.5448829,
                -12.387539
              ],
              [
                -74.5429946,
                -12.3878743
              ],
              [
                -74.5419647,
                -12.3898863
              ],
              [
                -74.5402481,
                -12.39106
              ],
              [
                -74.5388748,
                -12.3947485
              ],
              [
                -74.5392181,
                -12.3962574
              ],
              [
                -74.5392181,
                -12.3992753
              ],
              [
                -74.5383598,
                -12.4021255
              ],
              [
                -74.5366432,
                -12.4044726
              ],
              [
                -74.5357849,
                -12.4063168
              ],
              [
                -74.5352699,
                -12.4088316
              ],
              [
                -74.5352699,
                -12.4106757
              ],
              [
                -74.5328666,
                -12.4121846
              ],
              [
                -74.5313217,
                -12.4130228
              ],
              [
                -74.5294334,
                -12.4125199
              ],
              [
                -74.5268585,
                -12.4108434
              ],
              [
                -74.5242836,
                -12.4096698
              ],
              [
                -74.5213653,
                -12.4096698
              ],
              [
                -74.519992,
                -12.4116816
              ],
              [
                -74.5187904,
                -12.4150346
              ],
              [
                -74.5175888,
                -12.4183875
              ],
              [
                -74.5169021,
                -12.4202316
              ],
              [
                -74.5169021,
                -12.4229139
              ],
              [
                -74.5174171,
                -12.4259315
              ],
              [
                -74.5165588,
                -12.4277755
              ],
              [
                -74.5167305,
                -12.430793
              ],
              [
                -74.5179321,
                -12.4319664
              ],
              [
                -74.520507,
                -12.4341457
              ],
              [
                -74.5211936,
                -12.4356544
              ],
              [
                -74.5213653,
                -12.4369955
              ],
              [
                -74.5191337,
                -12.4398452
              ],
              [
                -74.5169021,
                -12.4415215
              ],
              [
                -74.5139839,
                -12.4430302
              ],
              [
                -74.5110656,
                -12.4450417
              ],
              [
                -74.5078041,
                -12.4468856
              ],
              [
                -74.5062591,
                -12.4490648
              ],
              [
                -74.5035125,
                -12.4502381
              ],
              [
                -74.5014526,
                -12.4504058
              ],
              [
                -74.499221,
                -12.4487295
              ],
              [
                -74.4969894,
                -12.4472209
              ],
              [
                -74.4913246,
                -12.4462151
              ],
              [
                -74.4884063,
                -12.4462151
              ],
              [
                -74.4860031,
                -12.4452094
              ],
              [
                -74.4825698,
                -12.444036
              ],
              [
                -74.4799949,
                -12.4457122
              ],
              [
                -74.476905,
                -12.4457122
              ],
              [
                -74.4731285,
                -12.4443712
              ],
              [
                -74.4702102,
                -12.4442036
              ],
              [
                -74.4660903,
                -12.4455446
              ],
              [
                -74.4616271,
                -12.4472209
              ],
              [
                -74.4578506,
                -12.4458799
              ],
              [
                -74.4537307,
                -12.444036
              ],
              [
                -74.4520141,
                -12.4442036
              ],
              [
                -74.4496109,
                -12.4462151
              ],
              [
                -74.4477226,
                -12.448059
              ],
              [
                -74.4456626,
                -12.4485619
              ],
              [
                -74.443946,
                -12.4487295
              ],
              [
                -74.4415428,
                -12.4487295
              ],
              [
                -74.4401695,
                -12.4483943
              ],
              [
                -74.4382812,
                -12.4472209
              ],
              [
                -74.4358779,
                -12.4478914
              ],
              [
                -74.433303,
                -12.448059
              ],
              [
                -74.4308998,
                -12.4472209
              ],
              [
                -74.4291831,
                -12.4468856
              ],
              [
                -74.4266082,
                -12.4457122
              ],
              [
                -74.42472,
                -12.4457122
              ],
              [
                -74.4230033,
                -12.445377
              ],
              [
                -74.42163,
                -12.445377
              ],
              [
                -74.4180252,
                -12.448059
              ],
              [
                -74.4147636,
                -12.4504058
              ],
              [
                -74.4116737,
                -12.450741
              ],
              [
                -74.4092704,
                -12.4524173
              ],
              [
                -74.4080688,
                -12.4557697
              ],
              [
                -74.4065238,
                -12.4587869
              ],
              [
                -74.4056655,
                -12.4616364
              ],
              [
                -74.4039489,
                -12.463983
              ],
              [
                -74.401374,
                -12.4664972
              ],
              [
                -74.4017173,
                -12.4686762
              ],
              [
                -74.4027473,
                -12.471358
              ],
              [
                -74.4025756,
                -12.4730341
              ],
              [
                -74.4025756,
                -12.4747102
              ],
              [
                -74.4049789,
                -12.4770567
              ],
              [
                -74.4078971,
                -12.4778947
              ],
              [
                -74.4108154,
                -12.4797384
              ],
              [
                -74.4121887,
                -12.4824201
              ],
              [
                -74.4127037,
                -12.4857721
              ],
              [
                -74.4142486,
                -12.4891241
              ],
              [
                -74.4154502,
                -12.4918057
              ],
              [
                -74.4371797,
                -12.4940682
              ],
              [
                -74.4483377,
                -12.4922247
              ],
              [
                -74.4687654,
                -12.5138438
              ],
              [
                -74.4830133,
                -12.5481961
              ],
              [
                -74.5120243,
                -12.5813709
              ],
              [
                -74.5624927,
                -12.586397
              ],
              [
                -74.586182,
                -12.5582494
              ],
              [
                -74.5951084,
                -12.5548983
              ],
              [
                -74.5999149,
                -12.5602601
              ],
              [
                -74.5999149,
                -12.582041
              ],
              [
                -74.608498,
                -12.6222472
              ],
              [
                -74.6301273,
                -12.6369879
              ],
              [
                -74.639125,
                -12.6462844
              ],
              [
                -74.6363784,
                -12.6479593
              ],
              [
                -74.6344902,
                -12.6476243
              ],
              [
                -74.6320869,
                -12.6462844
              ],
              [
                -74.6303703,
                -12.6462844
              ],
              [
                -74.628482,
                -12.6494668
              ],
              [
                -74.6283103,
                -12.6511417
              ],
              [
                -74.6277954,
                -12.6538216
              ],
              [
                -74.6267654,
                -12.6565015
              ],
              [
                -74.6241905,
                -12.6573389
              ],
              [
                -74.6217872,
                -12.6590138
              ],
              [
                -74.6202423,
                -12.6611912
              ],
              [
                -74.6180107,
                -12.6642059
              ],
              [
                -74.6161224,
                -12.6665507
              ],
              [
                -74.6152641,
                -12.6688954
              ],
              [
                -74.6130325,
                -12.6719101
              ],
              [
                -74.6108009,
                -12.6737524
              ],
              [
                -74.6092559,
                -12.6752597
              ],
              [
                -74.6046211,
                -12.6794466
              ],
              [
                -74.6029045,
                -12.6787767
              ],
              [
                -74.6015312,
                -12.6774369
              ],
              [
                -74.6001579,
                -12.6759296
              ],
              [
                -74.5986129,
                -12.6750922
              ],
              [
                -74.5967247,
                -12.6747573
              ],
              [
                -74.5941497,
                -12.6750922
              ],
              [
                -74.5929481,
                -12.6774369
              ],
              [
                -74.5910598,
                -12.6772694
              ],
              [
                -74.5905448,
                -12.6806189
              ],
              [
                -74.5898582,
                -12.6836334
              ],
              [
                -74.5893432,
                -12.6848057
              ],
              [
                -74.5891716,
                -12.6873178
              ],
              [
                -74.5902592,
                -12.6889853
              ],
              [
                -74.5903732,
                -12.68916
              ],
              [
                -74.5920898,
                -12.6906672
              ],
              [
                -74.5910598,
                -12.6928443
              ],
              [
                -74.5884849,
                -12.6928443
              ],
              [
                -74.6106435,
                -12.6997103
              ],
              [
                -74.6411562,
                -12.7070786
              ],
              [
                -74.6557475,
                -12.6937236
              ],
              [
                -74.6866895,
                -12.6910859
              ],
              [
                -74.7147561,
                -12.6973659
              ],
              [
                -74.7635938,
                -12.6921745
              ],
              [
                -74.8934558,
                -12.6979517
              ],
              [
                -74.9644376,
                -12.7035619
              ],
              [
                -74.9660684,
                -12.709088
              ],
              [
                -74.9713899,
                -12.7104277
              ],
              [
                -74.9726773,
                -12.7143628
              ],
              [
                -74.9767972,
                -12.7184654
              ],
              [
                -74.9821187,
                -12.7159536
              ],
              [
                -74.9855519,
                -12.7160374
              ],
              [
                -74.9915601,
                -12.7229865
              ],
              [
                -74.9934483,
                -12.7264191
              ],
              [
                -74.9965382,
                -12.7279261
              ],
              [
                -74.9983407,
                -12.7296842
              ],
              [
                -74.9982763,
                -12.7311913
              ],
              [
                -74.9982549,
                -12.7327819
              ],
              [
                -75.0008298,
                -12.7357121
              ],
              [
                -75.0021172,
                -12.73454
              ],
              [
                -75.0027181,
                -12.7283447
              ],
              [
                -75.0045205,
                -12.7251633
              ],
              [
                -75.0090695,
                -12.721312
              ],
              [
                -75.0211717,
                -12.7224841
              ],
              [
                -75.0278664,
                -12.7238237
              ],
              [
                -75.032673,
                -12.7242423
              ],
              [
                -75.0351621,
                -12.7254982
              ],
              [
                -75.0405694,
                -12.7260005
              ],
              [
                -75.0447751,
                -12.728847
              ],
              [
                -75.0484658,
                -12.7281773
              ],
              [
                -75.0516416,
                -12.7311912
              ],
              [
                -75.0576497,
                -12.7368841
              ],
              [
                -75.069666,
                -12.7417398
              ],
              [
                -75.0730992,
                -12.7402329
              ],
              [
                -75.0769617,
                -12.7349585
              ],
              [
                -75.077305,
                -12.7274237
              ],
              [
                -75.0807382,
                -12.7224003
              ],
              [
                -75.0901796,
                -12.723405
              ],
              [
                -75.0989343,
                -12.7190514
              ],
              [
                -75.1025392,
                -12.7198886
              ],
              [
                -75.1027109,
                -12.7265865
              ],
              [
                -75.1088907,
                -12.7247446
              ],
              [
                -75.1126673,
                -12.7244097
              ],
              [
                -75.1167871,
                -12.7255818
              ],
              [
                -75.1202204,
                -12.7280935
              ],
              [
                -75.120392,
                -12.7359632
              ],
              [
                -75.1255419,
                -12.7441675
              ],
              [
                -75.13155,
                -12.7456744
              ],
              [
                -75.1301767,
                -12.7500275
              ],
              [
                -75.1282884,
                -12.7594034
              ],
              [
                -75.1226236,
                -12.7699508
              ],
              [
                -75.1149846,
                -12.7766474
              ],
              [
                -75.1161862,
                -12.7900399
              ],
              [
                -75.1273442,
                -12.7962337
              ],
              [
                -75.1375581,
                -12.8048545
              ],
              [
                -75.1488877,
                -12.8043524
              ],
              [
                -75.1725771,
                -12.8206725
              ],
              [
                -75.2477649,
                -12.8810899
              ],
              [
                -75.2604679,
                -12.8851061
              ],
              [
                -75.2642444,
                -12.8958155
              ],
              [
                -75.2807239,
                -12.9135521
              ],
              [
                -75.2944568,
                -12.9128828
              ],
              [
                -75.3140262,
                -12.9118789
              ],
              [
                -75.3342823,
                -12.9353027
              ],
              [
                -75.3607181,
                -12.9858237
              ],
              [
                -75.3565993,
                -13.036668
              ],
              [
                -75.2810683,
                -13.1891409
              ],
              [
                -75.2343764,
                -13.4123285
              ],
              [
                -75.0558485,
                -13.7687298
              ],
              [
                -74.7729499,
                -14.0899606
              ],
              [
                -74.7660831,
                -14.1062771
              ],
              [
                -74.7619632,
                -14.1185966
              ],
              [
                -74.7513202,
                -14.1442325
              ],
              [
                -74.443703,
                -14.5111383
              ],
              [
                -74.4083408,
                -14.5716214
              ],
              [
                -74.3952945,
                -14.589896
              ],
              [
                -74.3767551,
                -14.5991989
              ],
              [
                -73.8226325,
                -14.7031643
              ],
              [
                -73.3939935,
                -14.7123799
              ],
              [
                -73.3021559,
                -14.6726101
              ],
              [
                -73.2485976,
                -14.6420524
              ],
              [
                -73.0604567,
                -14.523767
              ],
              [
                -72.9490283,
                -14.4368647
              ],
              [
                -72.9240682,
                -14.4146674
              ],
              [
                -72.9288747,
                -14.4063543
              ],
              [
                -72.9319646,
                -14.3997037
              ],
              [
                -72.9326512,
                -14.3920552
              ],
              [
                -72.9288747,
                -14.3840739
              ],
              [
                -72.9247548,
                -14.3800831
              ],
              [
                -72.9237249,
                -14.3740969
              ],
              [
                -72.9254415,
                -14.3661149
              ],
              [
                -72.9285314,
                -14.362789
              ],
              [
                -72.9333379,
                -14.3544741
              ],
              [
                -72.939861,
                -14.3471567
              ],
              [
                -72.9446675,
                -14.339839
              ],
              [
                -72.9484441,
                -14.3328537
              ],
              [
                -72.9477574,
                -14.3265336
              ],
              [
                -72.950504,
                -14.3258683
              ],
              [
                -72.9508474,
                -14.3215438
              ],
              [
                -72.9559972,
                -14.3172193
              ],
              [
                -72.9625203,
                -14.3075719
              ],
              [
                -72.9711034,
                -14.2985896
              ],
              [
                -72.9779698,
                -14.2929338
              ],
              [
                -72.9817464,
                -14.2889414
              ],
              [
                -72.9855229,
                -14.2832854
              ],
              [
                -72.9906728,
                -14.28262
              ],
              [
                -72.9965093,
                -14.2806237
              ],
              [
                -73.0040624,
                -14.2769639
              ],
              [
                -73.0098989,
                -14.2696439
              ],
              [
                -73.0105855,
                -14.2616583
              ],
              [
                -73.0129888,
                -14.2553361
              ],
              [
                -73.016422,
                -14.2523413
              ],
              [
                -73.0208852,
                -14.2506775
              ],
              [
                -73.0219152,
                -14.2480154
              ],
              [
                -73.0274083,
                -14.2473499
              ],
              [
                -73.0370214,
                -14.2456861
              ],
              [
                -73.0383947,
                -14.2473499
              ],
              [
                -73.0411412,
                -14.2483482
              ],
              [
                -73.0449178,
                -14.2496792
              ],
              [
                -73.0490377,
                -14.2476827
              ],
              [
                -73.0517842,
                -14.2426912
              ],
              [
                -73.0531575,
                -14.2383651
              ],
              [
                -73.0500676,
                -14.2353701
              ],
              [
                -73.0541875,
                -14.2300456
              ],
              [
                -73.0552175,
                -14.2243881
              ],
              [
                -73.058994,
                -14.2220585
              ],
              [
                -73.0634572,
                -14.2193961
              ],
              [
                -73.0682637,
                -14.2154024
              ],
              [
                -73.0713536,
                -14.210743
              ],
              [
                -73.0761602,
                -14.207082
              ],
              [
                -73.0789067,
                -14.207082
              ],
              [
                -73.0840566,
                -14.2064164
              ],
              [
                -73.0874898,
                -14.2064164
              ],
              [
                -73.090923,
                -14.2050851
              ],
              [
                -73.0950119,
                -14.2030949
              ],
              [
                -73.0979301,
                -14.202762
              ],
              [
                -73.0999901,
                -14.2010979
              ],
              [
                -73.1034233,
                -14.2002658
              ],
              [
                -73.1059982,
                -14.2025956
              ],
              [
                -73.1087448,
                -14.2040934
              ],
              [
                -73.112178,
                -14.2044262
              ],
              [
                -73.1169845,
                -14.2030949
              ],
              [
                -73.1190445,
                -14.2034277
              ],
              [
                -73.1211044,
                -14.2044262
              ],
              [
                -73.1235077,
                -14.2055911
              ],
              [
                -73.1276275,
                -14.2057575
              ],
              [
                -73.1296875,
                -14.2045926
              ],
              [
                -73.1303741,
                -14.202762
              ],
              [
                -73.1314041,
                -14.2005986
              ],
              [
                -73.132949,
                -14.1997666
              ],
              [
                -73.135524,
                -14.1976031
              ],
              [
                -73.1367256,
                -14.1956061
              ],
              [
                -73.1382705,
                -14.1924441
              ],
              [
                -73.1391288,
                -14.1904471
              ],
              [
                -73.1417038,
                -14.1891157
              ],
              [
                -73.1417038,
                -14.1874514
              ],
              [
                -73.1420471,
                -14.1854543
              ],
              [
                -73.1437637,
                -14.1821257
              ],
              [
                -73.1442787,
                -14.1799621
              ],
              [
                -73.145652,
                -14.1787971
              ],
              [
                -73.1453087,
                -14.1767999
              ],
              [
                -73.1463386,
                -14.1738041
              ],
              [
                -73.146167,
                -14.1704754
              ],
              [
                -73.1465103,
                -14.1683117
              ],
              [
                -73.1454803,
                -14.1671466
              ],
              [
                -73.1453087,
                -14.160156
              ],
              [
                -73.1470253,
                -14.156827
              ],
              [
                -73.1489135,
                -14.1558284
              ],
              [
                -73.1494285,
                -14.1536645
              ],
              [
                -73.1494285,
                -14.1515006
              ],
              [
                -73.1511451,
                -14.148338
              ],
              [
                -73.1538917,
                -14.144676
              ],
              [
                -73.1566383,
                -14.1431779
              ],
              [
                -73.1576534,
                -14.1418356
              ],
              [
                -73.1585266,
                -14.140681
              ],
              [
                -73.1600715,
                -14.1405146
              ],
              [
                -73.1602432,
                -14.1375183
              ],
              [
                -73.1609298,
                -14.1356872
              ],
              [
                -73.1628181,
                -14.1323579
              ],
              [
                -73.1638481,
                -14.1283627
              ],
              [
                -73.1652214,
                -14.1268644
              ],
              [
                -73.1665947,
                -14.1256991
              ],
              [
                -73.1671096,
                -14.1228691
              ],
              [
                -73.1677963,
                -14.1200391
              ],
              [
                -73.1672813,
                -14.1167095
              ],
              [
                -73.1671096,
                -14.1145453
              ],
              [
                -73.1676246,
                -14.1125476
              ],
              [
                -73.1695129,
                -14.1097174
              ],
              [
                -73.1708862,
                -14.1093844
              ],
              [
                -73.1720878,
                -14.1078861
              ],
              [
                -73.1744911,
                -14.1065542
              ],
              [
                -73.1767227,
                -14.1048893
              ],
              [
                -73.1755211,
                -14.0998947
              ],
              [
                -73.177066,
                -14.0972309
              ],
              [
                -73.178096,
                -14.0960654
              ],
              [
                -73.1794693,
                -14.093568
              ],
              [
                -73.1798126,
                -14.092236
              ],
              [
                -73.1803276,
                -14.0907376
              ],
              [
                -73.1822159,
                -14.0889061
              ],
              [
                -73.1822159,
                -14.0864086
              ],
              [
                -73.1818725,
                -14.0847436
              ],
              [
                -73.1830742,
                -14.0837446
              ],
              [
                -73.1829025,
                -14.0827456
              ],
              [
                -73.1839325,
                -14.0807476
              ],
              [
                -73.1851341,
                -14.07825
              ],
              [
                -73.1858207,
                -14.0747534
              ],
              [
                -73.1870224,
                -14.0730883
              ],
              [
                -73.186679,
                -14.0715897
              ],
              [
                -73.1856491,
                -14.0700911
              ],
              [
                -73.1859924,
                -14.0682595
              ],
              [
                -73.1851341,
                -14.0672604
              ],
              [
                -73.1856491,
                -14.0662613
              ],
              [
                -73.1859924,
                -14.0635971
              ],
              [
                -73.1853058,
                -14.0615989
              ],
              [
                -73.1861641,
                -14.0605998
              ],
              [
                -73.1859924,
                -14.0591011
              ],
              [
                -73.1861641,
                -14.058102
              ],
              [
                -73.188224,
                -14.0571029
              ],
              [
                -73.1894256,
                -14.0559372
              ],
              [
                -73.1894256,
                -14.0534394
              ],
              [
                -73.189254,
                -14.051108
              ],
              [
                -73.1883957,
                -14.0482771
              ],
              [
                -73.1873657,
                -14.0452796
              ],
              [
                -73.1878807,
                -14.0424486
              ],
              [
                -73.1873657,
                -14.0412828
              ],
              [
                -73.1858207,
                -14.0386183
              ],
              [
                -73.1858207,
                -14.0376191
              ],
              [
                -73.1842758,
                -14.0374526
              ],
              [
                -73.1839325,
                -14.0362868
              ],
              [
                -73.1846191,
                -14.0352876
              ],
              [
                -73.1859924,
                -14.0327895
              ],
              [
                -73.1856491,
                -14.0296253
              ],
              [
                -73.1868507,
                -14.0277933
              ],
              [
                -73.1851341,
                -14.026461
              ],
              [
                -73.1851341,
                -14.0241294
              ],
              [
                -73.1856491,
                -14.0229635
              ],
              [
                -73.1851341,
                -14.0214646
              ],
              [
                -73.1854774,
                -14.0197992
              ],
              [
                -73.1861641,
                -14.0184668
              ],
              [
                -73.1870224,
                -14.0179671
              ],
              [
                -73.1868507,
                -14.0174675
              ],
              [
                -73.1863357,
                -14.0166347
              ],
              [
                -73.1854774,
                -14.0159685
              ],
              [
                -73.1851341,
                -14.0148027
              ],
              [
                -73.1851341,
                -14.0139699
              ],
              [
                -73.1848218,
                -14.0131126
              ],
              [
                -73.1844356,
                -14.0124672
              ],
              [
                -73.1840923,
                -14.0116344
              ],
              [
                -73.1834056,
                -14.0109682
              ],
              [
                -73.1818607,
                -14.0104686
              ],
              [
                -73.1813457,
                -14.0106351
              ],
              [
                -73.1791141,
                -14.0099689
              ],
              [
                -73.1779124,
                -14.0084699
              ],
              [
                -73.1768825,
                -14.0064712
              ],
              [
                -73.1772258,
                -14.0051387
              ],
              [
                -73.1768825,
                -14.0036397
              ],
              [
                -73.1760242,
                -14.0023072
              ],
              [
                -73.1767108,
                -14.0008082
              ],
              [
                -73.1760242,
                -13.9998088
              ],
              [
                -73.1765392,
                -13.9986429
              ],
              [
                -73.1758525,
                -13.9971438
              ],
              [
                -73.1755092,
                -13.9944787
              ],
              [
                -73.1758525,
                -13.9931462
              ],
              [
                -73.1751659,
                -13.9923134
              ],
              [
                -73.1737926,
                -13.9918137
              ],
              [
                -73.1724193,
                -13.9911474
              ],
              [
                -73.170016,
                -13.9894817
              ],
              [
                -73.1674411,
                -13.9888154
              ],
              [
                -73.1645229,
                -13.9881491
              ],
              [
                -73.1628062,
                -13.9881491
              ],
              [
                -73.1624629,
                -13.9861503
              ],
              [
                -73.1619479,
                -13.984318
              ],
              [
                -73.160918,
                -13.9828188
              ],
              [
                -73.160918,
                -13.9811531
              ],
              [
                -73.160403,
                -13.9786544
              ],
              [
                -73.159888,
                -13.9764889
              ],
              [
                -73.1581714,
                -13.9748231
              ],
              [
                -73.1573131,
                -13.9748231
              ],
              [
                -73.1566264,
                -13.9748231
              ],
              [
                -73.1550815,
                -13.9741568
              ],
              [
                -73.1545665,
                -13.9733239
              ],
              [
                -73.1543948,
                -13.9711583
              ],
              [
                -73.1535365,
                -13.9694924
              ],
              [
                -73.1537082,
                -13.9683264
              ],
              [
                -73.1543948,
                -13.9673268
              ],
              [
                -73.1564548,
                -13.9659941
              ],
              [
                -73.1567981,
                -13.9646614
              ],
              [
                -73.1579997,
                -13.9621626
              ],
              [
                -73.1581714,
                -13.9606633
              ],
              [
                -73.1592014,
                -13.9588308
              ],
              [
                -73.1567981,
                -13.9581644
              ],
              [
                -73.1547382,
                -13.9578312
              ],
              [
                -73.1531932,
                -13.9566651
              ],
              [
                -73.1521632,
                -13.9561653
              ],
              [
                -73.1511333,
                -13.9543328
              ],
              [
                -73.150275,
                -13.9531666
              ],
              [
                -73.1489017,
                -13.9533332
              ],
              [
                -73.1470134,
                -13.9533332
              ],
              [
                -73.1454684,
                -13.953
              ],
              [
                -73.1444385,
                -13.953
              ],
              [
                -73.1427219,
                -13.9523336
              ],
              [
                -73.1416919,
                -13.952167
              ],
              [
                -73.1408336,
                -13.9508342
              ],
              [
                -73.1410052,
                -13.9490017
              ],
              [
                -73.1411769,
                -13.9473357
              ],
              [
                -73.1404903,
                -13.94467
              ],
              [
                -73.1389453,
                -13.943837
              ],
              [
                -73.1374004,
                -13.9433372
              ],
              [
                -73.1365421,
                -13.9423376
              ],
              [
                -73.1353404,
                -13.9423376
              ],
              [
                -73.1339671,
                -13.9415046
              ],
              [
                -73.1320789,
                -13.9410048
              ],
              [
                -73.1305339,
                -13.9410048
              ],
              [
                -73.1288173,
                -13.9425042
              ],
              [
                -73.127444,
                -13.9443368
              ],
              [
                -73.126414,
                -13.94467
              ],
              [
                -73.1245258,
                -13.9445034
              ],
              [
                -73.1216075,
                -13.9440036
              ],
              [
                -73.1198909,
                -13.9440036
              ],
              [
                -73.1183459,
                -13.9431706
              ],
              [
                -73.117316,
                -13.9420044
              ],
              [
                -73.1164577,
                -13.9418378
              ],
              [
                -73.1145694,
                -13.9435038
              ],
              [
                -73.1128528,
                -13.9448366
              ],
              [
                -73.1119945,
                -13.9448366
              ],
              [
                -73.1114094,
                -13.9443788
              ],
              [
                -73.1105507,
                -13.9430489
              ],
              [
                -73.110336,
                -13.94292
              ],
              [
                -73.1100507,
                -13.9429316
              ],
              [
                -73.1088164,
                -13.9429805
              ],
              [
                -73.1077754,
                -13.9427266
              ],
              [
                -73.1069082,
                -13.9422695
              ],
              [
                -73.1060566,
                -13.9418222
              ],
              [
                -73.1053262,
                -13.9415781
              ],
              [
                -73.1039024,
                -13.9413652
              ],
              [
                -73.1020294,
                -13.9413222
              ],
              [
                -73.1018555,
                -13.9412735
              ],
              [
                -73.1018027,
                -13.9412579
              ],
              [
                -73.1006621,
                -13.9409356
              ],
              [
                -73.0997929,
                -13.940834
              ],
              [
                -73.0987735,
                -13.9407129
              ],
              [
                -73.0979316,
                -13.9404726
              ],
              [
                -73.0967832,
                -13.9403242
              ],
              [
                -73.0964024,
                -13.9402207
              ],
              [
                -73.0960215,
                -13.9399825
              ],
              [
                -73.0953419,
                -13.9388652
              ],
              [
                -73.0945819,
                -13.938166
              ],
              [
                -73.0938184,
                -13.9378145
              ],
              [
                -73.0934922,
                -13.9377364
              ],
              [
                -73.0922382,
                -13.9374356
              ],
              [
                -73.0909062,
                -13.9369297
              ],
              [
                -73.0903614,
                -13.9366582
              ],
              [
                -73.0891289,
                -13.9358145
              ],
              [
                -73.0887149,
                -13.9355937
              ],
              [
                -73.086502,
                -13.9349434
              ],
              [
                -73.0852637,
                -13.9340117
              ],
              [
                -73.0847617,
                -13.9336972
              ],
              [
                -73.0842597,
                -13.9334961
              ],
              [
                -73.0835625,
                -13.9333789
              ],
              [
                -73.0828164,
                -13.9335586
              ],
              [
                -73.0823867,
                -13.9338985
              ],
              [
                -73.081752,
                -13.9347441
              ],
              [
                -73.0812012,
                -13.9351719
              ],
              [
                -73.0804395,
                -13.9354551
              ],
              [
                -73.0796016,
                -13.9354825
              ],
              [
                -73.0789395,
                -13.9352989
              ],
              [
                -73.0787246,
                -13.9351035
              ],
              [
                -73.0784141,
                -13.9348222
              ],
              [
                -73.0780137,
                -13.9342989
              ],
              [
                -73.0776836,
                -13.9339805
              ],
              [
                -73.0764669,
                -13.9333594
              ],
              [
                -73.073957,
                -13.9327891
              ],
              [
                -73.0735684,
                -13.9326544
              ],
              [
                -73.0726679,
                -13.9326836
              ],
              [
                -73.0713204,
                -13.9327266
              ],
              [
                -73.0708672,
                -13.9326932
              ],
              [
                -73.0704414,
                -13.9325294
              ],
              [
                -73.0697851,
                -13.9320704
              ],
              [
                -73.0691972,
                -13.9314882
              ],
              [
                -73.0689336,
                -13.9309785
              ],
              [
                -73.0688535,
                -13.930334
              ],
              [
                -73.068961,
                -13.9298281
              ],
              [
                -73.0689941,
                -13.92967
              ],
              [
                -73.0689981,
                -13.928916
              ],
              [
                -73.0685059,
                -13.9272617
              ],
              [
                -73.0683047,
                -13.9263829
              ],
              [
                -73.0679316,
                -13.9255762
              ],
              [
                -73.0672989,
                -13.9250332
              ],
              [
                -73.0661466,
                -13.9246875
              ],
              [
                -73.0654649,
                -13.9242735
              ],
              [
                -73.0642482,
                -13.9230742
              ],
              [
                -73.0626601,
                -13.9217579
              ],
              [
                -73.0608809,
                -13.9206367
              ],
              [
                -73.0600976,
                -13.9200274
              ],
              [
                -73.0594805,
                -13.919336
              ],
              [
                -73.0582422,
                -13.9172207
              ],
              [
                -73.0576309,
                -13.9163965
              ],
              [
                -73.0567422,
                -13.9151972
              ],
              [
                -73.0563829,
                -13.9148281
              ],
              [
                -73.0556992,
                -13.9143965
              ],
              [
                -73.0553301,
                -13.9139785
              ],
              [
                -73.0551621,
                -13.913627
              ],
              [
                -73.0548496,
                -13.9125937
              ],
              [
                -73.0542754,
                -13.9117812
              ],
              [
                -73.0537891,
                -13.9108926
              ],
              [
                -73.0532969,
                -13.9104239
              ],
              [
                -73.0527794,
                -13.9102344
              ],
              [
                -73.0522461,
                -13.9102129
              ],
              [
                -73.0514766,
                -13.910336
              ],
              [
                -73.0511815,
                -13.910291
              ],
              [
                -73.0508945,
                -13.9101719
              ],
              [
                -73.0505097,
                -13.9098301
              ],
              [
                -73.0497149,
                -13.9088222
              ],
              [
                -73.0490959,
                -13.9082305
              ],
              [
                -73.0486094,
                -13.9076544
              ],
              [
                -73.048166,
                -13.9067167
              ],
              [
                -73.0476601,
                -13.9047969
              ],
              [
                -73.0471601,
                -13.9041152
              ],
              [
                -73.0461524,
                -13.9030371
              ],
              [
                -73.0459121,
                -13.9026797
              ],
              [
                -73.0454981,
                -13.9008007
              ],
              [
                -73.0453535,
                -13.9004805
              ],
              [
                -73.04458,
                -13.8987811
              ],
              [
                -73.0439044,
                -13.895711
              ],
              [
                -73.0433632,
                -13.8945117
              ],
              [
                -73.0430079,
                -13.8934512
              ],
              [
                -73.0425566,
                -13.8927969
              ],
              [
                -73.042252,
                -13.8925957
              ],
              [
                -73.041535,
                -13.8924687
              ],
              [
                -73.0396485,
                -13.8926876
              ],
              [
                -73.0388731,
                -13.8926426
              ],
              [
                -73.0383985,
                -13.8925312
              ],
              [
                -73.0379785,
                -13.8921525
              ],
              [
                -73.0378066,
                -13.8913906
              ],
              [
                -73.0377461,
                -13.8911211
              ],
              [
                -73.0375039,
                -13.8907774
              ],
              [
                -73.036836,
                -13.8903106
              ],
              [
                -73.0348985,
                -13.8892715
              ],
              [
                -73.0331425,
                -13.8876739
              ],
              [
                -73.0322617,
                -13.8872735
              ],
              [
                -73.0302402,
                -13.8868301
              ],
              [
                -73.0298614,
                -13.8867461
              ],
              [
                -73.0290899,
                -13.8864844
              ],
              [
                -73.0276757,
                -13.8856035
              ],
              [
                -73.0272226,
                -13.8850762
              ],
              [
                -73.0261387,
                -13.8832149
              ],
              [
                -73.0260235,
                -13.8826367
              ],
              [
                -73.0255507,
                -13.8812579
              ],
              [
                -73.0254434,
                -13.8801582
              ],
              [
                -73.0255606,
                -13.8796934
              ],
              [
                -73.025836,
                -13.8791094
              ],
              [
                -73.0266816,
                -13.8781544
              ],
              [
                -73.0271972,
                -13.8773496
              ],
              [
                -73.0276912,
                -13.8755215
              ],
              [
                -73.0277589,
                -13.8746369
              ],
              [
                -73.0278399,
                -13.8736922
              ],
              [
                -73.027625,
                -13.8725332
              ],
              [
                -73.0271406,
                -13.8716972
              ],
              [
                -73.0265625,
                -13.8703594
              ],
              [
                -73.0261914,
                -13.8680039
              ],
              [
                -73.0259981,
                -13.867336
              ],
              [
                -73.0253086,
                -13.8649825
              ],
              [
                -73.0248642,
                -13.8636389
              ],
              [
                -73.0241905,
                -13.8624689
              ],
              [
                -73.0233242,
                -13.8619082
              ],
              [
                -73.0220631,
                -13.8614406
              ],
              [
                -73.0210704,
                -13.8607492
              ],
              [
                -73.0203666,
                -13.8605009
              ],
              [
                -73.019291,
                -13.8601211
              ],
              [
                -73.0182619,
                -13.8595965
              ],
              [
                -73.0176692,
                -13.8593686
              ],
              [
                -73.0167301,
                -13.8594376
              ],
              [
                -73.0150281,
                -13.8595625
              ],
              [
                -73.0137285,
                -13.859496
              ],
              [
                -73.0127382,
                -13.8594454
              ],
              [
                -73.0115236,
                -13.8597446
              ],
              [
                -73.0113906,
                -13.8597774
              ],
              [
                -73.0107129,
                -13.8600311
              ],
              [
                -73.0104532,
                -13.8601289
              ],
              [
                -73.0097461,
                -13.8602695
              ],
              [
                -73.0091797,
                -13.8605039
              ],
              [
                -73.008569,
                -13.8606787
              ],
              [
                -73.0082382,
                -13.8607735
              ],
              [
                -73.0073536,
                -13.860875
              ],
              [
                -73.0068945,
                -13.8608672
              ],
              [
                -73.00603,
                -13.8609619
              ],
              [
                -73.0050272,
                -13.8609507
              ],
              [
                -73.0045631,
                -13.8608542
              ],
              [
                -73.0038846,
                -13.860439
              ],
              [
                -73.003501,
                -13.8602042
              ],
              [
                -73.0027545,
                -13.8597475
              ],
              [
                -73.001607,
                -13.8597362
              ],
              [
                -73.0006489,
                -13.8600147
              ],
              [
                -73.0000739,
                -13.8604201
              ],
              [
                -72.9993577,
                -13.861537
              ],
              [
                -72.9992454,
                -13.861696
              ],
              [
                -72.9989385,
                -13.8621301
              ],
              [
                -72.9974985,
                -13.8626494
              ],
              [
                -72.9967577,
                -13.8626839
              ],
              [
                -72.996197,
                -13.8626355
              ],
              [
                -72.9953109,
                -13.8624209
              ],
              [
                -72.9948055,
                -13.8621094
              ],
              [
                -72.9942309,
                -13.8618809
              ],
              [
                -72.993054,
                -13.8615416
              ],
              [
                -72.9926732,
                -13.8613409
              ],
              [
                -72.9920846,
                -13.8609379
              ],
              [
                -72.9919504,
                -13.8608947
              ],
              [
                -72.9913786,
                -13.8607109
              ],
              [
                -72.9910037,
                -13.8607271
              ],
              [
                -72.9905756,
                -13.8607455
              ],
              [
                -72.989288,
                -13.8609741
              ],
              [
                -72.9887306,
                -13.860996
              ],
              [
                -72.9876211,
                -13.8611601
              ],
              [
                -72.9871664,
                -13.8612857
              ],
              [
                -72.9870975,
                -13.8613047
              ],
              [
                -72.9868399,
                -13.861377
              ],
              [
                -72.9860957,
                -13.8616934
              ],
              [
                -72.9854377,
                -13.8618432
              ],
              [
                -72.9851954,
                -13.8618985
              ],
              [
                -72.9844796,
                -13.8618445
              ],
              [
                -72.9841822,
                -13.8616957
              ],
              [
                -72.9838974,
                -13.8614107
              ],
              [
                -72.9837734,
                -13.8609895
              ],
              [
                -72.9836162,
                -13.8595854
              ],
              [
                -72.9834315,
                -13.8591087
              ],
              [
                -72.98303,
                -13.8584249
              ],
              [
                -72.9827291,
                -13.8580684
              ],
              [
                -72.9823485,
                -13.8576531
              ],
              [
                -72.9821644,
                -13.857452
              ],
              [
                -72.9816154,
                -13.8571054
              ],
              [
                -72.9812499,
                -13.8569451
              ],
              [
                -72.9809122,
                -13.8567971
              ],
              [
                -72.9805991,
                -13.8563054
              ],
              [
                -72.9804692,
                -13.8558341
              ],
              [
                -72.9804939,
                -13.8552941
              ],
              [
                -72.980751,
                -13.8549026
              ],
              [
                -72.9812494,
                -13.853927
              ],
              [
                -72.9818752,
                -13.8531873
              ],
              [
                -72.9818752,
                -13.8513539
              ],
              [
                -72.9827335,
                -13.8481872
              ],
              [
                -72.9834201,
                -13.8478538
              ],
              [
                -72.9835918,
                -13.8458538
              ],
              [
                -72.9823901,
                -13.8443537
              ],
              [
                -72.9798152,
                -13.8438537
              ],
              [
                -72.9777553,
                -13.8421869
              ],
              [
                -72.9777553,
                -13.8411868
              ],
              [
                -72.9765536,
                -13.8400201
              ],
              [
                -72.9755237,
                -13.83852
              ],
              [
                -72.9741504,
                -13.8371866
              ],
              [
                -72.9727771,
                -13.8363532
              ],
              [
                -72.9714038,
                -13.8358531
              ],
              [
                -72.9707172,
                -13.834353
              ],
              [
                -72.9696872,
                -13.8320194
              ],
              [
                -72.9691722,
                -13.8301859
              ],
              [
                -72.9684856,
                -13.8291858
              ],
              [
                -72.9679706,
                -13.8276856
              ],
              [
                -72.9677989,
                -13.8261855
              ],
              [
                -72.9681422,
                -13.8241852
              ],
              [
                -72.9671123,
                -13.8215182
              ],
              [
                -72.9660823,
                -13.820518
              ],
              [
                -72.9635074,
                -13.8198512
              ],
              [
                -72.9623058,
                -13.8173508
              ],
              [
                -72.9609325,
                -13.8146837
              ],
              [
                -72.9600742,
                -13.8120166
              ],
              [
                -72.9599025,
                -13.8096828
              ],
              [
                -72.9595592,
                -13.807349
              ],
              [
                -72.9597308,
                -13.8055153
              ],
              [
                -72.9597308,
                -13.8043484
              ],
              [
                -72.9595592,
                -13.8035148
              ],
              [
                -72.9602458,
                -13.8016811
              ],
              [
                -72.9604175,
                -13.8008476
              ],
              [
                -72.9588725,
                -13.7985137
              ],
              [
                -72.9588725,
                -13.7960131
              ],
              [
                -72.9576709,
                -13.7955129
              ],
              [
                -72.9571559,
                -13.7945127
              ],
              [
                -72.9569843,
                -13.7926789
              ],
              [
                -72.9561259,
                -13.7918453
              ],
              [
                -72.953551,
                -13.7906783
              ],
              [
                -72.9520061,
                -13.7903449
              ],
              [
                -72.9480579,
                -13.788511
              ],
              [
                -72.9442813,
                -13.7865104
              ],
              [
                -72.942393,
                -13.7845098
              ],
              [
                -72.9410197,
                -13.7831761
              ],
              [
                -72.9386165,
                -13.7818424
              ],
              [
                -72.9376496,
                -13.7802607
              ],
              [
                -72.936609,
                -13.7789629
              ],
              [
                -72.9354616,
                -13.7766965
              ],
              [
                -72.9354046,
                -13.7765634
              ],
              [
                -72.93523,
                -13.7761561
              ],
              [
                -72.935219,
                -13.7754612
              ],
              [
                -72.935476,
                -13.7746282
              ],
              [
                -72.9355387,
                -13.7744246
              ],
              [
                -72.9355609,
                -13.773785
              ],
              [
                -72.9355161,
                -13.7735391
              ],
              [
                -72.9354065,
                -13.7729357
              ],
              [
                -72.9351639,
                -13.7720976
              ],
              [
                -72.934822,
                -13.7716232
              ],
              [
                -72.9343036,
                -13.771105
              ],
              [
                -72.9334765,
                -13.7705977
              ],
              [
                -72.9328589,
                -13.7703111
              ],
              [
                -72.9321922,
                -13.7701277
              ],
              [
                -72.9314251,
                -13.7699691
              ],
              [
                -72.9304657,
                -13.7697706
              ],
              [
                -72.9294732,
                -13.7695169
              ],
              [
                -72.92826,
                -13.7690647
              ],
              [
                -72.927477,
                -13.7686457
              ],
              [
                -72.9266499,
                -13.7677965
              ],
              [
                -72.9261977,
                -13.7670906
              ],
              [
                -72.925558,
                -13.7656349
              ],
              [
                -72.9254782,
                -13.7652687
              ],
              [
                -72.9253705,
                -13.7647747
              ],
              [
                -72.925536,
                -13.7615654
              ],
              [
                -72.9254809,
                -13.7603634
              ],
              [
                -72.9254327,
                -13.7600749
              ],
              [
                -72.9254036,
                -13.7599001
              ],
              [
                -72.9252382,
                -13.7594369
              ],
              [
                -72.9245765,
                -13.7584004
              ],
              [
                -72.9243119,
                -13.7576612
              ],
              [
                -72.9242034,
                -13.7570902
              ],
              [
                -72.9241464,
                -13.7567901
              ],
              [
                -72.9241767,
                -13.7547296
              ],
              [
                -72.9241795,
                -13.7545402
              ],
              [
                -72.9240802,
                -13.7538014
              ],
              [
                -72.9236832,
                -13.7531617
              ],
              [
                -72.9233304,
                -13.7523787
              ],
              [
                -72.9227899,
                -13.7504597
              ],
              [
                -72.9226686,
                -13.7497539
              ],
              [
                -72.9226465,
                -13.7488826
              ],
              [
                -72.9229112,
                -13.7467431
              ],
              [
                -72.922768,
                -13.7460704
              ],
              [
                -72.9222605,
                -13.7449896
              ],
              [
                -72.9219987,
                -13.7443476
              ],
              [
                -72.92203,
                -13.7440517
              ],
              [
                -72.922073,
                -13.7436441
              ],
              [
                -72.922437,
                -13.742773
              ],
              [
                -72.9229001,
                -13.7418796
              ],
              [
                -72.923031,
                -13.7413427
              ],
              [
                -72.9230456,
                -13.7409177
              ],
              [
                -72.9230546,
                -13.7406555
              ],
              [
                -72.9229389,
                -13.740189
              ],
              [
                -72.9227569,
                -13.7394534
              ],
              [
                -72.9227317,
                -13.7387715
              ],
              [
                -72.9227127,
                -13.7382512
              ],
              [
                -72.9227237,
                -13.7366741
              ],
              [
                -72.9222495,
                -13.734645
              ],
              [
                -72.9221171,
                -13.7325605
              ],
              [
                -72.9220951,
                -13.7304431
              ],
              [
                -72.9219407,
                -13.7296931
              ],
              [
                -72.9214555,
                -13.7279176
              ],
              [
                -72.9214156,
                -13.727448
              ],
              [
                -72.9214096,
                -13.7273791
              ],
              [
                -72.9216431,
                -13.7267706
              ],
              [
                -72.9218966,
                -13.7261089
              ],
              [
                -72.9222656,
                -13.7254515
              ],
              [
                -72.9225031,
                -13.7250281
              ],
              [
                -72.922845,
                -13.7242671
              ],
              [
                -72.9229001,
                -13.7234731
              ],
              [
                -72.922845,
                -13.7221937
              ],
              [
                -72.9225582,
                -13.7210579
              ],
              [
                -72.9221171,
                -13.7201976
              ],
              [
                -72.9214775,
                -13.7195249
              ],
              [
                -72.920893,
                -13.718797
              ],
              [
                -72.9204187,
                -13.7184221
              ],
              [
                -72.9198342,
                -13.7178045
              ],
              [
                -72.9183565,
                -13.7170545
              ],
              [
                -72.917783,
                -13.7167016
              ],
              [
                -72.917397,
                -13.7162605
              ],
              [
                -72.9171985,
                -13.7158855
              ],
              [
                -72.9170441,
                -13.7146392
              ],
              [
                -72.9167794,
                -13.714154
              ],
              [
                -72.9165147,
                -13.7138011
              ],
              [
                -72.9161176,
                -13.7127094
              ],
              [
                -72.9160405,
                -13.7121469
              ],
              [
                -72.9159632,
                -13.7106801
              ],
              [
                -72.9158116,
                -13.7100407
              ],
              [
                -72.9154009,
                -13.7091692
              ],
              [
                -72.915103,
                -13.7084082
              ],
              [
                -72.9149156,
                -13.7075701
              ],
              [
                -72.9148484,
                -13.7065925
              ],
              [
                -72.9149156,
                -13.705629
              ],
              [
                -72.9149571,
                -13.7050335
              ],
              [
                -72.9149817,
                -13.7046806
              ],
              [
                -72.9148106,
                -13.7028691
              ],
              [
                -72.9146045,
                -13.7017712
              ],
              [
                -72.9142519,
                -13.7009885
              ],
              [
                -72.9137874,
                -13.7003176
              ],
              [
                -72.9130972,
                -13.6995812
              ],
              [
                -72.9127104,
                -13.6973357
              ],
              [
                -72.9124961,
                -13.696093
              ],
              [
                -72.9124867,
                -13.6960387
              ],
              [
                -72.9125106,
                -13.6947062
              ],
              [
                -72.9126534,
                -13.6934212
              ],
              [
                -72.9129389,
                -13.6924219
              ],
              [
                -72.9130877,
                -13.6920841
              ],
              [
                -72.9139145,
                -13.690209
              ],
              [
                -72.9141711,
                -13.6897206
              ],
              [
                -72.9146521,
                -13.6888051
              ],
              [
                -72.9153184,
                -13.688353
              ],
              [
                -72.9165919,
                -13.6881532
              ],
              [
                -72.9188665,
                -13.6873389
              ],
              [
                -72.9190381,
                -13.6856711
              ],
              [
                -72.9192098,
                -13.6836696
              ],
              [
                -72.9192098,
                -13.6821685
              ],
              [
                -72.9205831,
                -13.680167
              ],
              [
                -72.9212697,
                -13.679333
              ],
              [
                -72.922643,
                -13.6784991
              ],
              [
                -72.922643,
                -13.6778319
              ],
              [
                -72.923673,
                -13.6769979
              ],
              [
                -72.9248746,
                -13.676164
              ],
              [
                -72.9257329,
                -13.6743292
              ],
              [
                -72.9272779,
                -13.6726613
              ],
              [
                -72.9291661,
                -13.6729949
              ],
              [
                -72.9305394,
                -13.6731617
              ],
              [
                -72.9317411,
                -13.6721609
              ],
              [
                -72.9331144,
                -13.6709933
              ],
              [
                -72.9341443,
                -13.6701593
              ],
              [
                -72.9355176,
                -13.6694921
              ],
              [
                -72.9363759,
                -13.6681577
              ],
              [
                -72.9363759,
                -13.6671569
              ],
              [
                -72.9367192,
                -13.6651553
              ],
              [
                -72.9375776,
                -13.6633205
              ],
              [
                -72.9392942,
                -13.6598176
              ],
              [
                -72.9399808,
                -13.6583163
              ],
              [
                -72.9415258,
                -13.6574823
              ],
              [
                -72.9437574,
                -13.656815
              ],
              [
                -72.9447013,
                -13.6563707
              ],
              [
                -72.9441863,
                -13.654369
              ],
              [
                -72.9448408,
                -13.6523465
              ],
              [
                -72.9469329,
                -13.6498651
              ],
              [
                -72.9477912,
                -13.6486974
              ],
              [
                -72.9491645,
                -13.6475297
              ],
              [
                -72.9508811,
                -13.646362
              ],
              [
                -72.9517394,
                -13.6448607
              ],
              [
                -72.9519111,
                -13.6435261
              ],
              [
                -72.9525978,
                -13.6423584
              ],
              [
                -72.9534561,
                -13.6401898
              ],
              [
                -72.9541427,
                -13.6388552
              ],
              [
                -72.9558593,
                -13.6373538
              ],
              [
                -72.9575759,
                -13.6368533
              ],
              [
                -72.9592925,
                -13.6346846
              ],
              [
                -72.9606658,
                -13.634351
              ],
              [
                -72.9623825,
                -13.6338505
              ],
              [
                -72.9654724,
                -13.6331832
              ],
              [
                -72.9673606,
                -13.6330164
              ],
              [
                -72.9707939,
                -13.6311813
              ],
              [
                -72.9731971,
                -13.629513
              ],
              [
                -72.9754287,
                -13.6281784
              ],
              [
                -72.976802,
                -13.6281784
              ],
              [
                -72.9781753,
                -13.6271775
              ],
              [
                -72.9788619,
                -13.6253423
              ],
              [
                -72.9800636,
                -13.6238409
              ],
              [
                -72.9809219,
                -13.6218389
              ],
              [
                -72.9836685,
                -13.6200037
              ],
              [
                -72.9862434,
                -13.6183354
              ],
              [
                -72.9871017,
                -13.6163333
              ],
              [
                -72.9871017,
                -13.6143313
              ],
              [
                -72.9891616,
                -13.6134971
              ],
              [
                -72.9893333,
                -13.611495
              ],
              [
                -72.9913932,
                -13.6094929
              ],
              [
                -72.9929382,
                -13.6069903
              ],
              [
                -72.9929382,
                -13.6053218
              ],
              [
                -72.9967147,
                -13.6039871
              ],
              [
                -72.9970581,
                -13.6024855
              ],
              [
                -72.997573,
                -13.6003165
              ],
              [
                -72.999118,
                -13.598648
              ],
              [
                -72.9998046,
                -13.5966458
              ],
              [
                -73.0011779,
                -13.5939762
              ],
              [
                -73.0027229,
                -13.5916402
              ],
              [
                -73.0042678,
                -13.5898048
              ],
              [
                -73.0054695,
                -13.5863008
              ],
              [
                -73.0071861,
                -13.5834642
              ],
              [
                -73.009246,
                -13.5824631
              ],
              [
                -73.010791,
                -13.5802939
              ],
              [
                -73.0128509,
                -13.5786252
              ],
              [
                -73.0145675,
                -13.5751211
              ],
              [
                -73.0166274,
                -13.5679457
              ],
              [
                -73.0155975,
                -13.5656095
              ],
              [
                -73.0152542,
                -13.5641077
              ],
              [
                -73.0135375,
                -13.5622721
              ],
              [
                -73.0131942,
                -13.5604364
              ],
              [
                -73.0138809,
                -13.5587677
              ],
              [
                -73.0159408,
                -13.5584339
              ],
              [
                -73.0166274,
                -13.5564314
              ],
              [
                -73.019889,
                -13.5540951
              ],
              [
                -73.0238372,
                -13.5539282
              ],
              [
                -73.0270988,
                -13.555597
              ],
              [
                -73.0293304,
                -13.555597
              ],
              [
                -73.0317336,
                -13.5554301
              ],
              [
                -73.0341369,
                -13.5557639
              ],
              [
                -73.0356819,
                -13.5557639
              ],
              [
                -73.0387718,
                -13.554262
              ],
              [
                -73.0392867,
                -13.5520925
              ],
              [
                -73.0404884,
                -13.5489217
              ],
              [
                -73.04066,
                -13.5465853
              ],
              [
                -73.04169,
                -13.545584
              ],
              [
                -73.0423767,
                -13.5432476
              ],
              [
                -73.0434066,
                -13.5407443
              ],
              [
                -73.0444366,
                -13.5389085
              ],
              [
                -73.0449516,
                -13.5364051
              ],
              [
                -73.0458099,
                -13.5342355
              ],
              [
                -73.0466682,
                -13.5307307
              ],
              [
                -73.0480415,
                -13.5282272
              ],
              [
                -73.0497581,
                -13.5270589
              ],
              [
                -73.0514747,
                -13.5253899
              ],
              [
                -73.0530197,
                -13.5243885
              ],
              [
                -73.0562812,
                -13.523554
              ],
              [
                -73.0602294,
                -13.5230533
              ],
              [
                -73.0614311,
                -13.5223857
              ],
              [
                -73.062976,
                -13.5210505
              ],
              [
                -73.0652076,
                -13.5198821
              ],
              [
                -73.0665809,
                -13.5187138
              ],
              [
                -73.0677825,
                -13.5167109
              ],
              [
                -73.0712158,
                -13.5152088
              ],
              [
                -73.074134,
                -13.5135397
              ],
              [
                -73.0770523,
                -13.5122044
              ],
              [
                -73.0804855,
                -13.5102015
              ],
              [
                -73.086322,
                -13.5075309
              ],
              [
                -73.0897552,
                -13.5060287
              ],
              [
                -73.1022865,
                -13.5006873
              ],
              [
                -73.1043464,
                -13.4995189
              ],
              [
                -73.106578,
                -13.4985174
              ],
              [
                -73.1098396,
                -13.4953459
              ],
              [
                -73.1117279,
                -13.493009
              ],
              [
                -73.1134445,
                -13.4915067
              ],
              [
                -73.1149894,
                -13.4898374
              ],
              [
                -73.1185943,
                -13.4890028
              ],
              [
                -73.1213409,
                -13.488502
              ],
              [
                -73.1246025,
                -13.4876674
              ],
              [
                -73.1268341,
                -13.4871666
              ],
              [
                -73.128379,
                -13.486332
              ],
              [
                -73.1295806,
                -13.4834942
              ],
              [
                -73.1309539,
                -13.4813241
              ],
              [
                -73.1323272,
                -13.4788201
              ],
              [
                -73.1331855,
                -13.4763161
              ],
              [
                -73.1335288,
                -13.4734782
              ],
              [
                -73.1354171,
                -13.4709741
              ],
              [
                -73.1362754,
                -13.4688039
              ],
              [
                -73.1381637,
                -13.4674684
              ],
              [
                -73.1391937,
                -13.4668006
              ],
              [
                -73.1398803,
                -13.4654651
              ],
              [
                -73.1397087,
                -13.4616254
              ],
              [
                -73.1398803,
                -13.4574517
              ],
              [
                -73.140567,
                -13.4534449
              ],
              [
                -73.1419403,
                -13.4506067
              ],
              [
                -73.1441719,
                -13.4492711
              ],
              [
                -73.1484634,
                -13.4476016
              ],
              [
                -73.1525833,
                -13.445765
              ],
              [
                -73.1553298,
                -13.4439285
              ],
              [
                -73.1591064,
                -13.4440955
              ],
              [
                -73.1611663,
                -13.4444294
              ],
              [
                -73.161853,
                -13.4455981
              ],
              [
                -73.1625396,
                -13.4471007
              ],
              [
                -73.1637412,
                -13.4484363
              ],
              [
                -73.1652862,
                -13.4502728
              ],
              [
                -73.1668312,
                -13.4512745
              ],
              [
                -73.1682044,
                -13.4527771
              ],
              [
                -73.170951,
                -13.4536119
              ],
              [
                -73.1733543,
                -13.4527771
              ],
              [
                -73.1752426,
                -13.4527771
              ],
              [
                -73.1773025,
                -13.4522763
              ],
              [
                -73.1790191,
                -13.449605
              ],
              [
                -73.1805641,
                -13.4465998
              ],
              [
                -73.182624,
                -13.4449303
              ],
              [
                -73.1855422,
                -13.4439285
              ],
              [
                -73.1864005,
                -13.4417581
              ],
              [
                -73.1857139,
                -13.4397545
              ],
              [
                -73.1850273,
                -13.4362484
              ],
              [
                -73.1848556,
                -13.433243
              ],
              [
                -73.1867439,
                -13.4310724
              ],
              [
                -73.1900054,
                -13.4287349
              ],
              [
                -73.1915504,
                -13.4263973
              ],
              [
                -73.1905204,
                -13.4238928
              ],
              [
                -73.1884605,
                -13.4218891
              ],
              [
                -73.1870872,
                -13.4195515
              ],
              [
                -73.1881172,
                -13.4165459
              ],
              [
                -73.1908637,
                -13.416379
              ],
              [
                -73.194297,
                -13.416045
              ],
              [
                -73.1973869,
                -13.415878
              ],
              [
                -73.2011634,
                -13.4148762
              ],
              [
                -73.2047683,
                -13.4135403
              ],
              [
                -73.2066566,
                -13.4138743
              ],
              [
                -73.2075149,
                -13.4153771
              ],
              [
                -73.2107765,
                -13.4185496
              ],
              [
                -73.2118064,
                -13.4192175
              ],
              [
                -73.2138664,
                -13.4193845
              ],
              [
                -73.216098,
                -13.4193845
              ],
              [
                -73.2187234,
                -13.4178523
              ],
              [
                -73.2212478,
                -13.416379
              ],
              [
                -73.2260543,
                -13.4127054
              ],
              [
                -73.2315475,
                -13.4110356
              ],
              [
                -73.2349807,
                -13.4118705
              ],
              [
                -73.2365257,
                -13.4118705
              ],
              [
                -73.2389289,
                -13.4107017
              ],
              [
                -73.2418472,
                -13.4093658
              ],
              [
                -73.246482,
                -13.4065271
              ],
              [
                -73.2494003,
                -13.4046903
              ],
              [
                -73.2514602,
                -13.4028535
              ],
              [
                -73.2521469,
                -13.4003487
              ],
              [
                -73.2530052,
                -13.3980108
              ],
              [
                -73.2526618,
                -13.3960069
              ],
              [
                -73.2521469,
                -13.394838
              ],
              [
                -73.2518035,
                -13.3931681
              ],
              [
                -73.2523185,
                -13.3925001
              ],
              [
                -73.2528335,
                -13.3930011
              ],
              [
                -73.2550651,
                -13.394671
              ],
              [
                -73.2567817,
                -13.3961739
              ],
              [
                -73.2584983,
                -13.395673
              ],
              [
                -73.2597,
                -13.3931681
              ],
              [
                -73.2605583,
                -13.3899952
              ],
              [
                -73.2603866,
                -13.3869893
              ],
              [
                -73.2609016,
                -13.3846513
              ],
              [
                -73.2634765,
                -13.3833153
              ],
              [
                -73.2674247,
                -13.3819793
              ],
              [
                -73.2718879,
                -13.3811443
              ],
              [
                -73.2734329,
                -13.3803093
              ],
              [
                -73.2749778,
                -13.3779713
              ],
              [
                -73.2772094,
                -13.3747982
              ],
              [
                -73.2792694,
                -13.3722931
              ],
              [
                -73.2816726,
                -13.371625
              ],
              [
                -73.2839042,
                -13.3727941
              ],
              [
                -73.2857925,
                -13.3732951
              ],
              [
                -73.2880241,
                -13.3721261
              ],
              [
                -73.2885391,
                -13.3694539
              ],
              [
                -73.2885391,
                -13.3662807
              ],
              [
                -73.2893974,
                -13.3632745
              ],
              [
                -73.2899124,
                -13.3607693
              ],
              [
                -73.290084,
                -13.3584311
              ],
              [
                -73.2902557,
                -13.3564269
              ],
              [
                -73.2912857,
                -13.3545897
              ],
              [
                -73.2938606,
                -13.3545897
              ],
              [
                -73.2978088,
                -13.3545897
              ],
              [
                -73.301242,
                -13.3540886
              ],
              [
                -73.3038169,
                -13.3524184
              ],
              [
                -73.3051902,
                -13.3505811
              ],
              [
                -73.3050186,
                -13.3484099
              ],
              [
                -73.3038169,
                -13.3470737
              ],
              [
                -73.3041603,
                -13.3450694
              ],
              [
                -73.3058769,
                -13.3439002
              ],
              [
                -73.3062202,
                -13.3417288
              ],
              [
                -73.3091384,
                -13.3397245
              ],
              [
                -73.3110267,
                -13.3397245
              ],
              [
                -73.3132583,
                -13.3375531
              ],
              [
                -73.3125717,
                -13.3355487
              ],
              [
                -73.3117134,
                -13.3325421
              ],
              [
                -73.3115417,
                -13.3293684
              ],
              [
                -73.3127433,
                -13.3261947
              ],
              [
                -73.3148033,
                -13.3246913
              ],
              [
                -73.3177215,
                -13.3238561
              ],
              [
                -73.3197814,
                -13.323355
              ],
              [
                -73.3232147,
                -13.3210164
              ],
              [
                -73.3244163,
                -13.3183437
              ],
              [
                -73.3256179,
                -13.3151698
              ],
              [
                -73.3276779,
                -13.3131653
              ],
              [
                -73.3285362,
                -13.3109936
              ],
              [
                -73.3299095,
                -13.3094902
              ],
              [
                -73.3319694,
                -13.3093231
              ],
              [
                -73.3343727,
                -13.3091561
              ],
              [
                -73.3364326,
                -13.3103254
              ],
              [
                -73.3378059,
                -13.3119959
              ],
              [
                -73.3398658,
                -13.3124971
              ],
              [
                -73.3419258,
                -13.312163
              ],
              [
                -73.3426124,
                -13.3096572
              ],
              [
                -73.3431274,
                -13.3071515
              ],
              [
                -73.3446723,
                -13.305648
              ],
              [
                -73.3465606,
                -13.3046457
              ],
              [
                -73.3489639,
                -13.3031422
              ],
              [
                -73.3494789,
                -13.3013045
              ],
              [
                -73.3486206,
                -13.299634
              ],
              [
                -73.3470756,
                -13.2984646
              ],
              [
                -73.344844,
                -13.2964599
              ],
              [
                -73.3427841,
                -13.2937869
              ],
              [
                -73.3415824,
                -13.2919492
              ],
              [
                -73.3422691,
                -13.2909468
              ],
              [
                -73.3441574,
                -13.291281
              ],
              [
                -73.3460456,
                -13.2924504
              ],
              [
                -73.3475906,
                -13.2921163
              ],
              [
                -73.3489639,
                -13.2929516
              ],
              [
                -73.3513671,
                -13.2932857
              ],
              [
                -73.3530837,
                -13.2917822
              ],
              [
                -73.3527404,
                -13.2896103
              ],
              [
                -73.3505088,
                -13.2882738
              ],
              [
                -73.3486206,
                -13.2869373
              ],
              [
                -73.3475906,
                -13.2856007
              ],
              [
                -73.3469039,
                -13.2827606
              ],
              [
                -73.3467323,
                -13.2800875
              ],
              [
                -73.3477622,
                -13.2782497
              ],
              [
                -73.3484489,
                -13.2764119
              ],
              [
                -73.3493072,
                -13.2747411
              ],
              [
                -73.3511955,
                -13.2725692
              ],
              [
                -73.3541137,
                -13.2705642
              ],
              [
                -73.3572036,
                -13.2703972
              ],
              [
                -73.3597785,
                -13.2703972
              ],
              [
                -73.3626968,
                -13.2712325
              ],
              [
                -73.3649284,
                -13.2703972
              ],
              [
                -73.3659583,
                -13.267891
              ],
              [
                -73.36613,
                -13.265886
              ],
              [
                -73.3705932,
                -13.2603723
              ],
              [
                -73.3707649,
                -13.2582002
              ],
              [
                -73.3704215,
                -13.2556939
              ],
              [
                -73.3711082,
                -13.2526863
              ],
              [
                -73.3717948,
                -13.2506812
              ],
              [
                -73.3719665,
                -13.2486761
              ],
              [
                -73.3711082,
                -13.246671
              ],
              [
                -73.3726531,
                -13.2456684
              ],
              [
                -73.3743698,
                -13.2438304
              ],
              [
                -73.3753997,
                -13.2421594
              ],
              [
                -73.376773,
                -13.2416581
              ],
              [
                -73.3791763,
                -13.241491
              ],
              [
                -73.3814079,
                -13.2408226
              ],
              [
                -73.3826095,
                -13.2386503
              ],
              [
                -73.3824378,
                -13.2361438
              ],
              [
                -73.3812362,
                -13.2339715
              ],
              [
                -73.3814079,
                -13.2296268
              ],
              [
                -73.3822662,
                -13.226786
              ],
              [
                -73.3844978,
                -13.2239452
              ],
              [
                -73.386901,
                -13.2217727
              ],
              [
                -73.3958274,
                -13.213417
              ],
              [
                -73.398574,
                -13.211913
              ],
              [
                -73.4009773,
                -13.2104089
              ],
              [
                -73.4028655,
                -13.2102418
              ],
              [
                -73.4044105,
                -13.2109103
              ],
              [
                -73.4064704,
                -13.2127486
              ],
              [
                -73.408702,
                -13.2130828
              ],
              [
                -73.409732,
                -13.211913
              ],
              [
                -73.410247,
                -13.2095733
              ],
              [
                -73.411277,
                -13.2040583
              ],
              [
                -73.4136802,
                -13.1993788
              ],
              [
                -73.4153968,
                -13.1963705
              ],
              [
                -73.4148818,
                -13.1950335
              ],
              [
                -73.4128219,
                -13.1936965
              ],
              [
                -73.410247,
                -13.1930279
              ],
              [
                -73.4069854,
                -13.1925265
              ],
              [
                -73.4045822,
                -13.1903538
              ],
              [
                -73.4033805,
                -13.1873454
              ],
              [
                -73.4023506,
                -13.1836684
              ],
              [
                -73.4030372,
                -13.1813285
              ],
              [
                -73.4045822,
                -13.1793228
              ],
              [
                -73.4069854,
                -13.1774843
              ],
              [
                -73.409217,
                -13.1753114
              ],
              [
                -73.409732,
                -13.1728043
              ],
              [
                -73.409732,
                -13.1692942
              ],
              [
                -73.4085304,
                -13.1662856
              ],
              [
                -73.4080154,
                -13.163444
              ],
              [
                -73.4088737,
                -13.1607696
              ],
              [
                -73.4105903,
                -13.1580951
              ],
              [
                -73.4128219,
                -13.1559221
              ],
              [
                -73.4152252,
                -13.1540834
              ],
              [
                -73.4159118,
                -13.1524118
              ],
              [
                -73.4155685,
                -13.1504059
              ],
              [
                -73.4148818,
                -13.1478985
              ],
              [
                -73.4150535,
                -13.1460597
              ],
              [
                -73.4178001,
                -13.1403761
              ],
              [
                -73.4196884,
                -13.1366984
              ],
              [
                -73.421405,
                -13.1335222
              ],
              [
                -73.4229499,
                -13.1316833
              ],
              [
                -73.4251815,
                -13.1306803
              ],
              [
                -73.4265548,
                -13.1310146
              ],
              [
                -73.4270698,
                -13.1331878
              ],
              [
                -73.4284431,
                -13.1361969
              ],
              [
                -73.429988,
                -13.1382029
              ],
              [
                -73.4311897,
                -13.1397074
              ],
              [
                -73.432563,
                -13.1403761
              ],
              [
                -73.4346229,
                -13.1403761
              ],
              [
                -73.4351379,
                -13.1393731
              ],
              [
                -73.4351379,
                -13.1373671
              ],
              [
                -73.4365112,
                -13.1336894
              ],
              [
                -73.4375411,
                -13.1315161
              ],
              [
                -73.4394294,
                -13.1290085
              ],
              [
                -73.4430343,
                -13.1278383
              ],
              [
                -73.4461242,
                -13.1259994
              ],
              [
                -73.4492141,
                -13.1251635
              ],
              [
                -73.4521324,
                -13.1243276
              ],
              [
                -73.4541923,
                -13.1226558
              ],
              [
                -73.4548789,
                -13.1203153
              ],
              [
                -73.4535057,
                -13.1194794
              ],
              [
                -73.4516174,
                -13.1188107
              ],
              [
                -73.4498025,
                -13.1167907
              ],
              [
                -73.4492141,
                -13.1161358
              ],
              [
                -73.448651,
                -13.11398
              ],
              [
                -73.4495093,
                -13.1116394
              ],
              [
                -73.4489943,
                -13.1087972
              ],
              [
                -73.4472777,
                -13.1072925
              ],
              [
                -73.4450461,
                -13.1071254
              ],
              [
                -73.4435012,
                -13.1051191
              ],
              [
                -73.4445311,
                -13.1019424
              ],
              [
                -73.447106,
                -13.1007721
              ],
              [
                -73.4503676,
                -13.1006049
              ],
              [
                -73.4531142,
                -13.0999361
              ],
              [
                -73.4548308,
                -13.0965922
              ],
              [
                -73.4563758,
                -13.0919107
              ],
              [
                -73.4550025,
                -13.0885667
              ],
              [
                -73.4525992,
                -13.0867274
              ],
              [
                -73.4501959,
                -13.0840522
              ],
              [
                -73.449166,
                -13.0817113
              ],
              [
                -73.449166,
                -13.0797048
              ],
              [
                -73.4508826,
                -13.0795376
              ],
              [
                -73.4525992,
                -13.0803736
              ],
              [
                -73.4550025,
                -13.080708
              ],
              [
                -73.457749,
                -13.0808753
              ],
              [
                -73.4606673,
                -13.0808753
              ],
              [
                -73.4625556,
                -13.0800392
              ],
              [
                -73.4639289,
                -13.0780327
              ],
              [
                -73.4653021,
                -13.075859
              ],
              [
                -73.4661605,
                -13.0730164
              ],
              [
                -73.4653021,
                -13.0698393
              ],
              [
                -73.4654738,
                -13.068
              ],
              [
                -73.4670188,
                -13.066495
              ],
              [
                -73.469937,
                -13.0643212
              ],
              [
                -73.4749152,
                -13.0594718
              ],
              [
                -73.4773184,
                -13.0572979
              ],
              [
                -73.4785201,
                -13.0564618
              ],
              [
                -73.4804083,
                -13.0564618
              ],
              [
                -73.48161,
                -13.0577996
              ],
              [
                -73.4819533,
                -13.0603079
              ],
              [
                -73.4824683,
                -13.0649901
              ],
              [
                -73.4833266,
                -13.0668295
              ],
              [
                -73.4859015,
                -13.0678328
              ],
              [
                -73.4884764,
                -13.0683344
              ],
              [
                -73.4900214,
                -13.0678328
              ],
              [
                -73.490708,
                -13.0656589
              ],
              [
                -73.490193,
                -13.0621474
              ],
              [
                -73.4893347,
                -13.0554585
              ],
              [
                -73.4900214,
                -13.0537862
              ],
              [
                -73.4920813,
                -13.0496056
              ],
              [
                -73.4925963,
                -13.0470971
              ],
              [
                -73.491738,
                -13.0447559
              ],
              [
                -73.490193,
                -13.0439197
              ],
              [
                -73.4867598,
                -13.043418
              ],
              [
                -73.4843566,
                -13.0429163
              ],
              [
                -73.4822966,
                -13.0409095
              ],
              [
                -73.4786917,
                -13.0350563
              ],
              [
                -73.4781767,
                -13.0332167
              ],
              [
                -73.4783484,
                -13.0298718
              ],
              [
                -73.4781767,
                -13.0236838
              ],
              [
                -73.4793784,
                -13.0173284
              ],
              [
                -73.4793784,
                -13.0118091
              ],
              [
                -73.4776618,
                -13.0067914
              ],
              [
                -73.4761168,
                -13.0034463
              ],
              [
                -73.4764601,
                -13.0021082
              ],
              [
                -73.4781767,
                -13.0009374
              ],
              [
                -73.4812667,
                -13.0001011
              ],
              [
                -73.4867598,
                -12.998763
              ],
              [
                -73.4884764,
                -12.9992647
              ],
              [
                -73.4903647,
                -13.0016064
              ],
              [
                -73.492253,
                -13.0037808
              ],
              [
                -73.4949996,
                -13.0051189
              ],
              [
                -73.4963729,
                -13.0072932
              ],
              [
                -73.4991194,
                -13.0101366
              ],
              [
                -73.5016944,
                -13.0116418
              ],
              [
                -73.5047843,
                -13.0114746
              ],
              [
                -73.5071875,
                -13.0094675
              ],
              [
                -73.5092475,
                -13.007795
              ],
              [
                -73.5121657,
                -13.0076277
              ],
              [
                -73.5169722,
                -13.0076277
              ],
              [
                -73.5197188,
                -13.0052861
              ],
              [
                -73.5214354,
                -13.0021082
              ],
              [
                -73.5222937,
                -12.9982612
              ],
              [
                -73.5214354,
                -12.9950832
              ],
              [
                -73.5214354,
                -12.9925742
              ],
              [
                -73.5228087,
                -12.9898979
              ],
              [
                -73.5258986,
                -12.9882252
              ],
              [
                -73.5288169,
                -12.9875561
              ],
              [
                -73.5301901,
                -12.9850471
              ],
              [
                -73.5291602,
                -12.9832071
              ],
              [
                -73.5272719,
                -12.9822034
              ],
              [
                -73.5234954,
                -12.9806979
              ],
              [
                -73.5193755,
                -12.979527
              ],
              [
                -73.5166289,
                -12.9778543
              ],
              [
                -73.5126807,
                -12.9761815
              ],
              [
                -73.5089041,
                -12.9731705
              ],
              [
                -73.5073592,
                -12.9701594
              ],
              [
                -73.5070159,
                -12.9666465
              ],
              [
                -73.5083892,
                -12.9627989
              ],
              [
                -73.5102774,
                -12.9601223
              ],
              [
                -73.5107924,
                -12.9559401
              ],
              [
                -73.5104491,
                -12.9530961
              ],
              [
                -73.5095908,
                -12.9504194
              ],
              [
                -73.5056426,
                -12.9492483
              ],
              [
                -73.501866,
                -12.9480772
              ],
              [
                -73.4992911,
                -12.9447313
              ],
              [
                -73.4963729,
                -12.9407161
              ],
              [
                -73.4951712,
                -12.93737
              ],
              [
                -73.4953429,
                -12.9348605
              ],
              [
                -73.4970595,
                -12.9323509
              ],
              [
                -73.4985938,
                -12.9315247
              ],
              [
                -73.5029645,
                -12.9314217
              ],
              [
                -73.5094391,
                -12.9333121
              ],
              [
                -73.5143963,
                -12.935932
              ],
              [
                -73.5195281,
                -12.9392323
              ],
              [
                -73.5227748,
                -12.9391302
              ],
              [
                -73.5269291,
                -12.9362041
              ],
              [
                -73.5309787,
                -12.9307262
              ],
              [
                -73.5338064,
                -12.922424
              ],
              [
                -73.5311183,
                -12.9171839
              ],
              [
                -73.5227564,
                -12.9084968
              ],
              [
                -73.5219382,
                -12.9048813
              ],
              [
                -73.5238473,
                -12.8991389
              ],
              [
                -73.5373751,
                -12.8894616
              ],
              [
                -73.5531392,
                -12.8751046
              ],
              [
                -73.570158,
                -12.8612785
              ],
              [
                -73.5785037,
                -12.8613848
              ],
              [
                -73.584013,
                -12.85846
              ],
              [
                -73.5889768,
                -12.8514402
              ],
              [
                -73.5915405,
                -12.8416016
              ],
              [
                -73.5887586,
                -12.8316562
              ],
              [
                -73.5903404,
                -12.824157
              ],
              [
                -73.598468,
                -12.816498
              ],
              [
                -73.6045773,
                -12.8105408
              ],
              [
                -73.6059791,
                -12.8101902
              ],
              [
                -73.6130321,
                -12.8096366
              ],
              [
                -73.6172868,
                -12.8065516
              ],
              [
                -73.6190868,
                -12.7992112
              ],
              [
                -73.6248143,
                -12.7911791
              ],
              [
                -73.627378,
                -12.786498
              ],
              [
                -73.6281417,
                -12.7799018
              ],
              [
                -73.6250325,
                -12.7724011
              ],
              [
                -73.6249779,
                -12.7676665
              ],
              [
                -73.6265598,
                -12.7644745
              ],
              [
                -73.633208,
                -12.7586077
              ],
              [
                -73.6383049,
                -12.7550326
              ],
              [
                -73.644484,
                -12.7454647
              ],
              [
                -73.6577848,
                -12.736271
              ],
              [
                -73.65967,
                -12.7300736
              ],
              [
                -73.6564582,
                -12.7255106
              ],
              [
                -73.6649414,
                -12.7116848
              ],
              [
                -73.6790801,
                -12.6987778
              ],
              [
                -73.6809303,
                -12.694078
              ],
              [
                -73.6822918,
                -12.6892418
              ],
              [
                -73.684561,
                -12.6873687
              ],
              [
                -73.6871793,
                -12.6872665
              ],
              [
                -73.6911939,
                -12.6886288
              ],
              [
                -73.6941962,
                -12.6877433
              ],
              [
                -73.6972683,
                -12.684644
              ],
              [
                -73.7027143,
                -12.6702029
              ],
              [
                -73.7110229,
                -12.6677165
              ],
              [
                -73.7145489,
                -12.6640039
              ],
              [
                -73.7207629,
                -12.6532404
              ],
              [
                -73.7225433,
                -12.6487782
              ],
              [
                -73.7274051,
                -12.6402658
              ],
              [
                -73.7318683,
                -12.6375858
              ],
              [
                -73.7361598,
                -12.6394283
              ],
              [
                -73.7385631,
                -12.6424433
              ],
              [
                -73.7387347,
                -12.6462958
              ],
              [
                -73.7377048,
                -12.6524931
              ],
              [
                -73.7425113,
                -12.6580203
              ],
              [
                -73.7483478,
                -12.6600301
              ],
              [
                -73.7521243,
                -12.6588577
              ],
              [
                -73.7572742,
                -12.654503
              ],
              [
                -73.7607074,
                -12.6521581
              ],
              [
                -73.7637973,
                -12.6526606
              ],
              [
                -73.7682605,
                -12.6506506
              ],
              [
                -73.7722087,
                -12.6474682
              ],
              [
                -73.7734103,
                -12.6454583
              ],
              [
                -73.7734103,
                -12.6417733
              ],
              [
                -73.7754703,
                -12.6370833
              ],
              [
                -73.7794185,
                -12.6339007
              ],
              [
                -73.7825084,
                -12.6277029
              ],
              [
                -73.78577,
                -12.6236827
              ],
              [
                -73.7929797,
                -12.6191598
              ],
              [
                -73.8000178,
                -12.615307
              ],
              [
                -73.8015628,
                -12.6117891
              ],
              [
                -73.8013911,
                -12.6079361
              ],
              [
                -73.8019061,
                -12.5993923
              ],
              [
                -73.8046527,
                -12.5955392
              ],
              [
                -73.8082576,
                -12.5910158
              ],
              [
                -73.8061977,
                -12.5851521
              ],
              [
                -73.8058543,
                -12.5799584
              ],
              [
                -73.8087726,
                -12.5761049
              ],
              [
                -73.8113475,
                -12.5702409
              ],
              [
                -73.8103175,
                -12.565382
              ],
              [
                -73.8123775,
                -12.5598528
              ],
              [
                -73.8163257,
                -12.5549937
              ],
              [
                -73.8175273,
                -12.5508047
              ],
              [
                -73.8199306,
                -12.5466157
              ],
              [
                -73.8202739,
                -12.5435996
              ],
              [
                -73.8231921,
                -12.5377348
              ],
              [
                -73.8228488,
                -12.5320374
              ],
              [
                -73.8249087,
                -12.5306968
              ],
              [
                -73.828342,
                -12.5315347
              ],
              [
                -73.8319469,
                -12.5308644
              ],
              [
                -73.836925,
                -12.5317023
              ],
              [
                -73.838985,
                -12.5365618
              ],
              [
                -73.8420749,
                -12.5385726
              ],
              [
                -73.8468814,
                -12.5389077
              ],
              [
                -73.8510013,
                -12.5340483
              ],
              [
                -73.8540912,
                -12.5332104
              ],
              [
                -73.8558078,
                -12.5318698
              ],
              [
                -73.8558078,
                -12.529859
              ],
              [
                -73.8520312,
                -12.5198044
              ],
              [
                -73.8534045,
                -12.5161176
              ],
              [
                -73.8552928,
                -12.5134363
              ],
              [
                -73.8551211,
                -12.5077384
              ],
              [
                -73.8528895,
                -12.50137
              ],
              [
                -73.8528895,
                -12.4990237
              ],
              [
                -73.8552928,
                -12.4963422
              ],
              [
                -73.8588977,
                -12.4943311
              ],
              [
                -73.858726,
                -12.4909791
              ],
              [
                -73.8571811,
                -12.4832695
              ],
              [
                -73.8570094,
                -12.4794146
              ],
              [
                -73.8588977,
                -12.4760624
              ],
              [
                -73.8614726,
                -12.474554
              ],
              [
                -73.8657642,
                -12.4671791
              ],
              [
                -73.8650775,
                -12.4650001
              ],
              [
                -73.8650775,
                -12.4629887
              ],
              [
                -73.8667941,
                -12.4603068
              ],
              [
                -73.8697124,
                -12.4591335
              ],
              [
                -73.8736606,
                -12.4534344
              ],
              [
                -73.8801837,
                -12.4485733
              ],
              [
                -73.8832736,
                -12.4430416
              ],
              [
                -73.8834453,
                -12.4390185
              ],
              [
                -73.8796687,
                -12.4356658
              ],
              [
                -73.8788104,
                -12.4323131
              ],
              [
                -73.8788188,
                -12.4300073
              ],
              [
                -73.8791537,
                -12.4267811
              ],
              [
                -73.8813853,
                -12.4239312
              ],
              [
                -73.8892818,
                -12.4190695
              ],
              [
                -73.8901401,
                -12.4160519
              ],
              [
                -73.8909984,
                -12.409346
              ],
              [
                -73.8925433,
                -12.404484
              ],
              [
                -73.8983798,
                -12.4014662
              ],
              [
                -73.9016414,
                -12.4011309
              ],
              [
                -73.9035297,
                -12.3997897
              ],
              [
                -73.9066196,
                -12.3997897
              ],
              [
                -73.9121127,
                -12.3979454
              ],
              [
                -73.9179492,
                -12.3939216
              ],
              [
                -73.925159,
                -12.3885564
              ],
              [
                -73.9287639,
                -12.3838618
              ],
              [
                -73.9327121,
                -12.379167
              ],
              [
                -73.9390636,
                -12.370448
              ],
              [
                -73.9416385,
                -12.364747
              ],
              [
                -73.9440417,
                -12.3565306
              ],
              [
                -73.9433551,
                -12.3513323
              ],
              [
                -73.9457584,
                -12.3494877
              ],
              [
                -73.9491916,
                -12.3483139
              ],
              [
                -73.957603,
                -12.3509969
              ],
              [
                -73.9624095,
                -12.3504939
              ],
              [
                -73.9646411,
                -12.348817
              ],
              [
                -73.9646411,
                -12.3454631
              ],
              [
                -73.969276,
                -12.3400969
              ],
              [
                -73.9691043,
                -12.3372461
              ],
              [
                -73.9661861,
                -12.335066
              ],
              [
                -73.9651561,
                -12.3320474
              ],
              [
                -73.967731,
                -12.330035
              ],
              [
                -73.9723659,
                -12.3231592
              ],
              [
                -73.9740825,
                -12.3172894
              ],
              [
                -73.9761424,
                -12.3132643
              ],
              [
                -73.9733958,
                -12.3080652
              ],
              [
                -73.9735675,
                -12.3047108
              ],
              [
                -73.9718509,
                -12.2990084
              ],
              [
                -73.9651561,
                -12.2924671
              ],
              [
                -73.9642978,
                -12.2891126
              ],
              [
                -73.9656711,
                -12.2860935
              ],
              [
                -73.969276,
                -12.2812293
              ],
              [
                -73.9739108,
                -12.2755263
              ],
              [
                -73.9739108,
                -12.2698232
              ],
              [
                -73.9723659,
                -12.263449
              ],
              [
                -73.9742541,
                -12.2631135
              ],
              [
                -73.9786904,
                -12.2628581
              ],
              [
                -73.979377,
                -12.2640323
              ],
              [
                -73.9819519,
                -12.2657097
              ],
              [
                -73.9841835,
                -12.2672194
              ],
              [
                -73.9872734,
                -12.2709097
              ],
              [
                -73.9889901,
                -12.2742645
              ],
              [
                -73.9912216,
                -12.2762773
              ],
              [
                -73.9925949,
                -12.2784579
              ],
              [
                -73.9941399,
                -12.2801352
              ],
              [
                -73.9963715,
                -12.2797997
              ],
              [
                -73.9984314,
                -12.2782901
              ],
              [
                -74.0010063,
                -12.2787933
              ],
              [
                -74.0063279,
                -12.2789611
              ],
              [
                -74.0094178,
                -12.2786256
              ],
              [
                -74.0111344,
                -12.2789611
              ],
              [
                -74.0135376,
                -12.2794643
              ],
              [
                -74.0171425,
                -12.2806384
              ],
              [
                -74.0204041,
                -12.2794643
              ],
              [
                -74.0214341,
                -12.2779547
              ],
              [
                -74.0228073,
                -12.2756064
              ],
              [
                -74.0250389,
                -12.273929
              ],
              [
                -74.0298455,
                -12.2714129
              ],
              [
                -74.0317337,
                -12.2699032
              ],
              [
                -74.033107,
                -12.2682258
              ],
              [
                -74.0337937,
                -12.2670517
              ],
              [
                -74.0356819,
                -12.264871
              ],
              [
                -74.0373986,
                -12.2631936
              ],
              [
                -74.0394585,
                -12.2616839
              ],
              [
                -74.0434067,
                -12.2596709
              ],
              [
                -74.0478699,
                -12.2613484
              ],
              [
                -74.0502732,
                -12.2630258
              ],
              [
                -74.0516465,
                -12.2653742
              ],
              [
                -74.0533631,
                -12.2675549
              ],
              [
                -74.0542214,
                -12.2694
              ],
              [
                -74.0552513,
                -12.2714129
              ],
              [
                -74.0573113,
                -12.2737612
              ],
              [
                -74.0609162,
                -12.2752709
              ],
              [
                -74.0634911,
                -12.2759418
              ],
              [
                -74.066066,
                -12.2766128
              ],
              [
                -74.0684693,
                -12.276445
              ],
              [
                -74.0702447,
                -12.2771171
              ],
              [
                -74.0714463,
                -12.2782913
              ],
              [
                -74.0735062,
                -12.2796331
              ],
              [
                -74.0759095,
                -12.2813105
              ],
              [
                -74.0786561,
                -12.2816459
              ],
              [
                -74.0810593,
                -12.2808073
              ],
              [
                -74.0834626,
                -12.2814782
              ],
              [
                -74.0868958,
                -12.2824846
              ],
              [
                -74.0903291,
                -12.2826523
              ],
              [
                -74.092904,
                -12.2829878
              ],
              [
                -74.0958222,
                -12.283491
              ],
              [
                -74.0977105,
                -12.285336
              ],
              [
                -74.0985688,
                -12.2873488
              ],
              [
                -74.0990838,
                -12.2900324
              ],
              [
                -74.0992554,
                -12.2935547
              ],
              [
                -74.0994271,
                -12.2955674
              ],
              [
                -74.1002854,
                -12.2979155
              ],
              [
                -74.1006287,
                -12.3004313
              ],
              [
                -74.1009721,
                -12.3032826
              ],
              [
                -74.1018304,
                -12.3056306
              ],
              [
                -74.103547,
                -12.3074755
              ],
              [
                -74.1032037,
                -12.3091527
              ],
              [
                -74.103547,
                -12.3120038
              ],
              [
                -74.1047486,
                -12.3148549
              ],
              [
                -74.1071519,
                -12.3163643
              ],
              [
                -74.1098984,
                -12.3175383
              ],
              [
                -74.11213,
                -12.3185445
              ],
              [
                -74.112645,
                -12.3210602
              ],
              [
                -74.1138467,
                -12.3227372
              ],
              [
                -74.1150483,
                -12.3240789
              ],
              [
                -74.1164216,
                -12.3255882
              ],
              [
                -74.1169366,
                -12.3282715
              ],
              [
                -74.1183099,
                -12.3306193
              ],
              [
                -74.1195115,
                -12.3327994
              ],
              [
                -74.1213998,
                -12.3334702
              ],
              [
                -74.1239747,
                -12.3334702
              ],
              [
                -74.125863,
                -12.3334702
              ],
              [
                -74.1275796,
                -12.3327994
              ],
              [
                -74.1296395,
                -12.3311224
              ],
              [
                -74.1308411,
                -12.3286069
              ],
              [
                -74.1311845,
                -12.3244143
              ],
              [
                -74.1311845,
                -12.3215633
              ],
              [
                -74.1303262,
                -12.3192154
              ],
              [
                -74.1292962,
                -12.3170352
              ],
              [
                -74.1294678,
                -12.3155258
              ],
              [
                -74.1303262,
                -12.3146872
              ],
              [
                -74.1313561,
                -12.3145195
              ],
              [
                -74.1330727,
                -12.3151903
              ],
              [
                -74.1347893,
                -12.3161966
              ],
              [
                -74.1370209,
                -12.3158612
              ],
              [
                -74.1390809,
                -12.3158612
              ],
              [
                -74.1406258,
                -12.3166997
              ],
              [
                -74.1428574,
                -12.3180414
              ],
              [
                -74.1444024,
                -12.320557
              ],
              [
                -74.1444024,
                -12.3227372
              ],
              [
                -74.145604,
                -12.324582
              ],
              [
                -74.1483506,
                -12.3247497
              ],
              [
                -74.1509255,
                -12.3235758
              ],
              [
                -74.1540154,
                -12.3224018
              ],
              [
                -74.1569337,
                -12.3222341
              ],
              [
                -74.1600236,
                -12.3207248
              ],
              [
                -74.1612252,
                -12.3193831
              ],
              [
                -74.1624268,
                -12.3172029
              ],
              [
                -74.1639718,
                -12.3148549
              ],
              [
                -74.1658601,
                -12.3133455
              ],
              [
                -74.1675767,
                -12.3121715
              ],
              [
                -74.1699799,
                -12.3125069
              ],
              [
                -74.1725549,
                -12.3131778
              ],
              [
                -74.1749581,
                -12.3133455
              ],
              [
                -74.1777047,
                -12.3153581
              ],
              [
                -74.1794213,
                -12.3161966
              ],
              [
                -74.1807946,
                -12.317706
              ],
              [
                -74.1831979,
                -12.3168674
              ],
              [
                -74.1861161,
                -12.3158612
              ],
              [
                -74.188176,
                -12.3136809
              ],
              [
                -74.188176,
                -12.3120038
              ],
              [
                -74.1883477,
                -12.3098235
              ],
              [
                -74.1883477,
                -12.3078109
              ],
              [
                -74.1876611,
                -12.3059661
              ],
              [
                -74.1868027,
                -12.3051275
              ],
              [
                -74.1866311,
                -12.3044566
              ],
              [
                -74.1885194,
                -12.3032826
              ],
              [
                -74.1922959,
                -12.3022763
              ],
              [
                -74.1953858,
                -12.3022763
              ],
              [
                -74.1981324,
                -12.3027794
              ],
              [
                -74.200879,
                -12.302444
              ],
              [
                -74.2025956,
                -12.3012699
              ],
              [
                -74.2043122,
                -12.2990896
              ],
              [
                -74.2063721,
                -12.2989218
              ],
              [
                -74.2080888,
                -12.2985864
              ],
              [
                -74.2089471,
                -12.299425
              ],
              [
                -74.210492,
                -12.3011022
              ],
              [
                -74.2122086,
                -12.3031149
              ],
              [
                -74.2149552,
                -12.3032826
              ],
              [
                -74.2173585,
                -12.302444
              ],
              [
                -74.2202767,
                -12.3007668
              ],
              [
                -74.2219933,
                -12.2989218
              ],
              [
                -74.222165,
                -12.2972446
              ],
              [
                -74.2214783,
                -12.2957351
              ],
              [
                -74.2194184,
                -12.294561
              ],
              [
                -74.2166718,
                -12.2930515
              ],
              [
                -74.2152985,
                -12.2913743
              ],
              [
                -74.2171868,
                -12.2891938
              ],
              [
                -74.2192467,
                -12.2885229
              ],
              [
                -74.2213067,
                -12.2871811
              ],
              [
                -74.22165,
                -12.2861747
              ],
              [
                -74.2204484,
                -12.2843297
              ],
              [
                -74.2192467,
                -12.2813105
              ],
              [
                -74.2187318,
                -12.2777881
              ],
              [
                -74.2207917,
                -12.2771171
              ],
              [
                -74.2242249,
                -12.2771171
              ],
              [
                -74.2264565,
                -12.2751043
              ],
              [
                -74.2271432,
                -12.2724205
              ],
              [
                -74.2293748,
                -12.2699044
              ],
              [
                -74.2326363,
                -12.2680592
              ],
              [
                -74.2357262,
                -12.2687302
              ],
              [
                -74.2381295,
                -12.2699044
              ],
              [
                -74.2403611,
                -12.2705754
              ],
              [
                -74.243451,
                -12.2707431
              ],
              [
                -74.2467126,
                -12.2688979
              ],
              [
                -74.2473992,
                -12.2670528
              ],
              [
                -74.2475709,
                -12.2633624
              ],
              [
                -74.2475709,
                -12.2595043
              ],
              [
                -74.2482575,
                -12.2578268
              ],
              [
                -74.2494591,
                -12.2569881
              ],
              [
                -74.2511758,
                -12.2579946
              ],
              [
                -74.254094,
                -12.2574913
              ],
              [
                -74.2568406,
                -12.2568203
              ],
              [
                -74.2587289,
                -12.2563171
              ],
              [
                -74.2597588,
                -12.2543041
              ],
              [
                -74.2604455,
                -12.2521233
              ],
              [
                -74.2611321,
                -12.2502781
              ],
              [
                -74.2626771,
                -12.247594
              ],
              [
                -74.265252,
                -12.2450777
              ],
              [
                -74.2669686,
                -12.2439034
              ],
              [
                -74.2676553,
                -12.2427291
              ],
              [
                -74.2697152,
                -12.2410515
              ],
              [
                -74.2698869,
                -12.2397094
              ],
              [
                -74.2709168,
                -12.2393739
              ],
              [
                -74.2721185,
                -12.2402127
              ],
              [
                -74.27435,
                -12.2403805
              ],
              [
                -74.2767533,
                -12.2403805
              ],
              [
                -74.2801865,
                -12.2405482
              ],
              [
                -74.2824181,
                -12.2410515
              ],
              [
                -74.2834481,
                -12.241387
              ],
              [
                -74.2843064,
                -12.2408837
              ],
              [
                -74.2861947,
                -12.2387029
              ],
              [
                -74.2873963,
                -12.2368575
              ],
              [
                -74.2879113,
                -12.2353477
              ],
              [
                -74.2891129,
                -12.2353477
              ],
              [
                -74.2903146,
                -12.2333345
              ],
              [
                -74.2913445,
                -12.2306503
              ],
              [
                -74.2916878,
                -12.2291404
              ],
              [
                -74.2910012,
                -12.2277982
              ],
              [
                -74.2906579,
                -12.2259528
              ],
              [
                -74.2901429,
                -12.2244429
              ],
              [
                -74.2913445,
                -12.2234363
              ],
              [
                -74.2927178,
                -12.2231007
              ],
              [
                -74.2947778,
                -12.2244429
              ],
              [
                -74.2970094,
                -12.2261206
              ],
              [
                -74.2999276,
                -12.2267916
              ],
              [
                -74.3045625,
                -12.2261206
              ],
              [
                -74.3074807,
                -12.2249462
              ],
              [
                -74.3109139,
                -12.2239396
              ],
              [
                -74.3134888,
                -12.2254495
              ],
              [
                -74.3131455,
                -12.2281338
              ],
              [
                -74.3148621,
                -12.2303147
              ],
              [
                -74.3188103,
                -12.2306503
              ],
              [
                -74.3232735,
                -12.2284693
              ],
              [
                -74.3275651,
                -12.2252817
              ],
              [
                -74.3313416,
                -12.2212553
              ],
              [
                -74.3351182,
                -12.2170609
              ],
              [
                -74.3361481,
                -12.2153832
              ],
              [
                -74.3358048,
                -12.2135377
              ],
              [
                -74.3330582,
                -12.2121955
              ],
              [
                -74.3309983,
                -12.2121955
              ],
              [
                -74.3303117,
                -12.2098466
              ],
              [
                -74.3321999,
                -12.2076654
              ],
              [
                -74.3325433,
                -12.2056521
              ],
              [
                -74.3323716,
                -12.2017931
              ],
              [
                -74.3325433,
                -12.198773
              ],
              [
                -74.3332299,
                -12.1959206
              ],
              [
                -74.3358048,
                -12.193236
              ],
              [
                -74.3371781,
                -12.1930682
              ],
              [
                -74.3390664,
                -12.1945783
              ],
              [
                -74.340783,
                -12.1957528
              ],
              [
                -74.3428429,
                -12.1957528
              ],
              [
                -74.3443879,
                -12.1957528
              ],
              [
                -74.3449029,
                -12.1942427
              ],
              [
                -74.3445596,
                -12.1920615
              ],
              [
                -74.3445596,
                -12.1902158
              ],
              [
                -74.3452462,
                -12.1888735
              ],
              [
                -74.3467911,
                -12.1871955
              ],
              [
                -74.3481644,
                -12.1838397
              ],
              [
                -74.3498811,
                -12.1799804
              ],
              [
                -74.3517693,
                -12.1764566
              ],
              [
                -74.3497829,
                -12.1761041
              ],
              [
                -74.3473796,
                -12.1750973
              ],
              [
                -74.3444614,
                -12.1722447
              ],
              [
                -74.3432598,
                -12.1700633
              ],
              [
                -74.3444614,
                -12.1670428
              ],
              [
                -74.346693,
                -12.1651969
              ],
              [
                -74.3499546,
                -12.1643579
              ],
              [
                -74.3535594,
                -12.1645257
              ],
              [
                -74.3547611,
                -12.1638545
              ],
              [
                -74.3575077,
                -12.161673
              ],
              [
                -74.3597393,
                -12.158988
              ],
              [
                -74.3609409,
                -12.1551284
              ],
              [
                -74.3599109,
                -12.1519399
              ],
              [
                -74.3581943,
                -12.149087
              ],
              [
                -74.3554477,
                -12.1489192
              ],
              [
                -74.3535594,
                -12.1484158
              ],
              [
                -74.3525295,
                -12.1452272
              ],
              [
                -74.3514995,
                -12.1432134
              ],
              [
                -74.3514995,
                -12.1405282
              ],
              [
                -74.3520145,
                -12.1368361
              ],
              [
                -74.3554477,
                -12.135997
              ],
              [
                -74.3581943,
                -12.1363326
              ],
              [
                -74.3590526,
                -12.1378431
              ],
              [
                -74.3628292,
                -12.13885
              ],
              [
                -74.3642025,
                -12.1371718
              ],
              [
                -74.3659191,
                -12.1336474
              ],
              [
                -74.369009,
                -12.1309622
              ],
              [
                -74.3727855,
                -12.1286126
              ],
              [
                -74.3757038,
                -12.1259273
              ],
              [
                -74.3787937,
                -12.1217315
              ],
              [
                -74.3827419,
                -12.118207
              ],
              [
                -74.3873767,
                -12.1143467
              ],
              [
                -74.3909816,
                -12.1121648
              ],
              [
                -74.3942432,
                -12.1108221
              ],
              [
                -74.3956165,
                -12.1081366
              ],
              [
                -74.3981914,
                -12.1051154
              ],
              [
                -74.400423,
                -12.1041083
              ],
              [
                -74.4024829,
                -12.104444
              ],
              [
                -74.4045429,
                -12.1064582
              ],
              [
                -74.4067745,
                -12.1076331
              ],
              [
                -74.4083194,
                -12.1076331
              ],
              [
                -74.4102077,
                -12.1067939
              ],
              [
                -74.4117527,
                -12.103437
              ],
              [
                -74.4122676,
                -12.1019264
              ],
              [
                -74.4144992,
                -12.0997443
              ],
              [
                -74.4169025,
                -12.0990729
              ],
              [
                -74.4187908,
                -12.0947089
              ],
              [
                -74.4191341,
                -12.0920232
              ],
              [
                -74.4186191,
                -12.0896733
              ],
              [
                -74.4179325,
                -12.0874912
              ],
              [
                -74.4169025,
                -12.0868197
              ],
              [
                -74.4138126,
                -12.0849733
              ],
              [
                -74.4134693,
                -12.0826233
              ],
              [
                -74.4141559,
                -12.0797697
              ],
              [
                -74.4138126,
                -12.0764125
              ],
              [
                -74.4151859,
                -12.0755732
              ],
              [
                -74.4170742,
                -12.0743981
              ],
              [
                -74.4182758,
                -12.0718802
              ],
              [
                -74.4194774,
                -12.0690264
              ],
              [
                -74.4213657,
                -12.0678514
              ],
              [
                -74.423769,
                -12.0680192
              ],
              [
                -74.4266872,
                -12.0698658
              ],
              [
                -74.4285755,
                -12.0713766
              ],
              [
                -74.4299488,
                -12.0713766
              ],
              [
                -74.431837,
                -12.0713766
              ],
              [
                -74.4337253,
                -12.06953
              ],
              [
                -74.4349269,
                -12.0666763
              ],
              [
                -74.4361286,
                -12.0634868
              ],
              [
                -74.4369869,
                -12.0613044
              ],
              [
                -74.4397335,
                -12.0581149
              ],
              [
                -74.4399051,
                -12.0554289
              ],
              [
                -74.4402484,
                -12.0530786
              ],
              [
                -74.4411068,
                -12.0495531
              ],
              [
                -74.4417934,
                -12.0470349
              ],
              [
                -74.4433383,
                -12.045524
              ],
              [
                -74.4460849,
                -12.0463634
              ],
              [
                -74.4478015,
                -12.0478744
              ],
              [
                -74.4500331,
                -12.0498889
              ],
              [
                -74.4519214,
                -12.0495531
              ],
              [
                -74.4522647,
                -12.0477065
              ],
              [
                -74.4527797,
                -12.0451883
              ],
              [
                -74.4515781,
                -12.0433415
              ],
              [
                -74.4512348,
                -12.0409912
              ],
              [
                -74.4527797,
                -12.0378013
              ],
              [
                -74.4548397,
                -12.0344436
              ],
              [
                -74.4563846,
                -12.0344436
              ],
              [
                -74.4586162,
                -12.0351151
              ],
              [
                -74.4611911,
                -12.0359546
              ],
              [
                -74.4639377,
                -12.035283
              ],
              [
                -74.4661693,
                -12.0332684
              ],
              [
                -74.4680576,
                -12.0302463
              ],
              [
                -74.4696025,
                -12.0285674
              ],
              [
                -74.4720058,
                -12.0283995
              ],
              [
                -74.4738941,
                -12.0297427
              ],
              [
                -74.4756107,
                -12.0304142
              ],
              [
                -74.4776706,
                -12.029239
              ],
              [
                -74.4793872,
                -12.0275601
              ],
              [
                -74.4807605,
                -12.0278959
              ],
              [
                -74.4819622,
                -12.0294069
              ],
              [
                -74.4838504,
                -12.0331005
              ],
              [
                -74.486597,
                -12.033772
              ],
              [
                -74.4883136,
                -12.0327647
              ],
              [
                -74.4890003,
                -12.0305821
              ],
              [
                -74.4907169,
                -12.0294069
              ],
              [
                -74.4936351,
                -12.0283995
              ],
              [
                -74.4956951,
                -12.0283995
              ],
              [
                -74.496725,
                -12.0268885
              ],
              [
                -74.4974117,
                -12.0248738
              ],
              [
                -74.4979267,
                -12.022859
              ],
              [
                -74.4999866,
                -12.0218516
              ],
              [
                -74.5032482,
                -12.0211801
              ],
              [
                -74.5063381,
                -12.0208443
              ],
              [
                -74.5097713,
                -12.0216838
              ],
              [
                -74.5114879,
                -12.0201727
              ],
              [
                -74.5137195,
                -12.0188295
              ],
              [
                -74.5174961,
                -12.0178221
              ],
              [
                -74.5207576,
                -12.0171505
              ],
              [
                -74.5245342,
                -12.0156394
              ],
              [
                -74.5264225,
                -12.0158073
              ],
              [
                -74.529169,
                -12.014632
              ],
              [
                -74.5315723,
                -12.0124493
              ],
              [
                -74.5353488,
                -12.0089233
              ],
              [
                -74.5377521,
                -12.0060689
              ],
              [
                -74.5427303,
                -12.00036
              ],
              [
                -74.5461635,
                -11.9981772
              ],
              [
                -74.5502834,
                -11.9968339
              ]
            ]
          ]
        ]
      }
    },
    {
      "type": "Feature",
      "properties": {
        "slug": "lupaca",
        "name": "Lupaca",
        "start_date": "1150",
        "end_date": "1438",
        "region_type": "kingdom",
        "source_system": "OHM",
        "osm_type": "relation",
        "osm_id": "2744852"
      },
      "geometry": {
        "type": "Polygon",
        "coordinates": [
          [
            [
              -69.8071317,
              -15.7552468
            ],
            [
              -69.8538235,
              -15.7737497
            ],
            [
              -69.8812894,
              -15.8477445
            ],
            [
              -69.936221,
              -15.8213209
            ],
            [
              -69.9911526,
              -15.7658201
            ],
            [
              -70.1229886,
              -15.7605335
            ],
            [
              -70.1696805,
              -15.8715227
            ],
            [
              -70.1669339,
              -16.0167733
            ],
            [
              -70.1037625,
              -16.214672
            ],
            [
              -69.870303,
              -16.412372
            ],
            [
              -69.5709256,
              -16.4887623
            ],
            [
              -69.1259793,
              -16.5203633
            ],
            [
              -69.0325955,
              -16.4597902
            ],
            [
              -69.004784,
              -16.4087516
            ],
            [
              -68.9982612,
              -16.3603323
            ],
            [
              -68.9982612,
              -16.3188208
            ],
            [
              -68.983155,
              -16.2990504
            ],
            [
              -68.9440162,
              -16.2766414
            ],
            [
              -68.9069373,
              -16.3062998
            ],
            [
              -68.8904578,
              -16.3438606
            ],
            [
              -68.8760383,
              -16.3570381
            ],
            [
              -68.8520057,
              -16.36165
            ],
            [
              -68.808747,
              -16.3451784
            ],
            [
              -68.7881477,
              -16.3115719
            ],
            [
              -68.789521,
              -16.2825734
            ],
            [
              -68.8046272,
              -16.2522523
            ],
            [
              -68.8787849,
              -16.1962118
            ],
            [
              -68.9481361,
              -16.1368574
            ],
            [
              -69.0284743,
              -16.0444923
            ],
            [
              -69.0614333,
              -16.0062145
            ],
            [
              -69.1479506,
              -15.9692497
            ],
            [
              -69.2224506,
              -15.9289776
            ],
            [
              -69.2457965,
              -15.9349201
            ],
            [
              -69.2591861,
              -15.9609987
            ],
            [
              -69.263306,
              -15.9963149
            ],
            [
              -69.2447666,
              -16.0326148
            ],
            [
              -69.1754157,
              -16.0933195
            ],
            [
              -69.1548164,
              -16.1480701
            ],
            [
              -69.1644294,
              -16.1942336
            ],
            [
              -69.1822822,
              -16.225223
            ],
            [
              -69.2825345,
              -16.2278582
            ],
            [
              -69.3360915,
              -16.2133546
            ],
            [
              -69.362184,
              -16.1737904
            ],
            [
              -69.395143,
              -16.1500481
            ],
            [
              -69.4184889,
              -16.1249837
            ],
            [
              -69.3869032,
              -16.0827628
            ],
            [
              -69.3814101,
              -16.0246944
            ],
            [
              -69.4226088,
              -15.9692497
            ],
            [
              -69.5159926,
              -15.9283164
            ],
            [
              -69.6107497,
              -15.9111483
            ],
            [
              -69.6615614,
              -15.8768077
            ],
            [
              -69.7013869,
              -15.8583143
            ],
            [
              -69.7288527,
              -15.8490669
            ],
            [
              -69.739839,
              -15.8120731
            ],
            [
              -69.7618117,
              -15.7816803
            ],
            [
              -69.8071317,
              -15.7552468
            ]
          ]
        ]
      }
    }
  ]
}