{
  "type": "FeatureCollection",
  "features": [
    {
      "type": "Feature",
      "properties": {
        "slug": "kingdom-of-cyprus",
        "name": "Cyprus",
        "start_year": 1192,
        "end_year": 1489,
        "region_type": "kingdom",
        "continental_zone": "Europe",
        "source": "historical-basemaps"
      },
      "geometry": {
        "type": "MultiPolygon",
        "coordinates": [
          [
            [
              [
                33.78049758384968,
                35.20813711758318
              ],
              [
                33.77266601036335,
                35.12928351040544
              ],
              [
                33.92467406700398,
                34.95322760220232
              ],
              [
                33.79195693443562,
                34.95737036343279
              ],
              [
                33.7325773567989,
                34.908622347075365
              ],
              [
                33.68582061241413,
                34.934867464262865
              ],
              [
                33.53851226280476,
                34.94415625210466
              ],
              [
                33.48393538902546,
                34.79579123135271
              ],
              [
                33.131392511828196,
                34.6803356039113
              ],
              [
                32.95861724327351,
                34.6593395101613
              ],
              [
                32.91454604576374,
                34.635726534087084
              ],
              [
                32.91451552818562,
                34.541259371001146
              ],
              [
                32.81665709923054,
                34.53863867397966
              ],
              [
                32.784136805041086,
                34.625228487212084
              ],
              [
                32.60339263389851,
                34.61473425503435
              ],
              [
                32.357180628283274,
                34.6803356039113
              ],
              [
                32.27109054039265,
                34.71969565029802
              ],
              [
                32.270979914171946,
                34.81415518398943
              ],
              [
                32.19850066612507,
                34.861388765532396
              ],
              [
                32.143721613390696,
                35.04254492397966
              ],
              [
                32.18047622154499,
                35.058314882475756
              ],
              [
                32.23445800255085,
                35.01363333340349
              ],
              [
                32.30098632286335,
                35.016261659819506
              ],
              [
                32.48311522911335,
                35.15294226284685
              ],
              [
                32.59698394249226,
                35.15557440396013
              ],
              [
                32.744952234728586,
                35.11427267666521
              ],
              [
                32.779524836046946,
                35.15294226284685
              ],
              [
                32.81907180259968,
                35.28174551602068
              ],
              [
                32.79511168907429,
                35.36061056729021
              ],
              [
                33.07747939537312,
                35.31861075039568
              ],
              [
                33.37370971153523,
                35.30648001309099
              ],
              [
                33.53904250572468,
                35.33169516201677
              ],
              [
                33.90731719444538,
                35.436847292143725
              ],
              [
                34.21733764122273,
                35.573566042143725
              ],
              [
                34.45821288536335,
                35.64456137295427
              ],
              [
                34.24465468834187,
                35.51184424038591
              ],
              [
                34.04842666099812,
                35.40793188687029
              ],
              [
                33.78049758384968,
                35.20813711758318
              ]
            ]
          ]
        ]
      }
    },
    {
      "type": "Feature",
      "properties": {
        "slug": "kingdom-of-norway",
        "name": "Norway",
        "start_year": 872,
        "end_year": 1814,
        "region_type": "kingdom",
        "continental_zone": "Europe",
        "source": "historical-basemaps"
      },
      "geometry": {
        "type": "MultiPolygon",
        "coordinates": [
          [
            [
              [
                11.178854975207102,
                59.07028921719255
              ],
              [
                11.112050089342844,
                59.16510733242693
              ],
              [
                10.82919028709675,
                59.10584219570818
              ],
              [
                10.768937143786204,
                59.11769064541521
              ],
              [
                10.65680602501179,
                59.22439535732927
              ],
              [
                10.549271616442454,
                59.37863119717302
              ],
              [
                10.633557352526438,
                59.44985159512224
              ],
              [
                10.569742235644114,
                59.580504976469896
              ],
              [
                10.40705779503132,
                59.49734839077654
              ],
              [
                10.378625902636301,
                59.3667484151906
              ],
              [
                10.429588350756418,
                59.25997122402849
              ],
              [
                10.363341364367258,
                59.21253546353044
              ],
              [
                10.211065325243723,
                59.07028921719255
              ],
              [
                10.172335657580149,
                58.987365328032396
              ],
              [
                9.937624010546457,
                58.940002046782396
              ],
              [
                9.697579416735422,
                58.99921759243669
              ],
              [
                9.346200022204172,
                58.84530981655779
              ],
              [
                9.371620211107981,
                58.78614767666521
              ],
              [
                9.14589408348347,
                58.656066499907396
              ],
              [
                8.921734842760813,
                58.5378909933156
              ],
              [
                8.175240549547922,
                58.1720462667531
              ],
              [
                8.153747591479075,
                58.08954580898943
              ],
              [
                8.030196222765696,
                58.065978609282396
              ],
              [
                7.908431086046946,
                58.065978609282396
              ],
              [
                6.958641085131418,
                57.97173651333513
              ],
              [
                6.87418130348469,
                58.07775457974138
              ],
              [
                6.725660833819163,
                58.13668783779802
              ],
              [
                6.643655333025706,
                58.042411409575365
              ],
              [
                6.479116472704661,
                58.08954580898943
              ],
              [
                6.651709589464915,
                58.1720462667531
              ],
              [
                6.231332334978831,
                58.27817877407732
              ],
              [
                5.873840364916575,
                58.431598268706225
              ],
              [
                5.615484270556223,
                58.45521505947771
              ],
              [
                5.399735006792795,
                58.715175234038256
              ],
              [
                5.53099921654011,
                58.88080938931169
              ],
              [
                5.474647554857981,
                58.97552832241716
              ],
              [
                5.627488169176829,
                58.96367987271013
              ],
              [
                5.665794405443918,
                58.821647249419115
              ],
              [
                5.793662104113352,
                58.91632422085466
              ],
              [
                6.093553575976145,
                58.79797705288591
              ],
              [
                5.983710798723948,
                58.88672217007341
              ],
              [
                6.041155848009836,
                58.951842867094896
              ],
              [
                6.266145262224924,
                58.993285738188646
              ],
              [
                6.050548109514963,
                58.981444917876146
              ],
              [
                5.940400633318674,
                58.93407782192888
              ],
              [
                5.822302374346506,
                59.01698263760271
              ],
              [
                5.77185729454304,
                59.076217256743334
              ],
              [
                6.032578501208079,
                59.200667940337084
              ],
              [
                6.237526449663889,
                59.28369482632341
              ],
              [
                6.020303759081614,
                59.25403555508318
              ],
              [
                5.87749579857136,
                59.31335028286638
              ],
              [
                6.076250586016428,
                59.420165621001146
              ],
              [
                6.113430532915842,
                59.52704580898943
              ],
              [
                5.815908941729319,
                59.31335028286638
              ],
              [
                5.799501928789866,
                59.43203695889177
              ],
              [
                5.680468592150461,
                59.50923117275896
              ],
              [
                5.682913813097727,
                59.414229952055834
              ],
              [
                5.717149290545237,
                59.3370738851613
              ],
              [
                5.528521570666086,
                59.26589926357927
              ],
              [
                5.343843969805491,
                59.26589926357927
              ],
              [
                5.350331816180002,
                59.39049109097185
              ],
              [
                5.282588991625559,
                59.27183111782732
              ],
              [
                5.176648649676096,
                59.30741461392107
              ],
              [
                5.086604151232493,
                59.50923117275896
              ],
              [
                5.382628950579416,
                59.71127279873552
              ],
              [
                5.418557676775706,
                59.51516684170427
              ],
              [
                5.44930747459675,
                59.6577640401906
              ],
              [
                5.646168264849436,
                59.586452089507006
              ],
              [
                5.741123232348215,
                59.628043733794115
              ],
              [
                5.666552576525461,
                59.675597749907396
              ],
              [
                5.969901594622385,
                59.71127279873552
              ],
              [
                6.185389551623118,
                59.82426031704607
              ],
              [
                5.910496267779124,
                59.752894960600756
              ],
              [
                5.694047483904612,
                59.752894960600756
              ],
              [
                5.543337854845774,
                59.82426031704607
              ],
              [
                5.631734404070627,
                59.88376577969255
              ],
              [
                5.805763277514231,
                59.94925268765154
              ],
              [
                5.894064459307444,
                60.16126211758318
              ],
              [
                5.52461961220051,
                60.167525850493334
              ],
              [
                5.279052290423166,
                60.12533529873552
              ],
              [
                5.096230539782297,
                60.26413305874529
              ],
              [
                5.261776003344309,
                60.327132784087084
              ],
              [
                5.551142248614084,
                60.50888785000505
              ],
              [
                5.455831560595286,
                60.592406831938646
              ],
              [
                5.255226644976389,
                60.56414373989763
              ],
              [
                5.075472387774241,
                60.591693483549975
              ],
              [
                4.980375322802317,
                60.68924292202654
              ],
              [
                5.108526739580881,
                60.90610846157732
              ],
              [
                5.387047800524485,
                61.02558477993669
              ],
              [
                5.119612726671946,
                61.13709982510271
              ],
              [
                5.018313440783274,
                61.30513723965349
              ],
              [
                5.14095262001301,
                61.38955649014177
              ],
              [
                5.101146254046213,
                61.69858893032732
              ],
              [
                5.148983511431467,
                61.7408824789113
              ],
              [
                5.416030916674387,
                61.76953848477068
              ],
              [
                5.592420134051096,
                61.78969534512224
              ],
              [
                5.797088179095041,
                61.76991232510271
              ],
              [
                5.833900007708323,
                61.81940802212419
              ],
              [
                5.71946767280842,
                61.87954672451677
              ],
              [
                5.528184446795237,
                61.93255194302263
              ],
              [
                5.425686392290842,
                62.009261690337084
              ],
              [
                5.469670805437815,
                62.09369619961443
              ],
              [
                5.564593824846995,
                62.15030249233904
              ],
              [
                5.823631319506418,
                62.17901953335466
              ],
              [
                6.05348924110676,
                62.33480032559099
              ],
              [
                6.30839065025593,
                62.285827242094896
              ],
              [
                6.532513651354563,
                62.33569677944841
              ],
              [
                6.612958940966379,
                62.58333548184099
              ],
              [
                6.988682779772532,
                62.54157217617693
              ],
              [
                7.289257082445872,
                62.48556479092302
              ],
              [
                7.546737703783762,
                62.59925421353044
              ],
              [
                7.101563486559641,
                62.704642854887865
              ],
              [
                6.981860193712961,
                62.84614142056169
              ],
              [
                7.088180098040354,
                62.91019781704607
              ],
              [
                7.606488260729563,
                62.90405615444841
              ],
              [
                7.989161524279368,
                62.94026907559099
              ],
              [
                8.231293711169016,
                62.84140738125505
              ],
              [
                8.257966074450266,
                63.05431707974138
              ],
              [
                8.472289118273508,
                63.17551764126482
              ],
              [
                8.605903658373606,
                63.32509573574724
              ],
              [
                8.95719722221638,
                63.40404089565935
              ],
              [
                9.154221567614329,
                63.3190189230031
              ],
              [
                9.216067347033274,
                63.283561311919115
              ],
              [
                9.44089797447468,
                63.497523866850756
              ],
              [
                9.832105669482004,
                63.683620058257006
              ],
              [
                9.870058092577707,
                63.87643393154802
              ],
              [
                10.066159281237375,
                64.05550726528826
              ],
              [
                10.739846262438547,
                64.38617285366716
              ],
              [
                10.890596422655832,
                64.47251471157732
              ],
              [
                10.996618303759348,
                64.49424322720232
              ],
              [
                11.213500055773508,
                64.41573675747576
              ],
              [
                11.364055666430247,
                64.41601904507341
              ],
              [
                11.507721933825266,
                64.51671942349138
              ],
              [
                11.406536135180247,
                64.61703833218279
              ],
              [
                11.469941172106516,
                64.67464026089372
              ],
              [
                11.68972781608845,
                64.77565344448747
              ],
              [
                11.895566973192942,
                64.91273077603044
              ],
              [
                12.11214164207722,
                65.12991675015154
              ],
              [
                12.22221187065388,
                65.1011463033742
              ],
              [
                12.526453051073801,
                65.10895117397966
              ],
              [
                12.496170076830637,
                65.3844714986867
              ],
              [
                12.284087213976633,
                65.4348865377492
              ],
              [
                12.479218515856516,
                65.61703070278826
              ],
              [
                12.709057840807688,
                65.90887793179216
              ],
              [
                13.087389025194895,
                65.88041266079607
              ],
              [
                13.108799013598215,
                66.0337406026906
              ],
              [
                13.15190700004841,
                66.13612707729997
              ],
              [
                13.581009897692454,
                66.18811377163591
              ],
              [
                13.4028015465572,
                66.34881933804216
              ],
              [
                13.255395922167551,
                66.39254339810076
              ],
              [
                13.168647798998606,
                66.45833929653826
              ],
              [
                13.242076906664622,
                66.5685306417531
              ],
              [
                13.38319304893757,
                66.67895086880388
              ],
              [
                13.592026743395579,
                66.65732153530779
              ],
              [
                13.991646799547922,
                66.68745764370622
              ],
              [
                13.747189554674875,
                66.92240484829607
              ],
              [
                13.859066996081125,
                66.95944555874529
              ],
              [
                14.05473903129841,
                66.9745593893117
              ],
              [
                14.373078379137766,
                67.09309729214372
              ],
              [
                14.639268908007395,
                67.12311133022966
              ],
              [
                14.777660402758372,
                67.21653326626482
              ],
              [
                14.616473230822336,
                67.2452655660695
              ],
              [
                14.569208178026926,
                67.32934149380388
              ],
              [
                14.699147257311594,
                67.37438543911638
              ],
              [
                14.976157221300852,
                67.52293738003435
              ],
              [
                15.226662668688547,
                67.50855597134294
              ],
              [
                15.384503397448313,
                67.46444281216326
              ],
              [
                15.579943689806711,
                67.58331640835466
              ],
              [
                15.745667490465891,
                67.59729345913591
              ],
              [
                15.761817965014231,
                67.67628821011247
              ],
              [
                15.5722351403072,
                67.82069738979997
              ],
              [
                15.85421470115925,
                67.92523535366716
              ],
              [
                15.919741663439524,
                68.04896887417497
              ],
              [
                16.071057352526438,
                68.04467352505388
              ],
              [
                16.23272803734089,
                67.91109045620622
              ],
              [
                16.41161445091511,
                67.87424811001482
              ],
              [
                16.64854720543171,
                68.04574926968279
              ],
              [
                16.521903070910227,
                68.34090002651872
              ],
              [
                16.719140085680735,
                68.31135901089372
              ],
              [
                17.033274683459055,
                68.33763464565935
              ],
              [
                17.126420053942454,
                68.41608008022966
              ],
              [
                16.85475638817097,
                68.55778082485857
              ],
              [
                17.03973487327839,
                68.65852697964372
              ],
              [
                17.40691474388386,
                68.77154120083513
              ],
              [
                17.44891456077839,
                68.88699682827654
              ],
              [
                17.56586364219929,
                68.97436865444841
              ],
              [
                17.89471343467976,
                69.03507574673357
              ],
              [
                17.92814734886433,
                69.0050769674367
              ],
              [
                18.051545176012766,
                69.027858339507
              ],
              [
                18.097353968127024,
                69.05800207729997
              ],
              [
                18.319052729113352,
                69.35937842007341
              ],
              [
                18.553240808947336,
                69.2468753683156
              ],
              [
                18.984845194323313,
                69.31544073696794
              ],
              [
                19.170155558092844,
                69.25552710171404
              ],
              [
                19.28917220543171,
                69.21058996792497
              ],
              [
                19.579979929430735,
                69.1810565816945
              ],
              [
                17.009382981781513,
                67.24776331723984
              ],
              [
                14.536054902202025,
                63.09760264133526
              ],
              [
                14.34372061271587,
                62.94812856407893
              ],
              [
                13.154899574856202,
                62.024227120754574
              ],
              [
                12.791736635668528,
                61.329948030669115
              ],
              [
                12.5973816246822,
                61.02862127896013
              ],
              [
                12.17403891990925,
                60.956405245024584
              ],
              [
                12.431030306322825,
                60.625846468169115
              ],
              [
                12.547958406908762,
                60.43387182827654
              ],
              [
                12.435860666735422,
                60.27809866543474
              ],
              [
                12.422772440417063,
                60.03877981777849
              ],
              [
                12.487895457193432,
                58.56291949268916
              ],
              [
                11.736376187990075,
                57.69820870971917
              ],
              [
                11.609838518603098,
                57.806945406157396
              ],
              [
                11.709144625170481,
                58.024737917143725
              ],
              [
                11.80188659141804,
                58.17793997402849
              ],
              [
                11.613860163195383,
                58.24734839077654
              ],
              [
                11.431094202502024,
                58.20152624722185
              ],
              [
                11.406709703905832,
                58.33127173062029
              ],
              [
                11.221358332140696,
                58.30832251187029
              ],
              [
                11.140391382677805,
                58.85121878262224
              ],
              [
                11.039242777331125,
                58.91039618130388
              ],
              [
                11.178854975207102,
                59.07028921719255
              ]
            ]
          ],
          [
            [
              [
                -24.218850102917898,
                65.5337406026906
              ],
              [
                -24.161536183850515,
                65.60662420864763
              ],
              [
                -23.972643819348562,
                65.68710669155779
              ],
              [
                -23.57052132178997,
                65.6805683004445
              ],
              [
                -23.266970601575125,
                65.72486456509294
              ],
              [
                -23.426138844983328,
                65.82667120571794
              ],
              [
                -23.608294454114187,
                65.97963293667497
              ],
              [
                -23.46556946326946,
                66.13343390103044
              ],
              [
                -23.341095891492117,
                66.13366278286638
              ],
              [
                -22.910920110242117,
                65.9444080221242
              ],
              [
                -22.609297719495046,
                65.92308386440935
              ],
              [
                -22.474139180676687,
                65.99637945767107
              ],
              [
                -22.560055699841726,
                66.1131854879445
              ],
              [
                -22.841093984143484,
                66.28103979702654
              ],
              [
                -22.676369634167898,
                66.3913074361867
              ],
              [
                -22.20981880714153,
                66.28955420132341
              ],
              [
                -21.77907272865032,
                66.2537341939992
              ],
              [
                -21.44324966956829,
                66.12991675015154
              ],
              [
                -21.242489781872976,
                65.88181646938982
              ],
              [
                -21.29616829444622,
                65.6994129049367
              ],
              [
                -21.49471565772747,
                65.56796606655779
              ],
              [
                -21.079720464246023,
                65.20544775601091
              ],
              [
                -20.830618825452078,
                65.36559637661638
              ],
              [
                -20.672482457654226,
                65.42404516812029
              ],
              [
                -20.388926473157156,
                65.47545202847185
              ],
              [
                -20.168446507947195,
                65.55589636440935
              ],
              [
                -20.14127632667278,
                65.65056952114763
              ],
              [
                -20.217385259167898,
                66.00059851284685
              ],
              [
                -19.973305669324148,
                66.11072882290544
              ],
              [
                -19.747664418713796,
                65.90652807827654
              ],
              [
                -19.55601021339153,
                65.7682605611867
              ],
              [
                -19.335995641247976,
                65.67393072720232
              ],
              [
                -19.23918243934368,
                65.66683539028826
              ],
              [
                -19.155894246594656,
                65.72528418179216
              ],
              [
                -19.27452942420696,
                65.92930182095232
              ],
              [
                -19.165436711804617,
                66.00257452603044
              ],
              [
                -19.044123616711843,
                66.01741369839372
              ],
              [
                -18.676299062268484,
                66.09119757290544
              ],
              [
                -18.36903282691692,
                65.89450415249529
              ],
              [
                -18.127926793591726,
                65.78552588101091
              ],
              [
                -17.88376900245403,
                65.75682409878435
              ],
              [
                -17.861041036145437,
                65.8370853292531
              ],
              [
                -18.022482839123953,
                66.07779272671404
              ],
              [
                -17.569674458997,
                66.0128665792531
              ],
              [
                -16.922141042248953,
                65.97755011196794
              ],
              [
                -16.56798645545696,
                66.0293460714406
              ],
              [
                -16.37568565894817,
                66.13209112759294
              ],
              [
                -16.385222402112234,
                66.4544177877492
              ],
              [
                -15.859886136548269,
                66.41871985073747
              ],
              [
                -15.573985066907156,
                66.20676764126482
              ],
              [
                -15.070752110974539,
                66.06138952847185
              ],
              [
                -14.763337102429617,
                66.05466040249529
              ],
              [
                -14.640680280225027,
                65.94529303188982
              ],
              [
                -14.754071202771414,
                65.6970706808156
              ],
              [
                -14.400113072888601,
                65.56669195767107
              ],
              [
                -13.646900144116628,
                65.49534186001482
              ],
              [
                -13.589788404004324,
                65.43004187222185
              ],
              [
                -13.525573697583425,
                65.18334540005388
              ],
              [
                -13.557373967663992,
                65.00938757534685
              ],
              [
                -13.625843968884695,
                64.89389380093279
              ],
              [
                -13.694187131421316,
                64.77862890835466
              ],
              [
                -13.893424954907644,
                64.72070654507341
              ],
              [
                -14.26032158424114,
                64.71282538052263
              ],
              [
                -14.348122563855398,
                64.66953619595232
              ],
              [
                -14.365896192090261,
                64.47555883999529
              ],
              [
                -14.597537961499441,
                64.26713141079607
              ],
              [
                -14.82120033790325,
                64.19502600308122
              ],
              [
                -15.076808896558035,
                64.20890387173357
              ],
              [
                -15.266535726086843,
                64.28020819302263
              ],
              [
                -15.634139981763113,
                64.05748327847185
              ],
              [
                -15.876496282117117,
                63.99265631313982
              ],
              [
                -16.53383919288372,
                63.78413351650896
              ],
              [
                -16.917538609997976,
                63.73341330166521
              ],
              [
                -17.244381871716726,
                63.7328258382863
              ],
              [
                -17.591462102429617,
                63.68934210415544
              ],
              [
                -17.94410416175579,
                63.4248424398488
              ],
              [
                -18.15692230750774,
                63.36746176357927
              ],
              [
                -18.641863790051687,
                63.323817812163256
              ],
              [
                -18.960791554944265,
                63.337462984282396
              ],
              [
                -19.553091969983328,
                63.41468008633318
              ],
              [
                -19.82674690772747,
                63.47830160732927
              ],
              [
                -20.403946843640554,
                63.69834478970232
              ],
              [
                -20.87988182594036,
                63.74029120083513
              ],
              [
                -21.079123464123953,
                63.7113414632863
              ],
              [
                -21.54750534583782,
                63.71762045498552
              ],
              [
                -22.37291046668743,
                63.773185335356615
              ],
              [
                -22.506588902966726,
                63.86582144375505
              ],
              [
                -22.311337438122976,
                63.951984010893725
              ],
              [
                -21.80411049415325,
                64.11036261196794
              ],
              [
                -21.488474813000906,
                64.37614019985857
              ],
              [
                -21.856713262097585,
                64.3826175558156
              ],
              [
                -22.086178746716726,
                64.43959387417497
              ],
              [
                -22.27860542823528,
                64.6188007223195
              ],
              [
                -22.3924226432011,
                64.66170080776872
              ],
              [
                -22.55358978797649,
                64.62545355435076
              ],
              [
                -23.257531133191335,
                64.57384070034685
              ],
              [
                -23.50830742408489,
                64.55902441616716
              ],
              [
                -23.674576726453054,
                64.65931280728044
              ],
              [
                -23.611166921155203,
                64.74570044155779
              ],
              [
                -23.43667122413372,
                64.80359228726091
              ],
              [
                -23.13564774085735,
                64.8473392355031
              ],
              [
                -22.77842232276653,
                64.85519751187029
              ],
              [
                -22.450291600720632,
                64.90623053188982
              ],
              [
                -21.97829147865032,
                64.95033606167497
              ],
              [
                -21.809164968030203,
                65.03735693569841
              ],
              [
                -21.72894951392864,
                65.18245276089372
              ],
              [
                -21.793759313122976,
                65.29845007534685
              ],
              [
                -21.954796758191335,
                65.37804754849138
              ],
              [
                -22.146489110486257,
                65.38492163296404
              ],
              [
                -22.36159225990032,
                65.44994696255388
              ],
              [
                -22.81372162391399,
                65.47090490933122
              ],
              [
                -23.18323990394329,
                65.4265857564992
              ],
              [
                -23.374228444592703,
                65.3535877096242
              ],
              [
                -23.67845245887493,
                65.3166995870656
              ],
              [
                -24.146887746350515,
                65.43931921597185
              ],
              [
                -24.218850102917898,
                65.5337406026906
              ]
            ]
          ]
        ]
      }
    },
    {
      "type": "Feature",
      "properties": {
        "slug": "sardinia",
        "name": "Sardinia",
        "start_year": 900,
        "end_year": 1420,
        "region_type": "kingdom",
        "continental_zone": "Europe",
        "source": "historical-basemaps"
      },
      "geometry": {
        "type": "MultiPolygon",
        "coordinates": [
          [
            [
              [
                8.819559130175364,
                38.976913057524584
              ],
              [
                8.69609931419636,
                38.99581106777849
              ],
              [
                8.582376512987864,
                39.06576880093279
              ],
              [
                8.417174372179758,
                39.212203584868334
              ],
              [
                8.374221834643137,
                39.307845674712084
              ],
              [
                8.46503356407429,
                39.639937959868334
              ],
              [
                8.508480104906809,
                39.94647558804216
              ],
              [
                8.487975153429758,
                40.20879706021013
              ],
              [
                8.42818931053425,
                40.46485479946794
              ],
              [
                8.20155242393757,
                40.66299780483904
              ],
              [
                8.159486803515207,
                40.78467520352068
              ],
              [
                8.240707430346262,
                40.855338655669115
              ],
              [
                8.405552896960032,
                40.86208304043474
              ],
              [
                8.76607230613972,
                40.86280020352068
              ],
              [
                8.91842368553425,
                40.94002493496599
              ],
              [
                9.30620387504841,
                41.184447847563646
              ],
              [
                9.590851816637766,
                40.902911745268725
              ],
              [
                9.793739351732981,
                40.56368216152849
              ],
              [
                9.787847551806223,
                40.441955171782396
              ],
              [
                9.695723566515696,
                40.31368979092302
              ],
              [
                9.630800280077707,
                40.09585531826677
              ],
              [
                9.698009523852122,
                39.69349630947771
              ],
              [
                9.648338350756418,
                39.457213960844896
              ],
              [
                9.478920015795481,
                39.144157015044115
              ],
              [
                9.296275171740305,
                39.23312338467302
              ],
              [
                9.062541994555247,
                39.21989019985857
              ],
              [
                8.998516115648997,
                39.175094209868334
              ],
              [
                8.931367907030832,
                39.053702913481615
              ],
              [
                8.819559130175364,
                38.976913057524584
              ]
            ]
          ]
        ]
      }
    },
    {
      "type": "Feature",
      "properties": {
        "slug": "kingdom-of-hungary",
        "name": "Hungary",
        "start_year": 1000,
        "end_year": 1918,
        "region_type": "kingdom",
        "continental_zone": "Europe",
        "source": "historical-basemaps"
      },
      "geometry": {
        "type": "MultiPolygon",
        "coordinates": [
          [
            [
              [
                16.44831660928274,
                46.10373209181867
              ],
              [
                16.53529370165002,
                46.364663368920475
              ],
              [
                16.29610669764004,
                46.40815191510411
              ],
              [
                16.513549428558193,
                46.62559464602229
              ],
              [
                16.44831660928274,
                46.77780455766501
              ],
              [
                16.44831660928274,
                46.930014469307736
              ],
              [
                16.557037974741846,
                47.06048010785864
              ],
              [
                16.557037974741846,
                47.190945746409554
              ],
              [
                16.644015067109123,
                47.299667111868644
              ],
              [
                16.557037974741846,
                47.495365569695
              ],
              [
                16.48161604547856,
                48.19584933203984
              ],
              [
                17.353421976729678,
                48.963104003392715
              ],
              [
                17.869848462660357,
                48.80002195520407
              ],
              [
                18.11447153494329,
                48.85438263793361
              ],
              [
                18.11447153494329,
                48.99028434475747
              ],
              [
                18.223192900402367,
                48.99028434475747
              ],
              [
                18.25037324176715,
                49.180546734310894
              ],
              [
                18.522176655414867,
                49.56107151341769
              ],
              [
                18.926706865198312,
                49.62196029694567
              ],
              [
                19.108236977475215,
                49.591705278232865
              ],
              [
                19.13849199618805,
                49.712725353084124
              ],
              [
                19.380532145890598,
                49.803490409222576
              ],
              [
                19.5620622581675,
                49.712725353084124
              ],
              [
                19.5620622581675,
                49.53119524080722
              ],
              [
                19.713337351731596,
                49.53119524080722
              ],
              [
                19.8948674640085,
                49.47068520338159
              ],
              [
                20.015887538859758,
                49.803490409222576
              ],
              [
                20.348692744700756,
                49.742980371796946
              ],
              [
                20.53022285697766,
                49.803490409222576
              ],
              [
                20.681497950541754,
                49.652215315658495
              ],
              [
                20.893283081531493,
                49.742980371796946
              ],
              [
                20.802518025393013,
                49.83374542793541
              ],
              [
                20.893283081531493,
                49.83374542793541
              ],
              [
                20.984048137669916,
                49.742980371796946
              ],
              [
                21.13532323123401,
                49.83374542793541
              ],
              [
                21.286598324798106,
                49.77323539050977
              ],
              [
                21.316853343510914,
                49.86400044664822
              ],
              [
                21.768063558826285,
                49.743677722564115
              ],
              [
                21.7706786242032,
                49.742980371796946
              ],
              [
                21.7706786242032,
                49.591705278232865
              ],
              [
                22.881450949144885,
                49.224508661608304
              ],
              [
                22.94848414902062,
                48.97036688703802
              ],
              [
                24.13195194110305,
                48.811120856544996
              ],
              [
                27.448761213864195,
                46.525456264929225
              ],
              [
                27.366442631580057,
                46.34023945478992
              ],
              [
                26.517477870772623,
                45.81779960198533
              ],
              [
                23.056313845942228,
                45.03413982277846
              ],
              [
                22.6644839563388,
                44.64230993317503
              ],
              [
                22.337959048335946,
                44.772919896376166
              ],
              [
                22.07673912193364,
                44.4463949883733
              ],
              [
                21.35838432432736,
                44.772919896376166
              ],
              [
                20.994183465401093,
                44.70007972459091
              ],
              [
                20.705334508321627,
                44.64230993317503
              ],
              [
                20.31365692137966,
                44.90109301699363
              ],
              [
                20.29067094383346,
                44.89965639339698
              ],
              [
                19.785081820473508,
                44.93614220642296
              ],
              [
                17.9489735543858,
                44.81277507539258
              ],
              [
                17.82669376197687,
                45.13885452181643
              ],
              [
                17.337574592341113,
                45.13885452181643
              ],
              [
                16.80769549190238,
                44.935054867801526
              ],
              [
                15.911678518060839,
                45.63098013641212
              ],
              [
                16.122152512905487,
                45.581869537615034
              ],
              [
                16.209129605272764,
                45.73407944925776
              ],
              [
                16.078663966721834,
                45.88628936090049
              ],
              [
                16.209129605272764,
                46.147220638002295
              ],
              [
                16.44831660928274,
                46.10373209181867
              ]
            ]
          ]
        ]
      }
    },
    {
      "type": "Feature",
      "properties": {
        "slug": "republic-of-venice",
        "name": "Venice",
        "start_year": 697,
        "end_year": 1797,
        "region_type": "city-state",
        "continental_zone": "Europe",
        "source": "historical-basemaps"
      },
      "geometry": {
        "type": "MultiPolygon",
        "coordinates": [
          [
            [
              [
                13.36769584129597,
                45.69448813076677
              ],
              [
                13.156165155871165,
                45.72652395840349
              ],
              [
                13.104608568651926,
                45.58238562222185
              ],
              [
                12.898650202257883,
                45.55837210293474
              ],
              [
                12.448155436022532,
                45.394286714751146
              ],
              [
                12.483212503893625,
                45.46231421108904
              ],
              [
                12.279743227465403,
                45.40228994961443
              ],
              [
                12.251417192919504,
                45.290282808501146
              ],
              [
                12.180371317370188,
                45.27027853604021
              ],
              [
                12.176189455492747,
                45.21429022427263
              ],
              [
                11.970674173705603,
                45.436241641779475
              ],
              [
                12.144820791307112,
                45.76276654978233
              ],
              [
                12.6454923169115,
                45.91514484018367
              ],
              [
                13.080858860915342,
                45.98044982178425
              ],
              [
                13.36769584129597,
                45.69448813076677
              ]
            ]
          ],
          [
            [
              [
                14.174608263476145,
                45.01038702603044
              ],
              [
                14.188512835009348,
                44.94254644985857
              ],
              [
                14.060400042040598,
                44.8947025167531
              ],
              [
                13.991256746752512,
                44.783099733549975
              ],
              [
                13.895102533800852,
                44.759181581694506
              ],
              [
                13.672059092028391,
                45.05035742397966
              ],
              [
                13.643589052660715,
                45.17908819790544
              ],
              [
                13.526890787585032,
                45.454310976225756
              ],
              [
                13.556276354296457,
                45.45960196133318
              ],
              [
                13.749085459215891,
                45.49433096523943
              ],
              [
                13.799984011156809,
                45.566371523100756
              ],
              [
                13.995128603323352,
                45.45800996897967
              ],
              [
                13.951591948922967,
                45.39270498737909
              ],
              [
                13.799213658521651,
                45.30563167857832
              ],
              [
                13.908055294522583,
                44.979106770575456
              ],
              [
                14.174608263476145,
                45.01038702603044
              ]
            ]
          ]
        ]
      }
    },
    {
      "type": "Feature",
      "properties": {
        "slug": "corsica",
        "name": "Corsica",
        "start_year": 1000,
        "end_year": 1768,
        "region_type": "kingdom",
        "continental_zone": "Europe",
        "source": "historical-basemaps"
      },
      "geometry": {
        "type": "MultiPolygon",
        "coordinates": [
          [
            [
              [
                9.432161364062082,
                42.79413565273943
              ],
              [
                9.405494722826731,
                42.58059652920427
              ],
              [
                9.458552393419993,
                42.556056581694506
              ],
              [
                9.48671153496052,
                42.40637930508318
              ],
              [
                9.452508959276926,
                42.048305116850756
              ],
              [
                9.357456240160715,
                41.901210390288256
              ],
              [
                9.304538759691965,
                41.57526739712419
              ],
              [
                9.173024210436594,
                41.349906526762865
              ],
              [
                9.038939508898508,
                41.369498811919115
              ],
              [
                9.013268503649485,
                41.4576793539113
              ],
              [
                8.82875255058552,
                41.49197729702654
              ],
              [
                8.726921114428293,
                41.56056936855974
              ],
              [
                8.854648622973215,
                41.653678499419115
              ],
              [
                8.823254618151438,
                41.68797644253435
              ],
              [
                8.626926455004465,
                41.73208960171404
              ],
              [
                8.742449793322336,
                41.88159903164568
              ],
              [
                8.692829164965403,
                41.91346319790544
              ],
              [
                8.561865839464915,
                41.88159903164568
              ],
              [
                8.537932428820383,
                41.947780214507006
              ],
              [
                8.589588198168528,
                41.95759161587419
              ],
              [
                8.668312105639231,
                42.028686128813646
              ],
              [
                8.626454386217844,
                42.097343050200365
              ],
              [
                8.51069835136677,
                42.13412436123552
              ],
              [
                8.517246279223215,
                42.207702242094896
              ],
              [
                8.62842181633259,
                42.261657320219896
              ],
              [
                8.500446352465403,
                42.3597789632863
              ],
              [
                8.609300646288645,
                42.48734625454607
              ],
              [
                8.879002603991282,
                42.62476690884294
              ],
              [
                9.000392946703684,
                42.63458975430193
              ],
              [
                9.018427881701243,
                42.691039644438646
              ],
              [
                9.149460825426829,
                42.71067007656755
              ],
              [
                9.237692865832102,
                42.66403921719255
              ],
              [
                9.280391726000559,
                42.72785528774919
              ],
              [
                9.270520243151438,
                42.88251074429216
              ],
              [
                9.30318931053425,
                42.9831920492238
              ],
              [
                9.367051157458079,
                42.98810156460466
              ],
              [
                9.41423896263386,
                42.90952643032732
              ],
              [
                9.432161364062082,
                42.79413565273943
              ]
            ]
          ]
        ]
      }
    },
    {
      "type": "Feature",
      "properties": {
        "slug": "duchy-of-benevento",
        "name": "Dutchy of Benevento",
        "start_year": 571,
        "end_year": 1053,
        "region_type": "kingdom",
        "continental_zone": "Europe",
        "source": "historical-basemaps"
      },
      "geometry": {
        "type": "MultiPolygon",
        "coordinates": [
          [
            [
              [
                14.922405275805247,
                41.97177084561052
              ],
              [
                15.448605570299875,
                41.8567272054738
              ],
              [
                15.597988364502797,
                41.079758988417325
              ],
              [
                15.76654168498807,
                40.574099026961534
              ],
              [
                15.666200670702707,
                40.09186133022966
              ],
              [
                15.515924486620676,
                40.06594809170427
              ],
              [
                15.432033571703684,
                39.988971315581225
              ],
              [
                15.027263674242747,
                40.2121959554738
              ],
              [
                14.898671183092844,
                40.24145849819841
              ],
              [
                14.992320093615305,
                40.372218691069506
              ],
              [
                14.951005014879954,
                40.551478944975756
              ],
              [
                14.743317636950266,
                40.70481451626482
              ],
              [
                14.334127459032786,
                40.59360464688005
              ],
              [
                14.349769625170481,
                40.64252432461443
              ],
              [
                14.494590792162668,
                40.72996100063982
              ],
              [
                14.370310816271555,
                40.85147055264177
              ],
              [
                14.239995989306223,
                40.8529430257863
              ],
              [
                14.050873789294016,
                40.76751288052263
              ],
              [
                13.941878351671946,
                40.99803503628435
              ],
              [
                13.852500948412668,
                41.09095724697771
              ],
              [
                13.797006639940989,
                41.193446718413256
              ],
              [
                13.760507236067028,
                41.20669841656925
              ],
              [
                13.498390230639231,
                41.301864229399584
              ],
              [
                13.760507236067037,
                41.20669841656926
              ],
              [
                13.81318839201747,
                41.31830386789061
              ],
              [
                13.979230409071146,
                41.33490806959598
              ],
              [
                13.995834610776512,
                41.351512271301345
              ],
              [
                14.029043014187248,
                41.40132487641745
              ],
              [
                13.962626207365776,
                41.46774168323892
              ],
              [
                13.962626207365776,
                41.51755428835502
              ],
              [
                13.929417803955044,
                41.6337837002926
              ],
              [
                13.879605198838942,
                41.6337837002926
              ],
              [
                13.879605198838942,
                41.66699210370333
              ],
              [
                13.929417803955044,
                41.750013112230164
              ],
              [
                13.863000997133572,
                41.7832215156409
              ],
              [
                13.863000997133572,
                41.750013112230164
              ],
              [
                13.647146374963796,
                41.799825717346266
              ],
              [
                13.647146374963796,
                41.750013112230164
              ],
              [
                13.597333769847694,
                41.799825717346266
              ],
              [
                13.569051315665952,
                41.85639062570975
              ],
              [
                14.43918428616665,
                41.87870172751745
              ],
              [
                14.738527330858957,
                42.0471568929738
              ],
              [
                14.922405275805247,
                41.97177084561052
              ]
            ]
          ],
          [
            [
              [
                14.622022661669504,
                36.776141725737475
              ],
              [
                14.215912851794016,
                37.04932364102068
              ],
              [
                13.868404421313059,
                37.15695150967302
              ],
              [
                13.011567148669016,
                37.524894319731615
              ],
              [
                12.636879000170481,
                37.581500612456225
              ],
              [
                12.532035860522043,
                37.638671480376146
              ],
              [
                12.454147371752512,
                37.766009889799975
              ],
              [
                12.516644510729563,
                37.91916998501482
              ],
              [
                12.664325746996653,
                38.07249792690935
              ],
              [
                12.782839807970774,
                38.11737784023943
              ],
              [
                13.065952333910715,
                38.0669322835988
              ],
              [
                13.322475466234934,
                38.220511995512865
              ],
              [
                13.627963098986399,
                38.02980764980974
              ],
              [
                13.809530291064036,
                37.966415010649584
              ],
              [
                14.134472879870188,
                37.97345312710466
              ],
              [
                14.765865358813059,
                38.05761297817888
              ],
              [
                15.386741671068918,
                38.20554693813982
              ],
              [
                15.453687700732004,
                38.16741522427263
              ],
              [
                15.472892794115793,
                38.11005743618669
              ],
              [
                15.422523531420481,
                38.05257376309099
              ],
              [
                15.181032213671457,
                37.68228109951677
              ],
              [
                15.112180742724192,
                37.4590335714406
              ],
              [
                15.116248163683665,
                37.286944948393725
              ],
              [
                15.301346811754954,
                37.0578990804738
              ],
              [
                15.220631632311594,
                37.00037726040544
              ],
              [
                15.027343782885325,
                36.745116792876146
              ],
              [
                14.942398104174387,
                36.7385631429738
              ],
              [
                14.622022661669504,
                36.776141725737475
              ]
            ]
          ]
        ]
      }
    },
    {
      "type": "Feature",
      "properties": {
        "slug": "duchy-of-burgundy",
        "name": "Burgandy",
        "start_year": 918,
        "end_year": 1477,
        "region_type": "kingdom",
        "continental_zone": "Europe",
        "source": "historical-basemaps"
      },
      "geometry": {
        "type": "MultiPolygon",
        "coordinates": [
          [
            [
              [
                8.34278913751406,
                44.220187813196446
              ],
              [
                8.18636039207722,
                44.12639959927263
              ],
              [
                8.089567661774723,
                44.05082949660499
              ],
              [
                7.979526552660715,
                43.96491583462419
              ],
              [
                7.689120325548899,
                43.88704641934099
              ],
              [
                7.552810224993479,
                43.867450319487475
              ],
              [
                7.467525371293718,
                43.81083423046961
              ],
              [
                7.397118601305735,
                43.76409491177263
              ],
              [
                7.355150497319457,
                43.90151100140032
              ],
              [
                6.922790372380419,
                43.815038976412524
              ],
              [
                6.885730933099936,
                43.90151100140032
              ],
              [
                6.959849811660902,
                43.913864147827155
              ],
              [
                6.922790372380419,
                43.9756298799613
              ],
              [
                6.996909250941385,
                44.04974875852227
              ],
              [
                6.972202958087749,
                44.0621019049491
              ],
              [
                6.935143518807266,
                44.13622078351008
              ],
              [
                6.885730933099936,
                44.1485739299369
              ],
              [
                6.836318347392606,
                44.11151449065642
              ],
              [
                6.786905761685304,
                44.19798651564423
              ],
              [
                6.786905761685304,
                44.29681168705886
              ],
              [
                6.869778189165842,
                44.3491702901906
              ],
              [
                6.782917532427561,
                44.54787405605974
              ],
              [
                6.924694094164622,
                44.715018831450365
              ],
              [
                7.003469976885569,
                44.719535433012865
              ],
              [
                6.942603620989573,
                44.868651949126146
              ],
              [
                6.665318045122874,
                44.954520784575365
              ],
              [
                6.507319483263743,
                45.115707002837084
              ],
              [
                6.2804267581853,
                45.198591376217394
              ],
              [
                6.243367318904816,
                45.29741654763204
              ],
              [
                6.268073611758453,
                45.32212284048569
              ],
              [
                6.218661026051151,
                45.346829133339355
              ],
              [
                6.144542147490156,
                45.32212284048569
              ],
              [
                6.082776415356037,
                45.37153542619302
              ],
              [
                6.033363829648707,
                45.33447598691252
              ],
              [
                6.058070122502372,
                45.22329766907106
              ],
              [
                5.946891804660893,
                45.26035710835154
              ],
              [
                5.934538658234075,
                45.32212284048569
              ],
              [
                5.840561104055225,
                45.38477454327159
              ],
              [
                5.823360340392597,
                45.39624171904667
              ],
              [
                5.607083159624338,
                45.84657830947205
              ],
              [
                5.35666600012685,
                45.876039151765866
              ],
              [
                5.35666600012685,
                46.05280420552879
              ],
              [
                5.533431053889771,
                46.008612942088064
              ],
              [
                5.533431053889771,
                46.096995468969524
              ],
              [
                5.268283473245404,
                46.31795178617317
              ],
              [
                5.415587684714509,
                46.52417768222992
              ],
              [
                5.645716162473704,
                46.45672279658608
              ],
              [
                5.7249265287996,
                46.47998641878918
              ],
              [
                5.739656949946507,
                46.59782978796446
              ],
              [
                5.625539563292293,
                46.64907846096145
              ],
              [
                5.646444113934749,
                46.84980832233856
              ],
              [
                5.757015581792146,
                46.886665478291036
              ],
              [
                5.793872737744621,
                46.99723694614843
              ],
              [
                5.667288567628574,
                47.10831750866063
              ],
              [
                5.736870241522396,
                47.23356452166951
              ],
              [
                5.778619245858678,
                47.35881153467838
              ],
              [
                5.792535580637448,
                47.51189121724478
              ],
              [
                5.917782593646322,
                47.59538922591736
              ],
              [
                5.82036825019496,
                47.734552573705
              ],
              [
                5.959531597982604,
                47.80413424759881
              ],
              [
                5.959531597982604,
                47.985046599722736
              ],
              [
                6.056945941433938,
                47.95721393016521
              ],
              [
                6.098694945770248,
                48.02679560405903
              ],
              [
                6.251774628336634,
                47.95721393016521
              ],
              [
                6.780752514369553,
                47.95128974722196
              ],
              [
                7.269871684005309,
                47.46217057758622
              ],
              [
                8.411149746488704,
                47.46217057758622
              ],
              [
                8.492669608094658,
                46.11709286108791
              ],
              [
                7.514431268823174,
                45.38341410663429
              ],
              [
                7.677470992035083,
                44.731255213786625
              ],
              [
                8.288869954079772,
                44.5682154905747
              ],
              [
                8.34278913751406,
                44.220187813196446
              ]
            ]
          ]
        ]
      }
    },
    {
      "type": "Feature",
      "properties": {
        "slug": "kingdom-of-croatia",
        "name": "Croatia",
        "start_year": 925,
        "end_year": 1918,
        "region_type": "kingdom",
        "continental_zone": "Europe",
        "source": "historical-basemaps"
      },
      "geometry": {
        "type": "MultiPolygon",
        "coordinates": [
          [
            [
              [
                14.354488405688059,
                45.32289084072771
              ],
              [
                14.526666474793345,
                45.783004063714344
              ],
              [
                14.798469888441062,
                45.864545087808665
              ],
              [
                14.880010912535383,
                45.48402030870186
              ],
              [
                15.423617739830846,
                45.429659625972306
              ],
              [
                15.469824320150948,
                45.73407944925776
              ],
              [
                15.911678518060839,
                45.63098013641212
              ],
              [
                16.80769549190238,
                44.935054867801526
              ],
              [
                16.865100977066206,
                44.24473664179024
              ],
              [
                16.70147612999226,
                43.84666021938982
              ],
              [
                16.71152022789265,
                43.771327577788256
              ],
              [
                16.639813456042063,
                43.389735780913256
              ],
              [
                16.54851058433796,
                43.46131476040544
              ],
              [
                16.36674788902546,
                43.51302298184099
              ],
              [
                16.05940726707722,
                43.43347891445818
              ],
              [
                15.91283515404011,
                43.652247987944506
              ],
              [
                15.494369067141932,
                43.88844455798436
              ],
              [
                15.412318262560618,
                43.93475683804216
              ],
              [
                15.14946845482136,
                44.239928804594896
              ],
              [
                15.274405512316477,
                44.23661383267107
              ],
              [
                15.548222574694407,
                44.22934683438005
              ],
              [
                15.285944017870676,
                44.328918062407396
              ],
              [
                14.989106211169016,
                44.54002722378435
              ],
              [
                14.906961473925364,
                44.72332342739763
              ],
              [
                14.945532831652415,
                44.92658957119646
              ],
              [
                14.815391573412668,
                45.07786902065935
              ],
              [
                14.524585756762278,
                45.2662845480031
              ],
              [
                14.354488405688059,
                45.32289084072771
              ]
            ]
          ]
        ]
      }
    },
    {
      "type": "Feature",
      "properties": {
        "slug": "kingdom-of-poland",
        "name": "Poland",
        "start_year": 1025,
        "end_year": 1795,
        "region_type": "kingdom",
        "continental_zone": "Europe",
        "source": "historical-basemaps"
      },
      "geometry": {
        "type": "MultiPolygon",
        "coordinates": [
          [
            [
              [
                20.984048137669916,
                49.742980371796946
              ],
              [
                20.893283081531493,
                49.83374542793541
              ],
              [
                20.802518025393013,
                49.83374542793541
              ],
              [
                20.893283081531493,
                49.742980371796946
              ],
              [
                20.681497950541754,
                49.652215315658495
              ],
              [
                20.53022285697766,
                49.803490409222576
              ],
              [
                20.348692744700756,
                49.742980371796946
              ],
              [
                20.015887538859758,
                49.803490409222576
              ],
              [
                19.8948674640085,
                49.47068520338159
              ],
              [
                19.713337351731596,
                49.53119524080722
              ],
              [
                19.5620622581675,
                49.53119524080722
              ],
              [
                19.5620622581675,
                49.712725353084124
              ],
              [
                19.380532145890598,
                49.803490409222576
              ],
              [
                19.13849199618805,
                49.712725353084124
              ],
              [
                19.108236977475215,
                49.591705278232865
              ],
              [
                18.926706865198312,
                49.62196029694567
              ],
              [
                18.522176655414867,
                49.56107151341769
              ],
              [
                18.25037324176715,
                49.180546734310894
              ],
              [
                18.223192900402367,
                48.99028434475747
              ],
              [
                18.11447153494329,
                48.99028434475747
              ],
              [
                18.11447153494329,
                48.85438263793361
              ],
              [
                17.869848462660357,
                48.80002195520407
              ],
              [
                17.353421976729678,
                48.963104003392715
              ],
              [
                16.48161604547856,
                48.19584933203984
              ],
              [
                16.400096183872606,
                48.4811688476607
              ],
              [
                15.58489756781303,
                48.56268870926665
              ],
              [
                15.29957805219216,
                48.2773691936458
              ],
              [
                14.891978744162387,
                48.19584933203984
              ],
              [
                13.95450033569385,
                48.44040891685772
              ],
              [
                13.05778185802832,
                48.56268870926665
              ],
              [
                12.120303449559813,
                49.54092704853815
              ],
              [
                12.120303449559813,
                50.07080614897687
              ],
              [
                12.77246234240745,
                50.43764552620368
              ],
              [
                14.647419159344494,
                50.76372497262753
              ],
              [
                14.728939020950449,
                51.130564349854325
              ],
              [
                14.134137326119102,
                52.408925709401345
              ],
              [
                15.84390510121763,
                52.71029388810048
              ],
              [
                16.053120673865052,
                52.71644728729599
              ],
              [
                18.58967158662456,
                53.100447150645024
              ],
              [
                18.948996666165968,
                53.254443613305625
              ],
              [
                19.205657437266993,
                53.254443613305625
              ],
              [
                19.5649825168084,
                53.459772230186445
              ],
              [
                20.07830405901042,
                53.66510084706724
              ],
              [
                20.07830405901042,
                53.511104384406636
              ],
              [
                20.386296984331622,
                53.511104384406636
              ],
              [
                20.42824509866496,
                53.778147713556336
              ],
              [
                20.709395381809642,
                53.75806555047458
              ],
              [
                20.809806197218464,
                53.63757257198401
              ],
              [
                21.104947143414464,
                53.81909730972785
              ],
              [
                21.46427222295587,
                53.81909730972785
              ],
              [
                24.169444165923593,
                54.280238884479104
              ],
              [
                24.265652126945763,
                52.97019780545398
              ],
              [
                23.47954307045879,
                53.023766942381826
              ],
              [
                23.406293564053524,
                52.36900035625995
              ],
              [
                23.076670785229837,
                51.8855946741101
              ],
              [
                22.508987110589036,
                50.63662416660167
              ],
              [
                22.881450949144885,
                49.224508661608304
              ],
              [
                21.7706786242032,
                49.591705278232865
              ],
              [
                21.7706786242032,
                49.742980371796946
              ],
              [
                21.768063558826285,
                49.743677722564115
              ],
              [
                21.316853343510914,
                49.86400044664822
              ],
              [
                21.286598324798106,
                49.77323539050977
              ],
              [
                21.13532323123401,
                49.83374542793541
              ],
              [
                20.984048137669916,
                49.742980371796946
              ]
            ]
          ]
        ]
      }
    },
    {
      "type": "Feature",
      "properties": {
        "slug": "celtic-kingdoms",
        "name": "Celtic kingdoms",
        "start_year": 500,
        "end_year": 1283,
        "region_type": "confederation",
        "continental_zone": "Europe",
        "source": "historical-basemaps"
      },
      "geometry": {
        "type": "MultiPolygon",
        "coordinates": [
          [
            [
              [
                -2.750154700772512,
                51.644027315337084
              ],
              [
                -3.172751632230032,
                51.46690710659685
              ],
              [
                -3.49911757995342,
                51.459655367094896
              ],
              [
                -4.159330811993826,
                51.67681463833513
              ],
              [
                -4.998957601086843,
                51.70170172329607
              ],
              [
                -5.178603139416921,
                51.78747137661638
              ],
              [
                -5.248757806317556,
                51.860213838774584
              ],
              [
                -5.061464276807058,
                52.006434999663256
              ],
              [
                -4.619082894818533,
                52.09351690884294
              ],
              [
                -4.294657674329031,
                52.20032080288591
              ],
              [
                -4.123608317868459,
                52.37326391812029
              ],
              [
                -4.093874898450125,
                52.745509706694506
              ],
              [
                -4.147546020047415,
                52.83189734097185
              ],
              [
                -4.468318429486501,
                52.81130179043474
              ],
              [
                -4.621350255505789,
                52.8309818136281
              ],
              [
                -4.491883245007742,
                52.99097784634294
              ],
              [
                -4.317542043225515,
                53.09120901699724
              ],
              [
                -3.956724610821951,
                53.20515020962419
              ],
              [
                -3.329535689847219,
                53.233016573149584
              ],
              [
                -2.914475408093679,
                53.267142854887865
              ],
              [
                -2.750154700772512,
                51.644027315337084
              ]
            ]
          ],
          [
            [
              [
                -7.42751547385906,
                55.06380423184099
              ],
              [
                -7.225492921368826,
                55.10419043179216
              ],
              [
                -6.996823754803884,
                55.172023378569506
              ],
              [
                -6.645197835461843,
                55.20642813320818
              ],
              [
                -6.454310384289968,
                55.186549745757006
              ],
              [
                -6.279264417187918,
                55.139693819243334
              ],
              [
                -6.116521325604666,
                55.16022451992693
              ],
              [
                -6.018187966840017,
                55.093001924712084
              ],
              [
                -5.784886327283132,
                54.737418733794115
              ],
              [
                -5.76368376304363,
                54.65699347134294
              ],
              [
                -5.799925771252859,
                54.522887788969896
              ],
              [
                -5.661512818829763,
                54.32224615688982
              ],
              [
                -5.731388535992849,
                54.17486914272966
              ],
              [
                -5.912154164807546,
                54.02737768765154
              ],
              [
                -6.071708169476736,
                53.973590456206225
              ],
              [
                -6.206393208997,
                53.95674856777849
              ],
              [
                -6.343146768109548,
                53.93964346523943
              ],
              [
                -6.443396058575857,
                53.899379335600756
              ],
              [
                -6.334980454938162,
                53.78598364468279
              ],
              [
                -6.172213521497,
                53.43919714565935
              ],
              [
                -6.043061223523367,
                52.89308889980974
              ],
              [
                -6.070682969586599,
                52.76660498257341
              ],
              [
                -6.23211285163616,
                52.613334261137865
              ],
              [
                -6.34089609672283,
                52.427062593657396
              ],
              [
                -6.405971017377126,
                52.21443899746599
              ],
              [
                -6.489150014416921,
                52.19435843105974
              ],
              [
                -6.616821256177175,
                52.22066458340349
              ],
              [
                -6.893897023694265,
                52.206649385649584
              ],
              [
                -6.961679425732839,
                52.11120184536638
              ],
              [
                -7.372407880322683,
                52.09211310024919
              ],
              [
                -7.75064894248699,
                52.032706819731615
              ],
              [
                -7.861649480359304,
                51.96809347744646
              ],
              [
                -8.158813920514334,
                51.839644991118334
              ],
              [
                -8.565231290356863,
                51.61545141812029
              ],
              [
                -8.847757306592214,
                51.59982260342302
              ],
              [
                -9.243309941785085,
                51.47262915249529
              ],
              [
                -9.819109883801687,
                51.434554659087084
              ],
              [
                -9.79524418403362,
                51.604632936674975
              ],
              [
                -9.835420575635183,
                51.80326422329607
              ],
              [
                -10.216907468335378,
                51.7583499776906
              ],
              [
                -10.294031110303152,
                51.977626405913256
              ],
              [
                -9.963774648205984,
                52.09211310024919
              ],
              [
                -10.497328725354421,
                52.10165365811052
              ],
              [
                -10.469237294690359,
                52.206649385649584
              ],
              [
                -9.890640225903738,
                52.19443091030779
              ],
              [
                -9.801606145398367,
                52.24108465786638
              ],
              [
                -9.78400322486614,
                52.34070547695818
              ],
              [
                -9.735718694226492,
                52.48028143521013
              ],
              [
                -9.503988233105886,
                52.54054983730974
              ],
              [
                -9.192634549634207,
                52.55445822354021
              ],
              [
                -9.134288754956472,
                52.68089636440935
              ],
              [
                -9.615690198437918,
                52.6366344320363
              ],
              [
                -9.441564527051199,
                52.833278261382006
              ],
              [
                -9.525756803052175,
                52.90455587979021
              ],
              [
                -9.309349980847585,
                53.11526831265154
              ],
              [
                -8.996998754040945,
                53.12044485684099
              ],
              [
                -8.923582997815359,
                53.160575472075365
              ],
              [
                -9.001670804517019,
                53.30037649746599
              ],
              [
                -9.15815922309612,
                53.22069891567888
              ],
              [
                -9.29735943366741,
                53.279803835112475
              ],
              [
                -9.440665212170828,
                53.26620825405779
              ],
              [
                -9.616703954236257,
                53.345878206450365
              ],
              [
                -9.802919354932058,
                53.34535177822771
              ],
              [
                -9.884814229504812,
                53.29739721890154
              ],
              [
                -10.159825292126882,
                53.37412222500505
              ],
              [
                -10.021073308484304,
                53.51185568447771
              ],
              [
                -10.151425328747976,
                53.575641237456225
              ],
              [
                -9.809599843518484,
                53.63241537686052
              ],
              [
                -9.872389760510671,
                53.767718874174975
              ],
              [
                -9.696483579175222,
                53.87342032070818
              ],
              [
                -9.912850347058523,
                53.96955832119646
              ],
              [
                -10.17853733588909,
                53.91187246914568
              ],
              [
                -10.159675565259207,
                54.13307150479021
              ],
              [
                -9.988787618176687,
                54.253715120512865
              ],
              [
                -9.89197441627239,
                54.32558401699724
              ],
              [
                -9.474293675915945,
                54.24130972500505
              ],
              [
                -9.322905507580984,
                54.275069795805834
              ],
              [
                -9.085844960705984,
                54.25818976040544
              ],
              [
                -8.590084996716726,
                54.20284994717302
              ],
              [
                -8.686731305615652,
                54.36411245938005
              ],
              [
                -8.300579991833914,
                54.48934897061052
              ],
              [
                -8.211479154126394,
                54.63391836758318
              ],
              [
                -8.829358068005789,
                54.63391836758318
              ],
              [
                -8.760042157666433,
                54.70142706509294
              ],
              [
                -8.503739324109304,
                54.74964483853044
              ],
              [
                -8.47625347663616,
                54.87985190029802
              ],
              [
                -8.34538075019573,
                55.09528311367693
              ],
              [
                -8.118318048016775,
                55.17663153286638
              ],
              [
                -7.756225076215017,
                55.25272711392107
              ],
              [
                -7.657281365887869,
                55.11682852383318
              ],
              [
                -7.497830834882009,
                55.04973944302263
              ],
              [
                -7.42751547385906,
                55.06380423184099
              ]
            ]
          ],
          [
            [
              [
                -5.698169675366628,
                55.3307262289113
              ],
              [
                -5.755679574506033,
                55.47726782437029
              ],
              [
                -5.688657250897634,
                55.62812002773943
              ],
              [
                -5.517836537854421,
                55.668021761137865
              ],
              [
                -5.482397046582449,
                55.44269903774919
              ],
              [
                -5.620342221753347,
                55.329520784575365
              ],
              [
                -5.698169675366628,
                55.3307262289113
              ]
            ]
          ]
        ]
      }
    },
    {
      "type": "Feature",
      "properties": {
        "slug": "kingdom-of-scotland",
        "name": "Scotland",
        "start_year": 843,
        "end_year": 1707,
        "region_type": "kingdom",
        "continental_zone": "Europe",
        "source": "historical-basemaps"
      },
      "geometry": {
        "type": "MultiPolygon",
        "coordinates": [
          [
            [
              [
                -2.885938134686697,
                54.168666444975756
              ],
              [
                -3.261474338071096,
                54.14118155117693
              ],
              [
                -3.479265180127371,
                54.27460058804216
              ],
              [
                -3.569233384625662,
                54.41502722378435
              ],
              [
                -3.430405822293508,
                54.64308127041521
              ],
              [
                -3.152525153653372,
                54.838058077055834
              ],
              [
                -3.308701720731008,
                54.88473471279802
              ],
              [
                -3.576675858990896,
                54.924483858305834
              ],
              [
                -3.907677379147756,
                54.78966864224138
              ],
              [
                -4.121606317059744,
                54.762435518462084
              ],
              [
                -4.621757510812088,
                56.348351441126795
              ],
              [
                -4.915203215168972,
                56.93524284984056
              ],
              [
                -4.831361585352724,
                57.773659148003105
              ],
              [
                -4.15045568038677,
                57.83481558438005
              ],
              [
                -4.24850460578655,
                57.63632925625505
              ],
              [
                -4.14842554618572,
                57.55452688809099
              ],
              [
                -3.795819249646414,
                57.541530214507006
              ],
              [
                -3.400818553464163,
                57.57644613857927
              ],
              [
                -3.092637029187429,
                57.577025972563646
              ],
              [
                -2.853980508343923,
                57.543319307524584
              ],
              [
                -2.1503629355595,
                57.571979128081225
              ],
              [
                -1.944626775281179,
                57.4016605245656
              ],
              [
                -2.107808676259268,
                57.21033056851091
              ],
              [
                -2.203161802785147,
                57.064811311919115
              ],
              [
                -2.158947673337209,
                57.0143199789113
              ],
              [
                -2.41314050246929,
                56.71725424404802
              ],
              [
                -2.514751401440847,
                56.66733893032732
              ],
              [
                -2.667135921017874,
                56.471000276762865
              ],
              [
                -2.980528798596609,
                56.35358389492693
              ],
              [
                -3.152406898038137,
                56.336818300444506
              ],
              [
                -2.949428287045706,
                56.25300558682146
              ],
              [
                -2.720856156842459,
                56.17819174404802
              ],
              [
                -2.77286025573467,
                56.1713138448781
              ],
              [
                -2.89533945609783,
                56.085502229887865
              ],
              [
                -3.169811215893972,
                56.06210669155779
              ],
              [
                -3.293507066266287,
                55.9739147054738
              ],
              [
                -3.894964662091482,
                55.98506888027849
              ],
              [
                -3.713039603726614,
                55.884696565825365
              ],
              [
                -3.577178683774221,
                55.884696565825365
              ],
              [
                -3.355851378934133,
                55.8426891195363
              ],
              [
                -3.161462274090994,
                55.84568365688982
              ],
              [
                -2.927901473538626,
                55.94603308315935
              ],
              [
                -2.742131438748586,
                55.95718725796404
              ],
              [
                -2.540346112744558,
                55.884696565825365
              ],
              [
                -2.245011058346975,
                55.810966097075365
              ],
              [
                -1.941995468632925,
                55.55607184048357
              ],
              [
                -2.064587801416323,
                55.30033106842362
              ],
              [
                -1.896904541783826,
                54.33615232553669
              ],
              [
                -2.885938134686697,
                54.168666444975756
              ]
            ]
          ]
        ]
      }
    },
    {
      "type": "Feature",
      "properties": {
        "slug": "kingdom-of-sweden",
        "name": "Sweden",
        "start_year": 970,
        "end_year": 1974,
        "region_type": "kingdom",
        "continental_zone": "Europe",
        "source": "historical-basemaps"
      },
      "geometry": {
        "type": "MultiPolygon",
        "coordinates": [
          [
            [
              [
                22.14871989390277,
                63.136680895617786
              ],
              [
                22.956979130964093,
                61.389282094699844
              ],
              [
                24.60850052421447,
                61.31538304926429
              ],
              [
                27.965908392388396,
                60.503564138703744
              ],
              [
                27.47361854027058,
                60.426078401762865
              ],
              [
                27.406220468981516,
                60.34481772061052
              ],
              [
                27.17848113487507,
                60.44239386196794
              ],
              [
                26.94557097862507,
                60.37631186123552
              ],
              [
                26.92230895469929,
                60.31612356777849
              ],
              [
                26.613076242907297,
                60.347831331450365
              ],
              [
                26.525876078112375,
                60.396468721587084
              ],
              [
                26.551638636095774,
                60.570697389799975
              ],
              [
                26.442835840685618,
                60.33334311123552
              ],
              [
                26.32271293113972,
                60.27024038906755
              ],
              [
                26.037745508654368,
                60.24929770107927
              ],
              [
                25.890101465685618,
                60.23583563442888
              ],
              [
                25.845532450182688,
                60.11548193569841
              ],
              [
                25.580544504626047,
                60.26233633633318
              ],
              [
                25.449894937975657,
                60.13839682217302
              ],
              [
                25.145791086657297,
                60.10974844570818
              ],
              [
                24.99298003624226,
                60.02957113857927
              ],
              [
                24.96947005699421,
                60.08683355923357
              ],
              [
                24.74298003624226,
                60.03823050137224
              ],
              [
                24.51595786522175,
                59.98949774380388
              ],
              [
                24.421050104601633,
                59.869750581938646
              ],
              [
                24.28135779808308,
                59.9381481039113
              ],
              [
                23.978947672350657,
                59.881148897368334
              ],
              [
                23.96111396263386,
                59.932452760893725
              ],
              [
                23.664656671984446,
                59.83555182095232
              ],
              [
                23.418854746325266,
                59.82984884854021
              ],
              [
                23.201441797716868,
                59.81845816250505
              ],
              [
                22.982125315172922,
                59.932452760893725
              ],
              [
                22.882000956042063,
                60.05556448574724
              ],
              [
                23.005200418932688,
                60.208758913237475
              ],
              [
                22.624615702135813,
                60.201102815825365
              ],
              [
                22.392066034777415,
                60.121200166899584
              ],
              [
                22.42146781395222,
                60.29318579312029
              ],
              [
                22.220654520495188,
                60.25876959438982
              ],
              [
                21.930953058703196,
                60.38077124233904
              ],
              [
                21.746808084948313,
                60.40827139492693
              ],
              [
                21.560151133044016,
                60.51248510952654
              ],
              [
                21.44317725609089,
                60.693648897368334
              ],
              [
                21.427256617052805,
                61.01509817715349
              ],
              [
                21.498307260973704,
                61.183272920805834
              ],
              [
                21.520789179308665,
                61.379569612700365
              ],
              [
                21.561005625231516,
                61.48492010708513
              ],
              [
                21.405217203600657,
                61.70243414517107
              ],
              [
                21.211199793322336,
                61.87091406460466
              ],
              [
                21.346440348131907,
                62.167132936674975
              ],
              [
                21.337555918200266,
                62.34360464688005
              ],
              [
                21.225993499342607,
                62.4179537846397
              ],
              [
                21.200139078600653,
                62.43518408413591
              ],
              [
                21.03372863243366,
                62.47729834194841
              ],
              [
                21.061806711657294,
                62.61173590298357
              ],
              [
                21.19480613182331,
                62.76068457241716
              ],
              [
                21.48128417442585,
                62.888812624174975
              ],
              [
                21.545966181261786,
                62.974059663969896
              ],
              [
                21.494656595690497,
                63.123031221587084
              ],
              [
                21.666478189928778,
                63.1873050558156
              ],
              [
                21.95132354210163,
                63.13101538296404
              ],
              [
                22.075043711169013,
                63.1028209554738
              ],
              [
                22.14871989390277,
                63.136680895617786
              ]
            ]
          ],
          [
            [
              [
                11.881114038927805,
                57.508964143950365
              ],
              [
                11.766084703905832,
                57.67267950649919
              ],
              [
                11.736376187990075,
                57.69820870971917
              ],
              [
                12.487895457193432,
                58.56291949268916
              ],
              [
                12.422772440417063,
                60.03877981777849
              ],
              [
                12.435860666735422,
                60.27809866543474
              ],
              [
                12.547958406908762,
                60.43387182827654
              ],
              [
                12.431030306322825,
                60.625846468169115
              ],
              [
                12.17403891990925,
                60.956405245024584
              ],
              [
                12.5973816246822,
                61.02862127896013
              ],
              [
                12.791736635668528,
                61.329948030669115
              ],
              [
                13.154899574856202,
                62.024227120754574
              ],
              [
                14.34372061271587,
                62.94812856407893
              ],
              [
                16.193076194139465,
                62.755664903942204
              ],
              [
                17.868168863756907,
                62.788619600493334
              ],
              [
                17.936255487902415,
                62.54800375576677
              ],
              [
                17.71811202476765,
                62.356734834868334
              ],
              [
                17.290240320666086,
                62.4407230245656
              ],
              [
                17.3873625130489,
                62.20076712246599
              ],
              [
                17.49677184532429,
                62.088100038725756
              ],
              [
                17.386973413927805,
                61.65843542690935
              ],
              [
                17.162642511828196,
                61.62990530605974
              ],
              [
                17.065176996691477,
                61.5383792745656
              ],
              [
                17.150189432604563,
                61.19770773525896
              ],
              [
                17.146208796007883,
                60.95282705898943
              ],
              [
                17.31762793968464,
                60.753070436674975
              ],
              [
                17.188498529894602,
                60.67429312344255
              ],
              [
                17.604964289171946,
                60.637538515288256
              ],
              [
                17.70645621727253,
                60.553580843169115
              ],
              [
                17.930748972399485,
                60.59030874844255
              ],
              [
                18.224387201769602,
                60.32296713467302
              ],
              [
                18.416865381701243,
                60.181624971587084
              ],
              [
                18.804085764391672,
                60.108398042876146
              ],
              [
                18.893071207506907,
                59.92568930264177
              ],
              [
                19.037323984606516,
                59.86324270840349
              ],
              [
                19.04355147789265,
                59.71242483730974
              ],
              [
                18.86789229820515,
                59.71242483730974
              ],
              [
                18.639250788195383,
                59.56692846890154
              ],
              [
                18.251421961291086,
                59.431937776762865
              ],
              [
                18.03008368919636,
                59.35928305264177
              ],
              [
                17.795283350451243,
                59.36447485562029
              ],
              [
                17.72995284508015,
                59.41636236782732
              ],
              [
                17.367983850939524,
                59.46826513882341
              ],
              [
                17.07059768150593,
                59.54614981289568
              ],
              [
                16.785538706286204,
                59.577315889555834
              ],
              [
                16.724089655382883,
                59.530570589262865
              ],
              [
                16.52320769737507,
                59.58251532192888
              ],
              [
                16.407576593859446,
                59.44749792690935
              ],
              [
                16.77647498558308,
                59.478656374174975
              ],
              [
                16.999835047228586,
                59.35928305264177
              ],
              [
                17.265778574450266,
                59.33853491421404
              ],
              [
                17.358122858507883,
                59.245177828032396
              ],
              [
                17.574921640856516,
                59.21407278652849
              ],
              [
                17.58441260765339,
                59.27111395474138
              ],
              [
                17.861731562121165,
                59.23999365444841
              ],
              [
                17.97763541649128,
                59.328151308257006
              ],
              [
                18.111378702624094,
                59.32297476406755
              ],
              [
                18.328169855578196,
                59.3696666585988
              ],
              [
                18.429560694201243,
                59.33334692593279
              ],
              [
                18.441370996935618,
                59.40079077358904
              ],
              [
                18.51546958397175,
                59.40079077358904
              ],
              [
                18.61132720421101,
                59.33334692593279
              ],
              [
                18.598195108874094,
                59.297042452055834
              ],
              [
                18.273371729357493,
                59.286666475493334
              ],
              [
                18.371960672838938,
                59.157069765288256
              ],
              [
                18.015667948229563,
                59.03791006680193
              ],
              [
                17.940136942370188,
                58.90848883267107
              ],
              [
                17.76646521995808,
                58.87226828213396
              ],
              [
                17.726422342760813,
                58.913661562163256
              ],
              [
                17.745200190050852,
                58.986129366118334
              ],
              [
                17.73910811851765,
                59.11042364712419
              ],
              [
                17.623181375963938,
                59.10007055874529
              ],
              [
                17.58218863914753,
                58.89296682949724
              ],
              [
                17.35667518089558,
                58.7429691183156
              ],
              [
                17.2453890175655,
                58.71711691494646
              ],
              [
                17.082999262316477,
                58.748134218413256
              ],
              [
                17.080731424792063,
                58.649928652007006
              ],
              [
                16.442866358263743,
                58.63442190762224
              ],
              [
                16.513194117052805,
                58.42811545010271
              ],
              [
                16.744044336779368,
                58.311950288969896
              ],
              [
                16.77354529808308,
                58.037902437407396
              ],
              [
                16.724585566027415,
                57.88932379360857
              ],
              [
                16.59776404808308,
                57.866454683501146
              ],
              [
                16.459530863268625,
                57.89520605679216
              ],
              [
                16.476531061632883,
                57.70212896938982
              ],
              [
                16.6072054238155,
                57.66581305142107
              ],
              [
                16.550478968127024,
                57.545150362212084
              ],
              [
                16.65867904136921,
                57.442950807768725
              ],
              [
                16.494158777697336,
                57.278922640044115
              ],
              [
                16.39452460716511,
                57.07430227871599
              ],
              [
                16.37617400596882,
                56.82242163296404
              ],
              [
                16.06315060848881,
                56.39623928230259
              ],
              [
                15.426993333232232,
                56.765740887137554
              ],
              [
                14.484980269750153,
                56.68010333591191
              ],
              [
                14.175412094711518,
                56.81280296483813
              ],
              [
                13.432448474618766,
                56.5238726681354
              ],
              [
                13.226069691259667,
                57.10173326154086
              ],
              [
                12.895863637885114,
                56.977905991525404
              ],
              [
                12.730760611197823,
                57.43193931491541
              ],
              [
                12.524381827838752,
                57.3906635582436
              ],
              [
                12.318003044479624,
                57.67959385494633
              ],
              [
                11.876622232897532,
                57.32520636196794
              ],
              [
                11.881114038927805,
                57.508964143950365
              ]
            ]
          ],
          [
            [
              [
                18.168888,
                56.909996
              ],
              [
                18.147778,
                56.911942
              ],
              [
                18.140274,
                56.914993
              ],
              [
                18.142498,
                56.920273
              ],
              [
                18.158333,
                56.94166600000011
              ],
              [
                18.209164,
                56.989166
              ],
              [
                18.256664,
                57.032219
              ],
              [
                18.254444,
                57.079163
              ],
              [
                18.173332,
                57.141937
              ],
              [
                18.148331,
                57.235275000000115
              ],
              [
                18.158054,
                57.315826
              ],
              [
                18.142498,
                57.409439
              ],
              [
                18.115276000000108,
                57.480827
              ],
              [
                18.110275,
                57.496109
              ],
              [
                18.109997,
                57.513054000000125
              ],
              [
                18.111385,
                57.51944
              ],
              [
                18.119164,
                57.531105
              ],
              [
                18.138611,
                57.551109
              ],
              [
                18.179165,
                57.588333
              ],
              [
                18.191441,
                57.596138
              ],
              [
                18.211941000000138,
                57.605827
              ],
              [
                18.227776,
                57.611382000000106
              ],
              [
                18.242222,
                57.61749300000014
              ],
              [
                18.249165,
                57.62082700000013
              ],
              [
                18.276108,
                57.634163000000115
              ],
              [
                18.29472,
                57.645828
              ],
              [
                18.338886,
                57.681664
              ],
              [
                18.355831000000137,
                57.69583100000011
              ],
              [
                18.381943,
                57.718605
              ],
              [
                18.401665,
                57.738609
              ],
              [
                18.41972,
                57.760277
              ],
              [
                18.456387,
                57.802773
              ],
              [
                18.461388,
                57.8077770000001
              ],
              [
                18.46722,
                57.811943
              ],
              [
                18.48111,
                57.818604
              ],
              [
                18.681942,
                57.913605
              ],
              [
                18.689999,
                57.916107
              ],
              [
                18.71611,
                57.921104
              ],
              [
                18.724998,
                57.922775
              ],
              [
                18.881943,
                57.919716
              ],
              [
                18.902496,
                57.918327
              ],
              [
                18.914165,
                57.917496
              ],
              [
                19.004719,
                57.908607
              ],
              [
                19.006107,
                57.90361
              ],
              [
                19.003887000000134,
                57.898888
              ],
              [
                19.033333,
                57.826942
              ],
              [
                18.929443,
                57.739716
              ],
              [
                18.848888,
                57.721107
              ],
              [
                18.809166,
                57.703606
              ],
              [
                18.793331,
                57.659164
              ],
              [
                18.75972,
                57.508049
              ],
              [
                18.768055,
                57.472221
              ],
              [
                18.769444,
                57.467216
              ],
              [
                18.78833,
                57.448326
              ],
              [
                18.71444300000013,
                57.246941000000106
              ],
              [
                18.711941,
                57.241661
              ],
              [
                18.658054,
                57.220833
              ],
              [
                18.551941,
                57.182777
              ],
              [
                18.514721000000122,
                57.169441
              ],
              [
                18.498333,
                57.165276
              ],
              [
                18.455555,
                57.156944
              ],
              [
                18.439442,
                57.152771
              ],
              [
                18.417221,
                57.144165
              ],
              [
                18.397221,
                57.134163
              ],
              [
                18.391388,
                57.12999700000012
              ],
              [
                18.386665,
                57.124992
              ],
              [
                18.345554,
                57.07972
              ],
              [
                18.341389,
                57.073883
              ],
              [
                18.339165,
                57.06860400000011
              ],
              [
                18.335552,
                57.023331
              ],
              [
                18.335831,
                57.017494
              ],
              [
                18.34333,
                57.014442
              ],
              [
                18.346664,
                56.998604000000114
              ],
              [
                18.302498,
                56.937492
              ],
              [
                18.294998000000135,
                56.934715
              ],
              [
                18.215553,
                56.913055
              ],
              [
                18.206108,
                56.911942
              ],
              [
                18.168888,
                56.909996
              ]
            ]
          ]
        ]
      }
    },
    {
      "type": "Feature",
      "properties": {
        "slug": "kingdom-of-denmark",
        "name": "Denmark",
        "start_year": 936,
        "end_year": 1849,
        "region_type": "kingdom",
        "continental_zone": "Europe",
        "source": "historical-basemaps"
      },
      "geometry": {
        "type": "MultiPolygon",
        "coordinates": [
          [
            [
              [
                8.183486971361887,
                56.798480592924975
              ],
              [
                8.358873400194895,
                57.02273901577654
              ],
              [
                8.534035715563547,
                57.140582643706225
              ],
              [
                8.661300692065012,
                57.10409887905779
              ],
              [
                8.95985892723347,
                57.13216360684099
              ],
              [
                9.302420649035227,
                57.16584356899919
              ],
              [
                9.448685678942454,
                57.22761496182146
              ],
              [
                9.849259409411204,
                57.581786714751146
              ],
              [
                10.289521250231516,
                57.671859346587084
              ],
              [
                10.390136751635325,
                57.66059454556169
              ],
              [
                10.479459795458567,
                57.75913199063005
              ],
              [
                10.558055910570872,
                57.74505194302263
              ],
              [
                10.401182207567942,
                57.505878053862475
              ],
              [
                10.450728449328196,
                57.45803030605974
              ],
              [
                10.462837252123606,
                57.24166067715349
              ],
              [
                10.333290132982981,
                57.17146261807146
              ],
              [
                10.256552729113352,
                57.005912386137865
              ],
              [
                9.503004106982004,
                56.975062929350756
              ],
              [
                9.333761248095286,
                57.02273901577654
              ],
              [
                9.141241106493723,
                57.008712373930834
              ],
              [
                9.078547510607493,
                57.036761842924975
              ],
              [
                8.970880541308176,
                57.000297151762865
              ],
              [
                8.847024950487864,
                56.98628195400896
              ],
              [
                8.778081926806223,
                56.798480592924975
              ],
              [
                8.665981325609934,
                56.700458131987475
              ],
              [
                8.50712111900593,
                56.6472659933156
              ],
              [
                8.470928225023997,
                56.596889101225756
              ],
              [
                8.36822894523884,
                56.66685827847185
              ],
              [
                8.183486971361887,
                56.798480592924975
              ]
            ]
          ],
          [
            [
              [
                8.616097483141672,
                54.88736303921404
              ],
              [
                8.645074877245676,
                55.06904562588396
              ],
              [
                8.559559854967844,
                55.356124483305834
              ],
              [
                8.481338533861887,
                55.34923895474138
              ],
              [
                8.318970713122141,
                55.48107489224138
              ],
              [
                8.214038881762278,
                55.3985973226613
              ],
              [
                8.034566912157786,
                55.47591360684099
              ],
              [
                8.125073465807688,
                55.635829530913256
              ],
              [
                8.320030245287668,
                55.76773413296404
              ],
              [
                8.316974672777903,
                55.8489147054738
              ],
              [
                8.116614374621165,
                56.09225805874529
              ],
              [
                8.124479326708567,
                56.207477174956225
              ],
              [
                8.183429750902903,
                56.43146475430193
              ],
              [
                8.308830294115793,
                56.479205690581225
              ],
              [
                8.452236208422434,
                56.41160162563982
              ],
              [
                8.674888643725168,
                56.357745729643725
              ],
              [
                8.868578943712961,
                56.61611136074724
              ],
              [
                9.002701792223704,
                56.657157503325365
              ],
              [
                9.135852846606028,
                56.46041830654802
              ],
              [
                9.311874422533762,
                56.481124483305834
              ],
              [
                9.32206252525593,
                56.71893652554216
              ],
              [
                9.370146784289133,
                56.88226660366716
              ],
              [
                9.834623369677317,
                56.8899417745656
              ],
              [
                10.216188463671457,
                56.84984930630388
              ],
              [
                10.229683908922922,
                56.60512503262224
              ],
              [
                10.313760790331614,
                56.469474397856615
              ],
              [
                10.825824770434153,
                56.443290315825365
              ],
              [
                10.88867572258259,
                56.36874731655779
              ],
              [
                10.750668558581125,
                56.097282015044115
              ],
              [
                10.496092829211008,
                56.03362616177263
              ],
              [
                10.442480120165598,
                56.15090139980974
              ],
              [
                10.293446573717844,
                56.137069307524584
              ],
              [
                10.175156626208079,
                56.07587393398943
              ],
              [
                10.22987845848347,
                55.950893007475756
              ],
              [
                10.14714625786091,
                55.764892183501146
              ],
              [
                10.007120165331614,
                55.73038824673357
              ],
              [
                9.975747141344797,
                55.62034948940935
              ],
              [
                9.690073046190989,
                55.60486563320818
              ],
              [
                9.760741266711008,
                55.50169714565935
              ],
              [
                9.630183252794993,
                55.45940741177263
              ],
              [
                9.543865236742747,
                55.35126455898943
              ],
              [
                9.516561541064036,
                55.223067842680834
              ],
              [
                9.517821344836008,
                55.128680788237475
              ],
              [
                9.421020540697825,
                54.97648199673357
              ],
              [
                9.495982202990305,
                54.938293062407396
              ],
              [
                9.610262903673899,
                54.8800426351613
              ],
              [
                9.864443811877024,
                54.72629126187029
              ],
              [
                9.98668769310261,
                54.5924449789113
              ],
              [
                9.97801021049763,
                54.49014624233904
              ],
              [
                9.864808115465891,
                54.41139944668474
              ],
              [
                10.064928087694895,
                54.43389471646013
              ],
              [
                10.141728434069407,
                54.33675345059099
              ],
              [
                9.884802784904494,
                54.2541031475196
              ],
              [
                9.826653504744442,
                54.27590912757961
              ],
              [
                9.739429584504379,
                54.27590912757961
              ],
              [
                9.674011644324324,
                54.188685207339546
              ],
              [
                9.44868318370412,
                54.188685207339546
              ],
              [
                9.441414523684116,
                54.2468344874996
              ],
              [
                9.296041323284001,
                54.2468344874996
              ],
              [
                9.259698023183958,
                54.30498376765965
              ],
              [
                9.216086063063912,
                54.29044644761963
              ],
              [
                9.165205442923892,
                54.319521087699655
              ],
              [
                9.136130802843851,
                54.29771510763965
              ],
              [
                9.05617554262379,
                54.34859572777968
              ],
              [
                8.961682962363696,
                54.27590912757961
              ],
              [
                8.884012255175364,
                54.229449831206225
              ],
              [
                8.580725702746165,
                54.19368704434099
              ],
              [
                8.553946527941477,
                54.2754398214406
              ],
              [
                8.852422747118723,
                54.331649385649584
              ],
              [
                8.950601610644114,
                54.41855581875505
              ],
              [
                8.742068323595774,
                54.60780295010271
              ],
              [
                8.595986399157297,
                54.761352144438646
              ],
              [
                8.616097483141672,
                54.88736303921404
              ]
            ]
          ],
          [
            [
              [
                11.876622232897532,
                57.32520636196794
              ],
              [
                12.318003044479624,
                57.67959385494633
              ],
              [
                12.524381827838752,
                57.3906635582436
              ],
              [
                12.730760611197823,
                57.43193931491541
              ],
              [
                12.895863637885114,
                56.977905991525404
              ],
              [
                13.226069691259667,
                57.10173326154086
              ],
              [
                13.432448474618766,
                56.5238726681354
              ],
              [
                14.175412094711518,
                56.81280296483813
              ],
              [
                14.484980269750153,
                56.68010333591191
              ],
              [
                15.426993333232232,
                56.765740887137554
              ],
              [
                16.06315060848881,
                56.39623928230259
              ],
              [
                16.031445536120188,
                56.353072725493334
              ],
              [
                15.770541223986399,
                56.03321035977068
              ],
              [
                15.696229013903391,
                56.0609622823781
              ],
              [
                15.497040781481516,
                56.16724356289568
              ],
              [
                15.220801386339915,
                56.08036383267107
              ],
              [
                14.652893099291575,
                56.12061651821794
              ],
              [
                14.605230364306223,
                55.98078497524919
              ],
              [
                14.49182799766804,
                56.01803930874529
              ],
              [
                14.25892547081257,
                55.89928015347185
              ],
              [
                14.126021418078196,
                55.666583620268725
              ],
              [
                14.286350283129465,
                55.515494905669115
              ],
              [
                14.117195162279856,
                55.34711416836443
              ],
              [
                13.901111635668528,
                55.40515478726091
              ],
              [
                13.823299440844309,
                55.42181738491716
              ],
              [
                13.301851305468332,
                55.3006969320363
              ],
              [
                12.80237201164509,
                55.35291250820818
              ],
              [
                12.801919970019114,
                55.416766725737475
              ],
              [
                12.887555155260813,
                55.45160635586443
              ],
              [
                12.859313997729075,
                55.532916628081225
              ],
              [
                12.985865625841868,
                55.666583620268725
              ],
              [
                12.699014696581614,
                55.90509756680193
              ],
              [
                12.51335719536091,
                56.12061651821794
              ],
              [
                12.414413485033762,
                56.243041597563646
              ],
              [
                12.652379068835032,
                56.295531831938646
              ],
              [
                12.615435633166086,
                56.435607515532396
              ],
              [
                12.804806742174875,
                56.40119894619646
              ],
              [
                12.87157538841511,
                56.51151617642107
              ],
              [
                12.785859140856516,
                56.616683565337084
              ],
              [
                12.657481226427805,
                56.610839449126146
              ],
              [
                12.526032480700266,
                56.780395113188646
              ],
              [
                12.288620981676829,
                56.87985571499529
              ],
              [
                12.005142244799387,
                57.32520636196794
              ],
              [
                11.876622232897532,
                57.32520636196794
              ]
            ]
          ],
          [
            [
              [
                12.052621874315989,
                55.70307882900896
              ],
              [
                12.087997469408762,
                55.96697577114763
              ],
              [
                12.237717661364329,
                55.98757132168474
              ],
              [
                12.44404796074177,
                55.967650972563646
              ],
              [
                12.469224962694895,
                55.710631929594896
              ],
              [
                12.409100565417063,
                55.548331819731615
              ],
              [
                12.344366106493723,
                55.50770529385271
              ],
              [
                12.158434900744211,
                55.37909277554216
              ],
              [
                12.429719004137766,
                55.24469336147966
              ],
              [
                12.301355394823801,
                55.170280061919115
              ],
              [
                12.076974901659739,
                54.994689546782396
              ],
              [
                11.969614061815989,
                54.95418509121599
              ],
              [
                11.907332453234446,
                55.021293245512865
              ],
              [
                11.767222437365305,
                55.17599829312029
              ],
              [
                11.584776911242258,
                55.16218145962419
              ],
              [
                11.285398516161692,
                55.18856772061052
              ],
              [
                11.230098757250559,
                55.33680685635271
              ],
              [
                11.101924929125559,
                55.63367041226091
              ],
              [
                11.296261820299875,
                55.67459448452654
              ],
              [
                11.567736658556711,
                55.88477667446794
              ],
              [
                11.728052172167551,
                55.661883913237475
              ],
              [
                11.962490114672434,
                55.581264101225756
              ],
              [
                12.052621874315989,
                55.70307882900896
              ]
            ]
          ]
        ]
      }
    },
    {
      "type": "Feature",
      "properties": {
        "slug": "holy-roman-empire",
        "name": "Holy Roman Empire",
        "start_year": 962,
        "end_year": 1806,
        "region_type": "empire",
        "continental_zone": "Europe",
        "source": "historical-basemaps"
      },
      "geometry": {
        "type": "MultiPolygon",
        "coordinates": [
          [
            [
              [
                8.539542231066477,
                53.80068167324724
              ],
              [
                8.58560087848089,
                53.79307781558178
              ],
              [
                8.848478350146067,
                53.749679170805834
              ],
              [
                9.125039133532297,
                53.79047735806169
              ],
              [
                8.857097658617747,
                53.866988741118334
              ],
              [
                8.818971666796457,
                53.969039522368334
              ],
              [
                8.94634059379841,
                54.014972292143725
              ],
              [
                8.832654032213938,
                54.06601675625505
              ],
              [
                8.778787645800364,
                54.132403932768725
              ],
              [
                8.853296312792551,
                54.16815527554216
              ],
              [
                8.884012255175364,
                54.229449831206225
              ],
              [
                8.961682962363696,
                54.27590912757961
              ],
              [
                9.05617554262379,
                54.34859572777968
              ],
              [
                9.136130802843851,
                54.29771510763965
              ],
              [
                9.165205442923892,
                54.319521087699655
              ],
              [
                9.216086063063912,
                54.29044644761963
              ],
              [
                9.259698023183958,
                54.30498376765965
              ],
              [
                9.296041323284001,
                54.2468344874996
              ],
              [
                9.441414523684116,
                54.2468344874996
              ],
              [
                9.44868318370412,
                54.188685207339546
              ],
              [
                9.674011644324324,
                54.188685207339546
              ],
              [
                9.739429584504379,
                54.27590912757961
              ],
              [
                9.826653504744442,
                54.27590912757961
              ],
              [
                9.884802784904494,
                54.2541031475196
              ],
              [
                10.141728434069407,
                54.33675345059099
              ],
              [
                10.204586701819792,
                53.69843999044201
              ],
              [
                10.571426079046589,
                53.046281097594346
              ],
              [
                11.753464072332989,
                52.842481443579445
              ],
              [
                11.549664418318102,
                52.638681789564544
              ],
              [
                11.671944210727034,
                52.3533622739437
              ],
              [
                13.587660958467055,
                52.312602343140725
              ],
              [
                14.134137326119102,
                52.408925709401345
              ],
              [
                14.728939020950449,
                51.130564349854325
              ],
              [
                14.647419159344494,
                50.76372497262753
              ],
              [
                12.77246234240745,
                50.43764552620368
              ],
              [
                12.120303449559813,
                50.07080614897687
              ],
              [
                12.120303449559813,
                49.54092704853815
              ],
              [
                13.05778185802832,
                48.56268870926665
              ],
              [
                13.95450033569385,
                48.44040891685772
              ],
              [
                14.891978744162387,
                48.19584933203984
              ],
              [
                15.29957805219216,
                48.2773691936458
              ],
              [
                15.58489756781303,
                48.56268870926665
              ],
              [
                16.400096183872606,
                48.4811688476607
              ],
              [
                16.48161604547856,
                48.19584933203984
              ],
              [
                16.557037974741846,
                47.495365569695
              ],
              [
                16.644015067109123,
                47.299667111868644
              ],
              [
                16.557037974741846,
                47.190945746409554
              ],
              [
                16.557037974741846,
                47.06048010785864
              ],
              [
                16.44831660928274,
                46.930014469307736
              ],
              [
                16.44831660928274,
                46.77780455766501
              ],
              [
                16.513549428558193,
                46.62559464602229
              ],
              [
                16.29610669764004,
                46.40815191510411
              ],
              [
                16.53529370165002,
                46.364663368920475
              ],
              [
                16.44831660928274,
                46.10373209181867
              ],
              [
                16.209129605272764,
                46.147220638002295
              ],
              [
                16.078663966721834,
                45.88628936090049
              ],
              [
                16.209129605272764,
                45.73407944925776
              ],
              [
                16.122152512905487,
                45.581869537615034
              ],
              [
                15.911678518060839,
                45.63098013641212
              ],
              [
                15.469824320150948,
                45.73407944925776
              ],
              [
                15.423617739830846,
                45.429659625972306
              ],
              [
                14.880010912535383,
                45.48402030870186
              ],
              [
                14.798469888441062,
                45.864545087808665
              ],
              [
                14.526666474793345,
                45.783004063714344
              ],
              [
                14.354488405688059,
                45.32289084072771
              ],
              [
                14.238621744616282,
                45.06235464688005
              ],
              [
                14.174608263476145,
                45.01038702603044
              ],
              [
                13.908055294522583,
                44.979106770575456
              ],
              [
                13.799213658521651,
                45.30563167857832
              ],
              [
                13.951591948922967,
                45.39270498737909
              ],
              [
                13.995128603323352,
                45.45800996897967
              ],
              [
                13.799984011156809,
                45.566371523100756
              ],
              [
                13.673180613024485,
                45.71450766201677
              ],
              [
                13.564614328844797,
                45.72652395840349
              ],
              [
                13.437729868395579,
                45.63843115444841
              ],
              [
                13.36769584129597,
                45.69448813076677
              ],
              [
                13.080858860915342,
                45.98044982178425
              ],
              [
                12.6454923169115,
                45.91514484018367
              ],
              [
                12.144820791307112,
                45.76276654978233
              ],
              [
                11.970674173705603,
                45.436241641779475
              ],
              [
                12.176189455492747,
                45.21429022427263
              ],
              [
                12.312513384325754,
                45.17829474087419
              ],
              [
                12.32213691185261,
                45.04236563320818
              ],
              [
                12.408988031847727,
                44.98900946255388
              ],
              [
                12.523090395434153,
                44.882751070219896
              ],
              [
                12.476044687731516,
                44.78708609219255
              ],
              [
                12.377765212618087,
                44.73152979906547
              ],
              [
                12.273584398730051,
                44.67263754482927
              ],
              [
                12.2807312340572,
                44.55012472744646
              ],
              [
                12.345076593859446,
                44.30104025479021
              ],
              [
                12.508117008049467,
                44.131458090135354
              ],
              [
                12.697230371935618,
                43.93475683804216
              ],
              [
                12.30220603682903,
                43.344016475945445
              ],
              [
                12.30220603682903,
                43.27759966912398
              ],
              [
                12.219185028302192,
                43.22778706400788
              ],
              [
                12.152768221480724,
                43.0617450469542
              ],
              [
                12.16937242318609,
                42.912307231605894
              ],
              [
                12.185976624891458,
                42.912307231605894
              ],
              [
                12.152768221480724,
                42.696452609436115
              ],
              [
                12.16937242318609,
                42.63003580261464
              ],
              [
                12.129717682642681,
                42.596046025006004
              ],
              [
                12.053143011248519,
                42.53041059238244
              ],
              [
                12.069747212953885,
                42.297951768507296
              ],
              [
                12.003330406132417,
                42.248139163391194
              ],
              [
                12.019934607837783,
                42.09870134804289
              ],
              [
                11.960132972273152,
                42.00737273979235
              ],
              [
                11.96343329857136,
                42.00474127407732
              ],
              [
                11.960132972273144,
                42.007372739792345
              ],
              [
                11.497365030749094,
                42.37635382290544
              ],
              [
                11.104763063891184,
                42.54908331509294
              ],
              [
                10.742755922777903,
                42.850509248930834
              ],
              [
                10.487745317919504,
                43.23593863125505
              ],
              [
                10.337910145780612,
                43.59620282818045
              ],
              [
                10.292479547961008,
                43.705436311919115
              ],
              [
                10.261382707897823,
                43.74523947500629
              ],
              [
                10.155236147666258,
                43.8811043680133
              ],
              [
                10.136747393114817,
                43.904769502837084
              ],
              [
                9.909300837023508,
                44.11047705288591
              ],
              [
                9.825498048876696,
                44.15254831449465
              ],
              [
                9.69193557213093,
                44.21960028286638
              ],
              [
                9.157044443590891,
                44.37323721523943
              ],
              [
                8.896585497362864,
                44.437186800200365
              ],
              [
                8.671724352343332,
                44.417403780180834
              ],
              [
                8.34278913751406,
                44.220187813196446
              ],
              [
                8.288869954079772,
                44.5682154905747
              ],
              [
                7.677470992035083,
                44.731255213786625
              ],
              [
                7.514431268823174,
                45.38341410663429
              ],
              [
                8.492669608094658,
                46.11709286108791
              ],
              [
                8.411149746488704,
                47.46217057758622
              ],
              [
                7.269871684005309,
                47.46217057758622
              ],
              [
                6.780752514369553,
                47.95128974722196
              ],
              [
                6.251774628336634,
                47.95721393016521
              ],
              [
                6.237858293557863,
                48.29120596485552
              ],
              [
                5.945615263203834,
                48.34687130397059
              ],
              [
                6.015196937097656,
                48.65303066910337
              ],
              [
                5.83428458497373,
                48.77827768211225
              ],
              [
                6.001280602318886,
                48.90352469512112
              ],
              [
                5.876033589310012,
                49.070520712466276
              ],
              [
                5.722953906743626,
                48.95919003423617
              ],
              [
                5.611623228513523,
                49.20968406025392
              ],
              [
                5.903866258867552,
                49.19576772547515
              ],
              [
                5.909256214630872,
                49.20085986849827
              ],
              [
                5.361129202495775,
                49.69675577751063
              ],
              [
                4.255215473045936,
                49.887235609794956
              ],
              [
                3.820330011209577,
                50.039445521437685
              ],
              [
                3.438438188525268,
                51.00828455744539
              ],
              [
                3.681297096712839,
                51.32141836758318
              ],
              [
                3.77504685829426,
                51.3877445089406
              ],
              [
                3.74347594688679,
                51.46045263882341
              ],
              [
                3.520320448382151,
                51.57913550015154
              ],
              [
                3.878135714037668,
                51.79172857876482
              ],
              [
                4.264411482317698,
                52.07089193936052
              ],
              [
                4.387240442736399,
                52.230365358549975
              ],
              [
                4.641012701494944,
                52.75569876309099
              ],
              [
                4.718774351580393,
                52.8024173605031
              ],
              [
                5.008403810961497,
                52.856193147856615
              ],
              [
                5.17328551719929,
                52.74341925259294
              ],
              [
                5.234628233416331,
                52.6228519308156
              ],
              [
                5.108244451983225,
                52.53150137539568
              ],
              [
                5.006087812884104,
                52.556884371001146
              ],
              [
                5.035744223101389,
                52.33371695156755
              ],
              [
                4.949828180773508,
                52.277946077544115
              ],
              [
                5.473186525805247,
                52.17660482998552
              ],
              [
                5.574368986590159,
                52.28301581021013
              ],
              [
                5.756913218004954,
                52.33371695156755
              ],
              [
                5.817143949969065,
                52.521361910063646
              ],
              [
                5.611254724962961,
                52.53150137539568
              ],
              [
                5.555709871752512,
                52.58732184048357
              ],
              [
                5.546892675860178,
                52.678695284087084
              ],
              [
                5.653440508349192,
                52.74977835293474
              ],
              [
                5.57638266990925,
                52.759933077055834
              ],
              [
                5.325746092303049,
                52.79040869351091
              ],
              [
                5.358019384844553,
                52.93774756069841
              ],
              [
                5.34275344322468,
                52.99631079312029
              ],
              [
                5.33211997459675,
                53.01144751187029
              ],
              [
                5.389523062212717,
                53.13857229824724
              ],
              [
                5.647349867327463,
                53.22775992031755
              ],
              [
                5.966306719286692,
                53.3350101339406
              ],
              [
                6.260716471178782,
                53.321742616850756
              ],
              [
                6.750721964342844,
                53.38986166592302
              ],
              [
                6.86104539345051,
                53.26576193447771
              ],
              [
                7.009059462054026,
                53.2454105245656
              ],
              [
                7.043283495409739,
                53.16400488491716
              ],
              [
                7.159938845141184,
                53.164001070219896
              ],
              [
                7.189745459063303,
                53.2301402914113
              ],
              [
                6.980709108813059,
                53.31665762539568
              ],
              [
                7.037332090838206,
                53.51014670010271
              ],
              [
                7.165639433367502,
                53.59167059536638
              ],
              [
                7.332391771776926,
                53.60442694302263
              ],
              [
                7.836380991442454,
                53.63209494229021
              ],
              [
                7.875028892811017,
                53.63368572603227
              ],
              [
                7.968539270861399,
                53.63753470059099
              ],
              [
                8.011022600634348,
                53.565692506987475
              ],
              [
                8.098732981188547,
                53.443934999663256
              ],
              [
                8.029082331164133,
                53.37264975186052
              ],
              [
                8.174986872179758,
                53.321742616850756
              ],
              [
                8.24193385551716,
                53.35229071255388
              ],
              [
                8.260771784289133,
                53.43884619351091
              ],
              [
                8.189001116259348,
                53.53052099819841
              ],
              [
                8.305650743944895,
                53.52543219204607
              ],
              [
                8.501803431017649,
                53.449027620512865
              ],
              [
                8.428657564623606,
                53.61204870815935
              ],
              [
                8.516240577802122,
                53.761041747478345
              ],
              [
                8.539542231066477,
                53.80068167324724
              ]
            ]
          ],
          [
            [
              [
                14.092769655688059,
                42.60952719326677
              ],
              [
                14.404933008654368,
                42.35311087246599
              ],
              [
                14.519309076769602,
                42.229701601225756
              ],
              [
                14.719955477221262,
                42.1417613851613
              ],
              [
                14.738527330858957,
                42.0471568929738
              ],
              [
                14.43918428616665,
                41.87870172751745
              ],
              [
                13.569051315665952,
                41.85639062570975
              ],
              [
                13.564125366436958,
                41.86624252416774
              ],
              [
                13.630542173258428,
                41.93265933098921
              ],
              [
                13.630542173258428,
                42.015680339516045
              ],
              [
                13.580729568142324,
                42.048888742926785
              ],
              [
                13.580729568142324,
                42.09870134804289
              ],
              [
                13.414687551088651,
                42.19832655827509
              ],
              [
                13.464500156204753,
                42.231534961685824
              ],
              [
                13.414687551088651,
                42.36436857532876
              ],
              [
                13.54752116473159,
                42.43078538215023
              ],
              [
                13.630542173258428,
                42.53041059238244
              ],
              [
                13.713563181785265,
                42.3975769787395
              ],
              [
                13.763375786901367,
                42.46399378556097
              ],
              [
                13.82979259372284,
                42.480597987266336
              ],
              [
                13.82979259372284,
                42.56361899579318
              ],
              [
                13.929417803955044,
                42.53041059238244
              ],
              [
                13.995834610776512,
                42.61343160090928
              ],
              [
                14.076401988771623,
                42.633776395633475
              ],
              [
                14.092769655688059,
                42.60952719326677
              ]
            ]
          ]
        ]
      }
    },
    {
      "type": "Feature",
      "properties": {
        "slug": "kingdom-of-navarre",
        "name": "Navarre",
        "start_year": 824,
        "end_year": 1620,
        "region_type": "kingdom",
        "continental_zone": "Europe",
        "source": "historical-basemaps"
      },
      "geometry": {
        "type": "MultiPolygon",
        "coordinates": [
          [
            [
              [
                -0.524120412124032,
                42.75779810968423
              ],
              [
                -0.602910658888251,
                42.416071314630244
              ],
              [
                -1.004394268999434,
                41.918819988381074
              ],
              [
                -1.004394268999434,
                41.918819988381074
              ],
              [
                -2.583406756168917,
                41.358525234869326
              ],
              [
                -2.716581352055106,
                42.42514305123075
              ],
              [
                -3.19584389294759,
                42.3979239039955
              ],
              [
                -3.356120708930975,
                43.39527132213779
              ],
              [
                -3.195965257184255,
                43.446883760649584
              ],
              [
                -3.007205691830862,
                43.55027350063982
              ],
              [
                -2.768362489239919,
                43.53787573452654
              ],
              [
                -2.367384400861013,
                43.32624395962419
              ],
              [
                -2.142923348755843,
                43.331471028881836
              ],
              [
                -2.065644708173025,
                43.333270631987475
              ],
              [
                -1.914577808873403,
                43.30541571255388
              ],
              [
                -1.702391829983938,
                43.19593771572771
              ],
              [
                -1.491382804410208,
                43.209621034819506
              ],
              [
                -1.465651360051382,
                43.15488775845232
              ],
              [
                -1.557671156422842,
                43.04543264980974
              ],
              [
                -1.515127864377249,
                42.99756201382341
              ],
              [
                -1.447552409665334,
                42.983878694731615
              ],
              [
                -1.397272315518606,
                43.031756960112475
              ],
              [
                -0.907353666321981,
                42.88129767056169
              ],
              [
                -0.840018358723867,
                42.90865286465349
              ],
              [
                -0.611982133881796,
                42.73087652798357
              ],
              [
                -0.586789485709417,
                42.765060030180834
              ],
              [
                -0.524120412124032,
                42.75779810968423
              ]
            ]
          ]
        ]
      }
    },
    {
      "type": "Feature",
      "properties": {
        "slug": "crown-of-castile",
        "name": "Castilla",
        "start_year": 1230,
        "end_year": 1716,
        "region_type": "kingdom",
        "continental_zone": "Europe",
        "source": "historical-basemaps"
      },
      "geometry": {
        "type": "MultiPolygon",
        "coordinates": [
          [
            [
              [
                -3.356120708930975,
                43.39527132213779
              ],
              [
                -3.19584389294759,
                42.3979239039955
              ],
              [
                -2.716581352055106,
                42.42514305123075
              ],
              [
                -2.583406756168917,
                41.358525234869326
              ],
              [
                -3.531509978784143,
                41.022101510715544
              ],
              [
                -4.444320770188968,
                40.89430799991886
              ],
              [
                -5.086395964452465,
                43.49485683221599
              ],
              [
                -4.802335706250418,
                43.46944388027849
              ],
              [
                -4.110216107861746,
                43.45151098843279
              ],
              [
                -3.847605910794485,
                43.43916281338396
              ],
              [
                -3.417000499264944,
                43.37565191860857
              ],
              [
                -3.356120708930975,
                43.39527132213779
              ]
            ]
          ]
        ]
      }
    },
    {
      "type": "Feature",
      "properties": {
        "slug": "duchy-of-brittany",
        "name": "Britany",
        "start_year": 939,
        "end_year": 1532,
        "region_type": "kingdom",
        "continental_zone": "Europe",
        "source": "historical-basemaps"
      },
      "geometry": {
        "type": "MultiPolygon",
        "coordinates": [
          [
            [
              [
                -1.999109269065851,
                48.67695685862887
              ],
              [
                -1.75196905427781,
                48.17821145459153
              ],
              [
                -2.010361521016347,
                47.745650369834415
              ],
              [
                -2.575529757440609,
                47.32396831560688
              ],
              [
                -2.576483931931275,
                47.324866853669924
              ],
              [
                -2.465543475540894,
                47.49438437075977
              ],
              [
                -2.613652196320313,
                47.572249971345705
              ],
              [
                -2.842474189194458,
                47.49190481753711
              ],
              [
                -3.062696423920411,
                47.60393866153125
              ],
              [
                -3.433526244553345,
                47.71681173892383
              ],
              [
                -3.711868014725464,
                47.79814871402149
              ],
              [
                -3.858102050217408,
                47.79180868716602
              ],
              [
                -3.954837766083497,
                47.90433844180469
              ],
              [
                -4.364373650940674,
                47.82931097598438
              ],
              [
                -4.390935388001221,
                47.94184836001758
              ],
              [
                -4.510127511414307,
                47.99813040347461
              ],
              [
                -4.675397363098877,
                48.01689489932422
              ],
              [
                -4.700306382569092,
                48.06380423159961
              ],
              [
                -4.312866177948731,
                48.10133322329883
              ],
              [
                -4.350984063538331,
                48.204566560701174
              ],
              [
                -4.587968316468018,
                48.25149496646289
              ],
              [
                -4.388901677521485,
                48.298438631013674
              ],
              [
                -4.350201573761719,
                48.390506349519534
              ],
              [
                -4.473793950470704,
                48.382937990144534
              ],
              [
                -4.592021432312745,
                48.392318330720705
              ],
              [
                -4.779634442719239,
                48.354774080232424
              ],
              [
                -4.761963334473389,
                48.55200155825977
              ],
              [
                -4.625704255493897,
                48.546668611482424
              ],
              [
                -4.488299336823243,
                48.61226614566211
              ],
              [
                -4.251477208527344,
                48.65191229434375
              ],
              [
                -3.998872962387818,
                48.73053701968555
              ],
              [
                -3.902217355164307,
                48.64596136660938
              ],
              [
                -3.821306434067505,
                48.721149049714846
              ],
              [
                -3.607873406800049,
                48.692950807527346
              ],
              [
                -3.557670083435791,
                48.810077272371096
              ],
              [
                -3.435057845505494,
                48.83645971866016
              ],
              [
                -3.091225352677125,
                48.87155111880664
              ],
              [
                -2.914459433945435,
                48.70678671450977
              ],
              [
                -2.79053541699292,
                48.58958014102344
              ],
              [
                -2.636378016861695,
                48.55200155825977
              ],
              [
                -2.342885461243409,
                48.67414816470508
              ],
              [
                -2.200072136315125,
                48.598983369783205
              ],
              [
                -2.07596763649823,
                48.65615805240039
              ],
              [
                -1.999109269065851,
                48.67695685862887
              ]
            ]
          ]
        ]
      }
    },
    {
      "type": "Feature",
      "properties": {
        "slug": "papal-states",
        "name": "Papal States",
        "start_year": 754,
        "end_year": 1870,
        "region_type": "city-state",
        "continental_zone": "Europe",
        "source": "historical-basemaps"
      },
      "geometry": {
        "type": "MultiPolygon",
        "coordinates": [
          [
            [
              [
                12.697230371935618,
                43.93475683804216
              ],
              [
                13.60087111900593,
                43.53480490322771
              ],
              [
                13.731556925280344,
                43.37416037197771
              ],
              [
                13.791634592516672,
                43.123344026762865
              ],
              [
                13.91509059379841,
                42.87276419277849
              ],
              [
                14.076401988771629,
                42.633776395633475
              ],
              [
                13.995834610776512,
                42.61343160090928
              ],
              [
                13.929417803955044,
                42.53041059238244
              ],
              [
                13.82979259372284,
                42.56361899579318
              ],
              [
                13.82979259372284,
                42.480597987266336
              ],
              [
                13.763375786901367,
                42.46399378556097
              ],
              [
                13.713563181785265,
                42.3975769787395
              ],
              [
                13.630542173258428,
                42.53041059238244
              ],
              [
                13.54752116473159,
                42.43078538215023
              ],
              [
                13.414687551088651,
                42.36436857532876
              ],
              [
                13.464500156204753,
                42.231534961685824
              ],
              [
                13.414687551088651,
                42.19832655827509
              ],
              [
                13.580729568142324,
                42.09870134804289
              ],
              [
                13.580729568142324,
                42.048888742926785
              ],
              [
                13.630542173258428,
                42.015680339516045
              ],
              [
                13.630542173258428,
                41.93265933098921
              ],
              [
                13.564125366436958,
                41.86624252416774
              ],
              [
                13.597333769847694,
                41.799825717346266
              ],
              [
                13.647146374963796,
                41.750013112230164
              ],
              [
                13.647146374963796,
                41.799825717346266
              ],
              [
                13.863000997133572,
                41.750013112230164
              ],
              [
                13.863000997133572,
                41.7832215156409
              ],
              [
                13.929417803955044,
                41.750013112230164
              ],
              [
                13.879605198838942,
                41.66699210370333
              ],
              [
                13.879605198838942,
                41.6337837002926
              ],
              [
                13.929417803955044,
                41.6337837002926
              ],
              [
                13.962626207365776,
                41.51755428835502
              ],
              [
                13.962626207365776,
                41.46774168323892
              ],
              [
                14.029043014187248,
                41.40132487641745
              ],
              [
                13.995834610776512,
                41.351512271301345
              ],
              [
                13.979230409071146,
                41.33490806959598
              ],
              [
                13.81318839201747,
                41.31830386789061
              ],
              [
                13.760507236067037,
                41.20669841656926
              ],
              [
                13.498390230639231,
                41.301864229399584
              ],
              [
                13.271446260912668,
                41.31423910732927
              ],
              [
                12.976777109606516,
                41.3713756429738
              ],
              [
                12.641516718371165,
                41.53109701748552
              ],
              [
                12.394848856432688,
                41.72954901333513
              ],
              [
                11.96343329857136,
                42.00474127407732
              ],
              [
                11.960132972273152,
                42.00737273979235
              ],
              [
                12.019934607837783,
                42.09870134804289
              ],
              [
                12.003330406132417,
                42.248139163391194
              ],
              [
                12.069747212953885,
                42.297951768507296
              ],
              [
                12.053143011248519,
                42.53041059238244
              ],
              [
                12.129717682642681,
                42.596046025006004
              ],
              [
                12.16937242318609,
                42.63003580261464
              ],
              [
                12.152768221480724,
                42.696452609436115
              ],
              [
                12.185976624891458,
                42.912307231605894
              ],
              [
                12.16937242318609,
                42.912307231605894
              ],
              [
                12.152768221480724,
                43.0617450469542
              ],
              [
                12.219185028302192,
                43.22778706400788
              ],
              [
                12.30220603682903,
                43.27759966912398
              ],
              [
                12.30220603682903,
                43.344016475945445
              ],
              [
                12.697230371935618,
                43.93475683804216
              ]
            ]
          ]
        ]
      }
    },
    {
      "type": "Feature",
      "properties": {
        "slug": "almohad-caliphate",
        "name": "Almohad Caliphate",
        "start_year": 1121,
        "end_year": 1269,
        "region_type": "empire",
        "continental_zone": "Africa",
        "source": "historical-basemaps"
      },
      "geometry": {
        "type": "MultiPolygon",
        "coordinates": [
          [
            [
              [
                1.361666000000127,
                38.86055
              ],
              [
                1.3575,
                38.86499800000013
              ],
              [
                1.352778,
                38.86833200000012
              ],
              [
                1.346389,
                38.871109
              ],
              [
                1.277222,
                38.879715
              ],
              [
                1.270555,
                38.878052
              ],
              [
                1.257500000000107,
                38.863609
              ],
              [
                1.252500000000111,
                38.859161
              ],
              [
                1.246111,
                38.860275
              ],
              [
                1.2225,
                38.87416100000013
              ],
              [
                1.211944,
                38.898331
              ],
              [
                1.227778,
                38.948051000000135
              ],
              [
                1.2425,
                38.968048
              ],
              [
                1.29416700000013,
                39.03138700000011
              ],
              [
                1.303611000000103,
                39.03860500000013
              ],
              [
                1.329167,
                39.055275
              ],
              [
                1.3625,
                39.072777
              ],
              [
                1.472778,
                39.10527
              ],
              [
                1.519722,
                39.118332
              ],
              [
                1.545833,
                39.11805
              ],
              [
                1.600555,
                39.096107
              ],
              [
                1.605278,
                39.09166
              ],
              [
                1.609167,
                39.081383
              ],
              [
                1.615,
                39.028328
              ],
              [
                1.531667,
                38.951942
              ],
              [
                1.405833,
                38.845551000000114
              ],
              [
                1.371944,
                38.830826
              ],
              [
                1.36805500000014,
                38.851105
              ],
              [
                1.361666000000127,
                38.86055
              ]
            ]
          ],
          [
            [
              [
                1.569444,
                38.65416
              ],
              [
                1.556389,
                38.65416
              ],
              [
                1.530555,
                38.65416
              ],
              [
                1.524167,
                38.654716
              ],
              [
                1.518055000000118,
                38.656944
              ],
              [
                1.505278,
                38.669441
              ],
              [
                1.494444,
                38.675552
              ],
              [
                1.463055,
                38.685555
              ],
              [
                1.456666,
                38.686943
              ],
              [
                1.443889,
                38.6827770000001
              ],
              [
                1.390278000000137,
                38.643326
              ],
              [
                1.386389,
                38.64777400000014
              ],
              [
                1.385556,
                38.658051000000114
              ],
              [
                1.383611,
                38.683052
              ],
              [
                1.383055,
                38.693886
              ],
              [
                1.383055,
                38.715553
              ],
              [
                1.383055,
                38.720551
              ],
              [
                1.399167,
                38.737778
              ],
              [
                1.445278,
                38.74110400000012
              ],
              [
                1.573056,
                38.691383
              ],
              [
                1.577778,
                38.6877750000001
              ],
              [
                1.586667,
                38.672493
              ],
              [
                1.588055,
                38.667221
              ],
              [
                1.576111,
                38.655548000000124
              ],
              [
                1.569444,
                38.65416
              ]
            ]
          ],
          [
            [
              [
                4.299999000000128,
                39.814163
              ],
              [
                4.295278,
                39.810555000000136
              ],
              [
                4.289166000000137,
                39.807495
              ],
              [
                4.276388,
                39.806389
              ],
              [
                4.263055000000122,
                39.808884
              ],
              [
                4.256666,
                39.810555000000136
              ],
              [
                4.238333,
                39.816109
              ],
              [
                4.116388,
                39.86833200000012
              ],
              [
                4.100833000000137,
                39.877777
              ],
              [
                4.090833,
                39.88472
              ],
              [
                4.088333,
                39.890549
              ],
              [
                4.084722000000113,
                39.895554
              ],
              [
                4.079721,
                39.899162
              ],
              [
                4.041111,
                39.91555
              ],
              [
                4.02861,
                39.919998
              ],
              [
                3.984722,
                39.930275
              ],
              [
                3.965555,
                39.933609
              ],
              [
                3.938333,
                39.93249500000013
              ],
              [
                3.924166000000127,
                39.929161
              ],
              [
                3.911111,
                39.925827
              ],
              [
                3.891111,
                39.92083
              ],
              [
                3.884722,
                39.920273
              ],
              [
                3.878055000000131,
                39.919998
              ],
              [
                3.826666,
                39.922493
              ],
              [
                3.796944,
                40.01722000000012
              ],
              [
                3.831388,
                40.052773000000116
              ],
              [
                3.83611100000013,
                40.056389
              ],
              [
                3.868333,
                40.058052
              ],
              [
                3.9375,
                40.058884
              ],
              [
                4.122499000000118,
                40.05610700000011
              ],
              [
                4.174444,
                40.050278000000105
              ],
              [
                4.241388,
                39.993607
              ],
              [
                4.273333,
                39.961388
              ],
              [
                4.315555,
                39.878883
              ],
              [
                4.316944,
                39.846107
              ],
              [
                4.313889,
                39.83194
              ],
              [
                4.299999000000128,
                39.814163
              ]
            ]
          ],
          [
            [
              [
                3.323611,
                39.759438
              ],
              [
                3.333333,
                39.766106
              ],
              [
                3.343889,
                39.775833
              ],
              [
                3.382778,
                39.773331
              ],
              [
                3.439722,
                39.750275
              ],
              [
                3.480278,
                39.721664
              ],
              [
                3.479722,
                39.711105
              ],
              [
                3.463611,
                39.661385
              ],
              [
                3.4475,
                39.640274
              ],
              [
                3.3775,
                39.552773
              ],
              [
                3.371666,
                39.549164
              ],
              [
                3.331944,
                39.526382000000126
              ],
              [
                3.320278,
                39.520554
              ],
              [
                3.30555500000014,
                39.50222
              ],
              [
                3.288055,
                39.467499
              ],
              [
                3.266944,
                39.412773
              ],
              [
                3.241944000000103,
                39.36444100000011
              ],
              [
                3.081944000000135,
                39.273048
              ],
              [
                3.063611,
                39.263611
              ],
              [
                3.056944,
                39.263054
              ],
              [
                3.029166,
                39.283051
              ],
              [
                2.985555,
                39.31860400000011
              ],
              [
                2.829722,
                39.353333000000134
              ],
              [
                2.799444,
                39.36055
              ],
              [
                2.786389,
                39.364716
              ],
              [
                2.781389,
                39.369164000000126
              ],
              [
                2.755278,
                39.392494
              ],
              [
                2.745555,
                39.40638700000011
              ],
              [
                2.743055,
                39.411659
              ],
              [
                2.727777,
                39.473053
              ],
              [
                2.741666000000123,
                39.49082900000013
              ],
              [
                2.746388,
                39.49472
              ],
              [
                2.752778,
                39.496666
              ],
              [
                2.754722,
                39.502495
              ],
              [
                2.753611,
                39.5075
              ],
              [
                2.745000000000118,
                39.515831
              ],
              [
                2.736389,
                39.523888
              ],
              [
                2.731667,
                39.527496
              ],
              [
                2.694444,
                39.551941
              ],
              [
                2.675278,
                39.559441
              ],
              [
                2.6625,
                39.563606
              ],
              [
                2.656111,
                39.56443800000011
              ],
              [
                2.546389,
                39.524719
              ],
              [
                2.542500000000132,
                39.520271
              ],
              [
                2.436944,
                39.52166
              ],
              [
                2.389166,
                39.524994
              ],
              [
                2.364166,
                39.555832
              ],
              [
                2.386111000000142,
                39.612778
              ],
              [
                2.538611,
                39.700272
              ],
              [
                2.683888,
                39.793884000000105
              ],
              [
                2.777778,
                39.844719
              ],
              [
                2.987778,
                39.91111
              ],
              [
                3.071389,
                39.921944
              ],
              [
                3.096944,
                39.911385
              ],
              [
                3.091944,
                39.901382000000126
              ],
              [
                3.088889000000108,
                39.89138800000012
              ],
              [
                3.089444,
                39.885826
              ],
              [
                3.124444,
                39.812218
              ],
              [
                3.134722,
                39.792221
              ],
              [
                3.138333,
                39.787498
              ],
              [
                3.151944000000128,
                39.775833
              ],
              [
                3.180833,
                39.75999500000012
              ],
              [
                3.241389,
                39.736107
              ],
              [
                3.247777,
                39.734718
              ],
              [
                3.260833,
                39.733604
              ],
              [
                3.275,
                39.737778
              ],
              [
                3.293333,
                39.745827
              ],
              [
                3.323611,
                39.759438
              ]
            ]
          ],
          [
            [
              [
                -9.857763257519952,
                31.06018980618181
              ],
              [
                -9.81326672126507,
                31.289060198027514
              ],
              [
                -9.635323491589777,
                31.575402818877123
              ],
              [
                -9.317557302014581,
                31.963718019682787
              ],
              [
                -9.222252812878839,
                32.25624807949724
              ],
              [
                -9.25076672126507,
                32.4214244710988
              ],
              [
                -9.21868607093548,
                32.5803600179738
              ],
              [
                -8.640263524548761,
                33.12173422451677
              ],
              [
                -8.314414945142023,
                33.33848150845232
              ],
              [
                -7.902406182782403,
                33.48548849697771
              ],
              [
                -7.332620587842218,
                33.69637259121599
              ],
              [
                -7.004007783429376,
                33.874984346587084
              ],
              [
                -6.75297447730755,
                34.123351656157396
              ],
              [
                -6.511472192303888,
                34.45429953213396
              ],
              [
                -6.472049931221476,
                34.530940245135376
              ],
              [
                -6.302049127118341,
                34.86143835659685
              ],
              [
                -5.928758588330499,
                35.72785910244646
              ],
              [
                -5.807887044446222,
                35.78541525479021
              ],
              [
                -5.565000024335138,
                35.8623424398488
              ],
              [
                -5.47935911704754,
                35.80520590420427
              ],
              [
                -5.171789613263361,
                35.42376288052263
              ],
              [
                -5.109631505505792,
                35.37931402798357
              ],
              [
                -4.59297749091839,
                35.15118750210466
              ],
              [
                -4.295350995557062,
                35.151786409575365
              ],
              [
                -4.027887788312189,
                35.13323553677263
              ],
              [
                -3.440804210202447,
                35.166278444487475
              ],
              [
                -3.205772367017023,
                35.268607698637865
              ],
              [
                -3.009028163449518,
                35.389979921538256
              ],
              [
                -2.829877105252496,
                35.14205893154802
              ],
              [
                -2.714807000653497,
                35.097743593413256
              ],
              [
                -2.355662789838068,
                35.05391653652849
              ],
              [
                -2.325944383435433,
                35.053977160872904
              ],
              [
                -2.192973938481561,
                35.0542484151906
              ],
              [
                -2.035251822964899,
                35.05456884976091
              ],
              [
                -1.738327947156183,
                35.11883123989763
              ],
              [
                -1.495096531407587,
                35.23390158291521
              ],
              [
                -1.329105701939813,
                35.48890646572771
              ],
              [
                -1.146667149560205,
                35.62936743374529
              ],
              [
                -0.917491999165765,
                35.66803701992693
              ],
              [
                -0.734306839005701,
                35.73846014614763
              ],
              [
                -0.428770822183839,
                35.86006888027849
              ],
              [
                -0.282988813416711,
                35.758475862700365
              ],
              [
                -0.203663793103448,
                35.75072058315935
              ],
              [
                -0.091654170946828,
                35.73976858730974
              ],
              [
                0.015310812099226,
                35.803668581206225
              ],
              [
                0.198671731455573,
                36.033309541899584
              ],
              [
                0.474390897257575,
                36.22496374722185
              ],
              [
                0.781242343886145,
                36.384852968413256
              ],
              [
                1.057602915270575,
                36.46185644741716
              ],
              [
                1.579693111880072,
                36.51388891812029
              ],
              [
                1.237401925164406,
                35.886350229540184
              ],
              [
                0.870562547937594,
                33.07391500413463
              ],
              [
                0.45780318303137,
                32.54744071220754
              ],
              [
                0.457803183029493,
                32.547440712207425
              ],
              [
                -1.802211619771201,
                32.4272402934748
              ],
              [
                -1.802211619772081,
                32.42724029347477
              ],
              [
                -2.320768867189772,
                32.29326368670276
              ],
              [
                -4.772797416149867,
                31.65974739446365
              ],
              [
                -4.772797416149872,
                31.659747394463647
              ],
              [
                -9.62504383613323,
                30.406100832182787
              ],
              [
                -9.817042317883722,
                30.755221925932787
              ],
              [
                -9.857763257519952,
                31.06018980618181
              ]
            ]
          ],
          [
            [
              [
                -7.304397864693636,
                38.42887735629633
              ],
              [
                -6.930053015556884,
                38.94452823424104
              ],
              [
                -7.458539861397003,
                39.64322667648549
              ],
              [
                -6.930053015556884,
                39.677131014281414
              ],
              [
                -6.946139901592126,
                40.60931594114477
              ],
              [
                -6.82975303720589,
                40.62009250266202
              ],
              [
                -5.569506518933096,
                40.736781995094674
              ],
              [
                -4.444320770188968,
                40.89430799991886
              ],
              [
                -3.531509978784143,
                41.022101510715544
              ],
              [
                -2.583406756168917,
                41.358525234869326
              ],
              [
                -1.004394268999434,
                41.918819988381074
              ],
              [
                0.340683447498876,
                42.00033984998703
              ],
              [
                0.94167853178931,
                41.894281893935776
              ],
              [
                1.033602271149519,
                41.8780600575781
              ],
              [
                1.442095519139158,
                41.17999861944361
              ],
              [
                1.311244878275645,
                41.157252870757006
              ],
              [
                0.879201921923411,
                41.02173575039568
              ],
              [
                0.733751806719553,
                40.87495382900896
              ],
              [
                0.709782037241709,
                40.785148225981615
              ],
              [
                0.827125462992441,
                40.72742422695818
              ],
              [
                0.78755644272114,
                40.656886659819506
              ],
              [
                0.505141589148295,
                40.592757784087084
              ],
              [
                0.237927588923228,
                40.240199648100756
              ],
              [
                -0.160625037448156,
                39.8860240804738
              ],
              [
                -0.203663793103445,
                39.799438081938646
              ],
              [
                -0.284515862064112,
                39.636771761137865
              ],
              [
                -0.39484843303417,
                39.43445929165544
              ],
              [
                -0.235902842776525,
                39.062404237944506
              ],
              [
                -0.203663793103445,
                39.012652956206225
              ],
              [
                -0.165695284204233,
                38.95406302090349
              ],
              [
                0.126115980847132,
                38.82135351772966
              ],
              [
                0.172570082648051,
                38.73834570522966
              ],
              [
                -0.107004006104219,
                38.59149893398943
              ],
              [
                -0.203663793103445,
                38.54402884121599
              ],
              [
                -0.435155329005468,
                38.43033941860857
              ],
              [
                -0.564126816289175,
                38.21486624355974
              ],
              [
                -0.664728876845587,
                38.176574312407396
              ],
              [
                -0.87234356691097,
                37.75979956265154
              ],
              [
                -0.802563574807394,
                37.61500509854021
              ],
              [
                -0.918272283570516,
                37.57034262295427
              ],
              [
                -1.364567962186086,
                37.548392854887865
              ],
              [
                -1.62571248103832,
                37.4394908773488
              ],
              [
                -1.816879835622061,
                37.29247625942888
              ],
              [
                -1.940475192563284,
                36.951598726469896
              ],
              [
                -2.23879739333843,
                36.72839697476091
              ],
              [
                -2.355097499387014,
                36.82405050869646
              ],
              [
                -2.624331441418875,
                36.811297975737475
              ],
              [
                -2.761496749417532,
                36.69013937588396
              ],
              [
                -2.915331569211233,
                36.69013937588396
              ],
              [
                -2.969792333142507,
                36.741149507719896
              ],
              [
                -4.446585622327078,
                36.72201880093279
              ],
              [
                -4.757303681866873,
                36.48610647793474
              ],
              [
                -5.216736283795584,
                36.4095950948781
              ],
              [
                -5.374227490918386,
                36.2374759542531
              ],
              [
                -5.386749711529959,
                36.109984956938646
              ],
              [
                -5.424260106580007,
                36.071742616850756
              ],
              [
                -5.457090821759451,
                36.167358003813646
              ],
              [
                -5.487933125989187,
                36.173724733549975
              ],
              [
                -5.485486474530447,
                36.065368257719896
              ],
              [
                -5.660587277905691,
                36.00800665493669
              ],
              [
                -5.85001417686199,
                36.071742616850756
              ],
              [
                -6.20446106483196,
                36.282096468169115
              ],
              [
                -6.304971662060964,
                36.454223238188646
              ],
              [
                -6.2888807921574,
                36.57217749233904
              ],
              [
                -6.444025006787527,
                36.62318380947771
              ],
              [
                -6.500485864178884,
                36.718829714018725
              ],
              [
                -6.421713319318044,
                36.7921634542531
              ],
              [
                -6.632153954999197,
                37.02175100918474
              ],
              [
                -6.947954621808279,
                37.14931448574724
              ],
              [
                -7.010098424451101,
                37.16525992031755
              ],
              [
                -7.227823701398123,
                37.225856386382006
              ],
              [
                -7.491503682629812,
                37.208156191069506
              ],
              [
                -7.603436437146414,
                37.16297873135271
              ],
              [
                -7.83604237128948,
                37.032252870757006
              ],
              [
                -8.033637967602957,
                37.008788667876146
              ],
              [
                -8.280239072339285,
                37.088580690581225
              ],
              [
                -8.541073766247976,
                37.088580690581225
              ],
              [
                -8.66705986549114,
                37.12144049282732
              ],
              [
                -8.990849462048757,
                36.990008913237475
              ],
              [
                -9.016643491284597,
                37.06980093594255
              ],
              [
                -8.84151169349407,
                37.525146089751146
              ],
              [
                -8.851028409497488,
                37.910182558257006
              ],
              [
                -8.93278595496868,
                37.9618411886281
              ],
              [
                -8.83295270641509,
                38.18391870041154
              ],
              [
                -7.304397864693636,
                38.42887735629633
              ]
            ]
          ]
        ]
      }
    },
    {
      "type": "Feature",
      "properties": {
        "slug": "kingdom-of-leon",
        "name": "León",
        "start_year": 910,
        "end_year": 1230,
        "region_type": "kingdom",
        "continental_zone": "Europe",
        "source": "historical-basemaps"
      },
      "geometry": {
        "type": "MultiPolygon",
        "coordinates": [
          [
            [
              [
                -6.946139901592126,
                40.60931594114477
              ],
              [
                -6.952073300800223,
                40.95313793968041
              ],
              [
                -6.137322746796704,
                41.582077962439925
              ],
              [
                -6.467627025446779,
                41.71371388904321
              ],
              [
                -6.555708166420132,
                41.87788045046302
              ],
              [
                -7.084195012260253,
                41.9434293112552
              ],
              [
                -7.854904995777096,
                41.89427397589346
              ],
              [
                -8.840085970052943,
                41.967552240010605
              ],
              [
                -8.860485997693289,
                42.01453360195818
              ],
              [
                -8.798570600049246,
                42.19453009243669
              ],
              [
                -8.64406296302532,
                42.41974981899919
              ],
              [
                -8.805045094983328,
                42.631557069975756
              ],
              [
                -8.941723790662039,
                42.82419546719255
              ],
              [
                -9.173123326794851,
                42.85590323086443
              ],
              [
                -9.24685951759075,
                42.900775514799975
              ],
              [
                -9.270803418652761,
                43.048690401274584
              ],
              [
                -9.197466817395437,
                43.15821417446794
              ],
              [
                -9.013589826123464,
                43.28085669155779
              ],
              [
                -8.849216428296316,
                43.32624395962419
              ],
              [
                -8.595722165601003,
                43.339618288237475
              ],
              [
                -8.310413327710378,
                43.35304983730974
              ],
              [
                -8.250697103039968,
                43.43042715664568
              ],
              [
                -8.22022434760784,
                43.61720999355974
              ],
              [
                -7.979528871075857,
                43.74005468960466
              ],
              [
                -7.636274781720388,
                43.72141226406755
              ],
              [
                -7.15130230476116,
                43.55494269009294
              ],
              [
                -6.807975736157644,
                43.523421846587084
              ],
              [
                -6.467573609845388,
                43.56272467251482
              ],
              [
                -6.20804640342449,
                43.640521608549975
              ],
              [
                -5.979656186597097,
                43.70537909146013
              ],
              [
                -5.820451226727712,
                43.705688081938646
              ],
              [
                -5.537417855756033,
                43.577453218657396
              ],
              [
                -5.224896398083914,
                43.507247530180834
              ],
              [
                -5.086395964452465,
                43.49485683221599
              ],
              [
                -4.444320770188968,
                40.89430799991886
              ],
              [
                -5.569506518933096,
                40.736781995094674
              ],
              [
                -6.82975303720589,
                40.62009250266202
              ],
              [
                -6.946139901592126,
                40.60931594114477
              ]
            ]
          ]
        ]
      }
    },
    {
      "type": "Feature",
      "properties": {
        "slug": "kingdom-of-portugal",
        "name": "Portugal",
        "start_year": 1139,
        "end_year": 1910,
        "region_type": "kingdom",
        "continental_zone": "Europe",
        "source": "historical-basemaps"
      },
      "geometry": {
        "type": "MultiPolygon",
        "coordinates": [
          [
            [
              [
                -6.930053015556884,
                39.677131014281414
              ],
              [
                -7.458539861397003,
                39.64322667648549
              ],
              [
                -6.930053015556884,
                38.94452823424104
              ],
              [
                -7.304397864693636,
                38.42887735629633
              ],
              [
                -8.83295270641509,
                38.18391870041154
              ],
              [
                -8.822993245618093,
                38.206073366362475
              ],
              [
                -8.847303357617605,
                38.384566866118334
              ],
              [
                -8.78892036964153,
                38.43598135586443
              ],
              [
                -8.853651967541921,
                38.49964102383318
              ],
              [
                -9.022322621838796,
                38.46102102871599
              ],
              [
                -9.236570325391043,
                38.41744955654802
              ],
              [
                -9.285158124463308,
                38.61946829434099
              ],
              [
                -9.069152799145925,
                38.64295920010271
              ],
              [
                -8.941892591016043,
                38.74191626187029
              ],
              [
                -8.960826840893972,
                38.81846197720232
              ],
              [
                -9.04084965278362,
                38.92018087979021
              ],
              [
                -9.175754514233816,
                38.732230745512865
              ],
              [
                -9.361637082593191,
                38.67114599819841
              ],
              [
                -9.522397008435476,
                38.68993719692888
              ],
              [
                -9.54900738288616,
                38.77451666470232
              ],
              [
                -9.459762540356863,
                38.95307882900896
              ],
              [
                -9.397706952588308,
                39.23036154385271
              ],
              [
                -9.415269818799246,
                39.36667593594255
              ],
              [
                -9.299269643323171,
                39.41773565884294
              ],
              [
                -9.117922750012625,
                39.644034944731615
              ],
              [
                -8.915585484997976,
                40.138148866850756
              ],
              [
                -8.969669309155691,
                40.19001730557146
              ],
              [
                -8.694069829480398,
                40.992171846587084
              ],
              [
                -8.851777997510183,
                41.407828890044115
              ],
              [
                -8.854754415051687,
                41.5968509542531
              ],
              [
                -8.92073532630657,
                41.767020784575365
              ],
              [
                -8.806055036084402,
                41.889178835112475
              ],
              [
                -8.840085970052943,
                41.967552240010605
              ],
              [
                -7.854904995777096,
                41.89427397589346
              ],
              [
                -7.084195012260253,
                41.9434293112552
              ],
              [
                -6.555708166420132,
                41.87788045046302
              ],
              [
                -6.467627025446779,
                41.71371388904321
              ],
              [
                -6.137322746796704,
                41.582077962439925
              ],
              [
                -6.952073300800223,
                40.95313793968041
              ],
              [
                -6.946139901592126,
                40.60931594114477
              ],
              [
                -6.930053015556884,
                39.677131014281414
              ]
            ]
          ]
        ]
      }
    },
    {
      "type": "Feature",
      "properties": {
        "slug": "kingdom-of-france",
        "name": "Kingdom of France",
        "start_year": 987,
        "end_year": 1792,
        "region_type": "kingdom",
        "continental_zone": "Europe",
        "source": "historical-basemaps"
      },
      "geometry": {
        "type": "MultiPolygon",
        "coordinates": [
          [
            [
              [
                -2.576483932034719,
                47.3248668539113
              ],
              [
                -2.465543475735389,
                47.49438437086202
              ],
              [
                -2.465543475540894,
                47.49438437075977
              ],
              [
                -2.576483931872982,
                47.324866853759
              ],
              [
                -2.576483932034719,
                47.3248668539113
              ]
            ]
          ],
          [
            [
              [
                -4.364373651044119,
                47.829310976225756
              ],
              [
                -4.390935388053524,
                47.94184836004228
              ],
              [
                -4.390935388001221,
                47.94184836001758
              ],
              [
                -4.364373650999572,
                47.82931097623392
              ],
              [
                -4.364373651044119,
                47.829310976225756
              ]
            ]
          ],
          [
            [
              [
                -4.700306382672537,
                48.06380423184099
              ],
              [
                -4.312866178052175,
                48.10133322354021
              ],
              [
                -4.350984063553778,
                48.20456656070424
              ],
              [
                -4.350984063538331,
                48.204566560701174
              ],
              [
                -4.312866177948731,
                48.10133322329883
              ],
              [
                -4.700306382545573,
                48.06380423160189
              ],
              [
                -4.700306382672537,
                48.06380423184099
              ]
            ]
          ],
          [
            [
              [
                -4.587968316571462,
                48.25149496670427
              ],
              [
                -4.388901677624929,
                48.29843863125505
              ],
              [
                -4.350201573972039,
                48.39050634950665
              ],
              [
                -4.350201573761719,
                48.390506349519534
              ],
              [
                -4.388901677521485,
                48.298438631013674
              ],
              [
                -4.58796831595886,
                48.25149496658296
              ],
              [
                -4.587968316571462,
                48.25149496670427
              ]
            ]
          ]
        ]
      }
    },
    {
      "type": "Feature",
      "properties": {
        "slug": "angevin-empire",
        "name": "Angevin Empire",
        "start_year": 1154,
        "end_year": 1214,
        "region_type": "empire",
        "continental_zone": "Europe",
        "source": "historical-basemaps"
      },
      "geometry": {
        "type": "MultiPolygon",
        "coordinates": [
          [
            [
              [
                -0.203663793103445,
                53.52328451748552
              ],
              [
                0.081015858156931,
                53.38622625942888
              ],
              [
                0.174518886311304,
                53.29305990811052
              ],
              [
                0.267848494751703,
                53.12666281338396
              ],
              [
                0.250867608292353,
                53.04005392666521
              ],
              [
                0.005501198871386,
                52.786666475493334
              ],
              [
                0.326831850512278,
                52.707477174956225
              ],
              [
                0.504670116408121,
                52.84751089688005
              ],
              [
                0.741839024527323,
                52.90119513149919
              ],
              [
                1.012664350970041,
                52.88841589565935
              ],
              [
                1.375926765902292,
                52.8092418539113
              ],
              [
                1.585714611513865,
                52.650043092924975
              ],
              [
                1.691691669924509,
                52.311420046049975
              ],
              [
                1.656872066958201,
                52.211783968169115
              ],
              [
                1.511889729006541,
                52.025756441313646
              ],
              [
                1.031286153300059,
                51.81272085781755
              ],
              [
                0.686218056185496,
                51.56038626309099
              ],
              [
                0.254172805054438,
                51.453597627837084
              ],
              [
                0.80425361107136,
                51.37826880093279
              ],
              [
                1.030067357523691,
                51.35884817715349
              ],
              [
                1.189365777476084,
                51.40547140713396
              ],
              [
                1.364680680735361,
                51.352904878813646
              ],
              [
                1.334964427454722,
                51.12069662686052
              ],
              [
                0.886016640169871,
                50.981891237456225
              ],
              [
                0.888346943362009,
                50.89267309780779
              ],
              [
                0.672568890555155,
                50.93066748257341
              ],
              [
                0.191810223562968,
                50.73128470059099
              ],
              [
                -0.203663793103445,
                50.79532965298357
              ],
              [
                -0.335705709354627,
                50.81671484585466
              ],
              [
                -0.839040127293813,
                50.721801363188646
              ],
              [
                -1.103359904782522,
                50.81671484585466
              ],
              [
                -1.37251218845104,
                50.7662731039113
              ],
              [
                -2.085358706013906,
                50.70282324429216
              ],
              [
                -2.023685899274099,
                50.57001074429216
              ],
              [
                -2.431994643704641,
                50.64588888760271
              ],
              [
                -2.550505128400076,
                50.57001074429216
              ],
              [
                -2.960618939892996,
                50.721801363188646
              ],
              [
                -3.110884395138967,
                50.65736349697771
              ],
              [
                -3.521466937558401,
                50.617431246001146
              ],
              [
                -3.563183036343801,
                50.361434541899584
              ],
              [
                -3.71503612090801,
                50.21933706875505
              ],
              [
                -3.881743398205984,
                50.200397096831225
              ],
              [
                -4.004238095776785,
                50.31406363125505
              ],
              [
                -4.242629018323171,
                50.39146002407732
              ],
              [
                -4.303295102612722,
                50.32354315396013
              ],
              [
                -4.540565457837332,
                50.35795172329607
              ],
              [
                -4.967033830182302,
                50.212245546538256
              ],
              [
                -5.282338586346853,
                49.963824831206225
              ],
              [
                -5.429218259351003,
                50.06785162563982
              ],
              [
                -5.777813401715505,
                50.13411673184099
              ],
              [
                -5.237766232983816,
                50.34629400845232
              ],
              [
                -5.016647305981863,
                50.56051977749529
              ],
              [
                -4.815270391003835,
                50.60416754360857
              ],
              [
                -4.604564633862722,
                50.778747163969896
              ],
              [
                -4.551536527173269,
                50.997157655913256
              ],
              [
                -4.442557302014578,
                50.96866186733904
              ],
              [
                -4.277284589307058,
                51.06367071743669
              ],
              [
                -4.28099390556072,
                51.18723639126482
              ],
              [
                -3.825231519238699,
                51.2347789632863
              ],
              [
                -3.482996192471731,
                51.181109987456225
              ],
              [
                -3.066043344037283,
                51.17773779507341
              ],
              [
                -3.033148971097219,
                51.329894624907396
              ],
              [
                -2.894663301007498,
                51.3938480245656
              ],
              [
                -2.750154700772512,
                51.644027315337084
              ],
              [
                -2.914475408093679,
                53.267142854887865
              ],
              [
                -3.056740966336477,
                53.51361425991716
              ],
              [
                -2.97954126884197,
                53.820853792387865
              ],
              [
                -2.865320411221731,
                54.02827414150896
              ],
              [
                -2.885938134686697,
                54.168666444975756
              ],
              [
                -1.896904541783826,
                54.33615232553669
              ],
              [
                -2.064587801416323,
                55.30033106842362
              ],
              [
                -1.941995468632925,
                55.55607184048357
              ],
              [
                -1.719010558621633,
                55.45374258633318
              ],
              [
                -1.66597982932781,
                55.37958868618669
              ],
              [
                -1.695988979832876,
                55.27250250454607
              ],
              [
                -1.555618610875356,
                54.92161139126482
              ],
              [
                -1.388892021672476,
                54.680480562407396
              ],
              [
                -1.192056861417043,
                54.595355592924975
              ],
              [
                -0.870595899121511,
                54.5471683370656
              ],
              [
                -0.60480349947666,
                54.300162874419115
              ],
              [
                -0.295500931040991,
                54.033168398100756
              ],
              [
                -0.234880952806819,
                53.79938467617693
              ],
              [
                -0.319215585188616,
                53.57891424771013
              ],
              [
                -0.203663793103445,
                53.52328451748552
              ]
            ]
          ],
          [
            [
              [
                1.054893015451981,
                49.95177056129443
              ],
              [
                1.261493094964985,
                49.16064023275599
              ],
              [
                0.534823681934818,
                48.00995468225369
              ],
              [
                1.151391668748293,
                45.55266716022944
              ],
              [
                2.607364316382515,
                44.78658969472479
              ],
              [
                2.626750780051962,
                44.77638927442354
              ],
              [
                0.865127960584893,
                44.55713581353044
              ],
              [
                0.314620829501435,
                43.09570550784262
              ],
              [
                0.499100796727032,
                42.63093478687452
              ],
              [
                0.347843679888499,
                42.63517340298357
              ],
              [
                0.196265372736704,
                42.6078258382863
              ],
              [
                0.179550382597697,
                42.66251715298357
              ],
              [
                -0.165626824544418,
                42.64883764858904
              ],
              [
                -0.203663793103445,
                42.70031317349138
              ],
              [
                -0.216141254352081,
                42.7172008382863
              ],
              [
                -0.409914609687078,
                42.785567842680834
              ],
              [
                -0.468836572663534,
                42.7513919698781
              ],
              [
                -0.524120412124032,
                42.75779810968423
              ],
              [
                -0.586789485709417,
                42.765060030180834
              ],
              [
                -0.611982133881796,
                42.73087652798357
              ],
              [
                -0.840018358723867,
                42.90865286465349
              ],
              [
                -0.907353666321981,
                42.88129767056169
              ],
              [
                -1.397272315518606,
                43.031756960112475
              ],
              [
                -1.447552409665334,
                42.983878694731615
              ],
              [
                -1.515127864377249,
                42.99756201382341
              ],
              [
                -1.557671156422842,
                43.04543264980974
              ],
              [
                -1.465651360051382,
                43.15488775845232
              ],
              [
                -1.491382804410208,
                43.209621034819506
              ],
              [
                -1.702391829983938,
                43.19593771572771
              ],
              [
                -1.914577808873403,
                43.30541571255388
              ],
              [
                -1.746070232884634,
                43.360160433012865
              ],
              [
                -1.561407771603811,
                43.52442511196794
              ],
              [
                -1.314379182355154,
                44.55896338101091
              ],
              [
                -1.135849919812429,
                44.60010107632341
              ],
              [
                -1.230320539967764,
                44.73041113491716
              ],
              [
                -1.331778016583669,
                44.61382635708513
              ],
              [
                -1.27551409293865,
                45.12873037930193
              ],
              [
                -1.175191727177847,
                45.50050314541521
              ],
              [
                -1.123440351979482,
                45.43161734219255
              ],
              [
                -0.90036418725704,
                45.293910585600756
              ],
              [
                -0.814226654069174,
                45.12184103604021
              ],
              [
                -0.728486028210867,
                45.018642030913256
              ],
              [
                -0.854702380196798,
                45.3214488851613
              ],
              [
                -1.138394918935049,
                45.58316382046404
              ],
              [
                -1.247395124928701,
                45.6881481039113
              ],
              [
                -1.236505594746816,
                45.80004461880388
              ],
              [
                -1.075199690358389,
                46.01461752529802
              ],
              [
                -1.165981498257864,
                46.183681093413256
              ],
              [
                -1.256056633488882,
                46.30683096523943
              ],
              [
                -1.402668443219412,
                46.40393408413591
              ],
              [
                -1.71072646667217,
                46.448791109282396
              ],
              [
                -1.942478147046316,
                46.70579870815935
              ],
              [
                -2.129660335080374,
                46.85084494229021
              ],
              [
                -2.004645553128469,
                47.04250296230974
              ],
              [
                -2.109477606312979,
                47.124042116362475
              ],
              [
                -2.263749804990042,
                47.18288382168474
              ],
              [
                -2.493711915509451,
                47.24692114468279
              ],
              [
                -2.575529757355312,
                47.32396831567053
              ],
              [
                -2.010361521016347,
                47.745650369834415
              ],
              [
                -1.75196905427781,
                48.17821145459153
              ],
              [
                -1.999109269065851,
                48.67695685862887
              ],
              [
                -2.07596763649823,
                48.65615805240039
              ],
              [
                -2.200072136315125,
                48.598983369783205
              ],
              [
                -2.342885461243409,
                48.67414816470508
              ],
              [
                -2.636378016861695,
                48.55200155825977
              ],
              [
                -2.79053541699292,
                48.58958014102344
              ],
              [
                -2.914459433945435,
                48.70678671450977
              ],
              [
                -3.091225352677125,
                48.87155111880664
              ],
              [
                -3.435057845505494,
                48.83645971866016
              ],
              [
                -3.557670083435791,
                48.810077272371096
              ],
              [
                -3.607873406800049,
                48.692950807527346
              ],
              [
                -3.821306434067505,
                48.721149049714846
              ],
              [
                -3.902217355164307,
                48.64596136660938
              ],
              [
                -3.998872962387818,
                48.73053701968555
              ],
              [
                -4.251477208527344,
                48.65191229434375
              ],
              [
                -4.488299336823243,
                48.61226614566211
              ],
              [
                -4.625704255493897,
                48.546668611482424
              ],
              [
                -4.761963334473389,
                48.55200155825977
              ],
              [
                -4.779634442695328,
                48.35477408049929
              ],
              [
                -4.779634442822683,
                48.3547740804738
              ],
              [
                -4.761963334576834,
                48.552001558501146
              ],
              [
                -4.625704255597341,
                48.5466686117238
              ],
              [
                -4.488299336926687,
                48.61226614590349
              ],
              [
                -4.251477208630789,
                48.65191229458513
              ],
              [
                -3.998872962491262,
                48.73053701992693
              ],
              [
                -3.902217355267751,
                48.645961366850756
              ],
              [
                -3.82130643417095,
                48.721149049956225
              ],
              [
                -3.607873406903494,
                48.692950807768725
              ],
              [
                -3.557670083539236,
                48.810077272612475
              ],
              [
                -3.435057845608938,
                48.83645971890154
              ],
              [
                -3.091225352780569,
                48.87155111904802
              ],
              [
                -2.914459434048879,
                48.706786714751146
              ],
              [
                -2.790535417096365,
                48.58958014126482
              ],
              [
                -2.636378016965139,
                48.552001558501146
              ],
              [
                -2.342885461346853,
                48.67414816494646
              ],
              [
                -2.200072136418569,
                48.598983370024584
              ],
              [
                -2.075967636601675,
                48.65615805264177
              ],
              [
                -1.870566812054861,
                48.71174200649919
              ],
              [
                -1.857612696187246,
                48.60836752529802
              ],
              [
                -1.591356840626943,
                48.6375003683156
              ],
              [
                -1.456587758557546,
                48.683551393706225
              ],
              [
                -1.575547900693167,
                48.76814230557146
              ],
              [
                -1.58841225196575,
                48.88095053311052
              ],
              [
                -1.563408580319631,
                49.036239229399584
              ],
              [
                -1.579779472844351,
                49.22901114102068
              ],
              [
                -1.63899978687023,
                49.21960791226091
              ],
              [
                -1.891543593899954,
                49.526351534087084
              ],
              [
                -1.941284146802175,
                49.70930441494646
              ],
              [
                -1.524247136609304,
                49.652770601469896
              ],
              [
                -1.250969496266592,
                49.6998782980031
              ],
              [
                -1.28866049339031,
                49.52097281094255
              ],
              [
                -1.177143421666372,
                49.33254965420427
              ],
              [
                -1.023191001908529,
                49.39845999355974
              ],
              [
                -0.464948442475546,
                49.351378999907396
              ],
              [
                -0.23936493013953,
                49.285487734038256
              ],
              [
                -0.203663793103445,
                49.29181250210466
              ],
              [
                0.032870042426836,
                49.333705507475756
              ],
              [
                0.330848249895823,
                49.454955660063646
              ],
              [
                0.090372207863581,
                49.51055487271013
              ],
              [
                0.115054044230234,
                49.60227545376482
              ],
              [
                0.18937284062649,
                49.68102606411638
              ],
              [
                0.528559717638743,
                49.82580145474138
              ],
              [
                0.868757519228708,
                49.90724905605974
              ],
              [
                1.054893015451981,
                49.95177056129443
              ]
            ]
          ]
        ]
      }
    },
    {
      "type": "Feature",
      "properties": {
        "slug": "county-of-toulouse",
        "name": "Comté de Toulouse",
        "start_year": 778,
        "end_year": 1271,
        "region_type": "kingdom",
        "continental_zone": "Europe",
        "source": "historical-basemaps"
      },
      "geometry": {
        "type": "MultiPolygon",
        "coordinates": [
          [
            [
              [
                3.430491191433812,
                44.721653658017594
              ],
              [
                3.969988179895601,
                43.83883564611621
              ],
              [
                5.346256007604248,
                44.06078370487643
              ],
              [
                5.346256007604248,
                45.09594266861525
              ],
              [
                5.840561104055225,
                45.38477454327159
              ],
              [
                5.934538658234075,
                45.32212284048569
              ],
              [
                5.946891804660893,
                45.26035710835154
              ],
              [
                6.058070122502372,
                45.22329766907106
              ],
              [
                6.033363829648707,
                45.33447598691252
              ],
              [
                6.082776415356037,
                45.37153542619302
              ],
              [
                6.144542147490156,
                45.32212284048569
              ],
              [
                6.218661026051151,
                45.346829133339355
              ],
              [
                6.268073611758453,
                45.32212284048569
              ],
              [
                6.243367318904816,
                45.29741654763204
              ],
              [
                6.2804267581853,
                45.198591376217394
              ],
              [
                6.507319483263743,
                45.115707002837084
              ],
              [
                6.665318045122874,
                44.954520784575365
              ],
              [
                6.942603620989573,
                44.868651949126146
              ],
              [
                7.003469976885569,
                44.719535433012865
              ],
              [
                6.924694094164622,
                44.715018831450365
              ],
              [
                6.782917532427561,
                44.54787405605974
              ],
              [
                6.869778189165842,
                44.3491702901906
              ],
              [
                6.786905761685304,
                44.29681168705886
              ],
              [
                6.786905761685304,
                44.19798651564423
              ],
              [
                6.836318347392606,
                44.11151449065642
              ],
              [
                6.885730933099936,
                44.1485739299369
              ],
              [
                6.935143518807266,
                44.13622078351008
              ],
              [
                6.972202958087749,
                44.0621019049491
              ],
              [
                6.996909250941385,
                44.04974875852227
              ],
              [
                6.922790372380419,
                43.9756298799613
              ],
              [
                6.959849811660902,
                43.913864147827155
              ],
              [
                6.885730933099936,
                43.90151100140032
              ],
              [
                6.922790372380419,
                43.815038976412524
              ],
              [
                7.355150497319457,
                43.90151100140032
              ],
              [
                7.397118601305735,
                43.76409491177263
              ],
              [
                7.297616514666331,
                43.66730078335466
              ],
              [
                6.923080000384104,
                43.44766577358904
              ],
              [
                6.52301410148884,
                43.15085180874529
              ],
              [
                6.331224951250803,
                43.111869417387865
              ],
              [
                6.187778505785715,
                43.09228857632341
              ],
              [
                5.828570398791086,
                43.02081640835466
              ],
              [
                5.646554979784739,
                43.033317171294115
              ],
              [
                5.434490236742747,
                43.103656374174975
              ],
              [
                5.051816973192942,
                43.32809790249529
              ],
              [
                4.909845861895334,
                43.366439424712084
              ],
              [
                4.750594648821604,
                43.35325964565935
              ],
              [
                4.646513971789133,
                43.32086523647966
              ],
              [
                4.416764769060862,
                43.34614523525896
              ],
              [
                4.078196081621897,
                43.487086855132006
              ],
              [
                3.807468924029124,
                43.46722754116716
              ],
              [
                3.478712830050242,
                43.31209524746599
              ],
              [
                3.317868027193796,
                43.19595297451677
              ],
              [
                3.067900213701975,
                42.944564424712084
              ],
              [
                3.039267615601351,
                42.8691948199401
              ],
              [
                2.948875128434636,
                42.882970675163364
              ],
              [
                2.824998419760575,
                42.849753178372794
              ],
              [
                2.701121711086515,
                42.73002220618929
              ],
              [
                2.489624891399095,
                42.71892429041346
              ],
              [
                2.48056074198392,
                42.68561863167925
              ],
              [
                2.272085305434892,
                42.69006041846055
              ],
              [
                2.102887849684956,
                42.61450685035179
              ],
              [
                1.728236340524384,
                42.501004432498135
              ],
              [
                1.731257723662776,
                42.54553979026787
              ],
              [
                1.79168538643061,
                42.57892047388559
              ],
              [
                1.755428788769909,
                42.596716202383234
              ],
              [
                1.577167183604798,
                42.64785062076061
              ],
              [
                1.45631185806913,
                42.61895371848023
              ],
              [
                1.320455842331295,
                42.60500633270455
              ],
              [
                1.307450088961374,
                42.63517340298357
              ],
              [
                0.744199428065073,
                42.77189215298357
              ],
              [
                0.584142002566111,
                42.77189215298357
              ],
              [
                0.591923627360117,
                42.6283336507863
              ],
              [
                0.499100796727032,
                42.63093478687452
              ],
              [
                0.314620829501435,
                43.09570550784262
              ],
              [
                0.865127960584893,
                44.55713581353044
              ],
              [
                2.626750780051962,
                44.77638927442354
              ],
              [
                2.607364316382515,
                44.78658969472479
              ],
              [
                3.430491191433812,
                44.721653658017594
              ]
            ]
          ]
        ]
      }
    },
    {
      "type": "Feature",
      "properties": {
        "slug": "crown-of-aragon",
        "name": "Aragón",
        "start_year": 1035,
        "end_year": 1716,
        "region_type": "kingdom",
        "continental_zone": "Europe",
        "source": "historical-basemaps"
      },
      "geometry": {
        "type": "MultiPolygon",
        "coordinates": [
          [
            [
              [
                3.086286100847971,
                42.12072332974138
              ],
              [
                3.1565537781551,
                42.0757213460988
              ],
              [
                3.128878864748728,
                41.8572269308156
              ],
              [
                2.628259214861643,
                41.61954077358904
              ],
              [
                2.200590166552317,
                41.44614752407732
              ],
              [
                2.080724749071848,
                41.298488222319506
              ],
              [
                1.609828624232065,
                41.2091556417531
              ],
              [
                1.442095519139158,
                41.17999861944361
              ],
              [
                1.033602271149519,
                41.8780600575781
              ],
              [
                0.94167853178931,
                41.894281893935776
              ],
              [
                0.340683447498876,
                42.00033984998703
              ],
              [
                -1.004394268999434,
                41.918819988381074
              ],
              [
                -0.602910658888251,
                42.416071314630244
              ],
              [
                -0.524120412124032,
                42.75779810968423
              ],
              [
                -0.468836572663534,
                42.7513919698781
              ],
              [
                -0.409914609687078,
                42.785567842680834
              ],
              [
                -0.216141254352081,
                42.7172008382863
              ],
              [
                -0.203663793103445,
                42.70031317349138
              ],
              [
                -0.165626824544418,
                42.64883764858904
              ],
              [
                0.179550382597697,
                42.66251715298357
              ],
              [
                0.196265372736704,
                42.6078258382863
              ],
              [
                0.347843679888499,
                42.63517340298357
              ],
              [
                0.499100796727032,
                42.63093478687452
              ],
              [
                0.591923627360117,
                42.6283336507863
              ],
              [
                0.584142002566111,
                42.77189215298357
              ],
              [
                0.744199428065073,
                42.77189215298357
              ],
              [
                1.307450088961374,
                42.63517340298357
              ],
              [
                1.320455842331295,
                42.60500633270455
              ],
              [
                1.45631185806913,
                42.61895371848023
              ],
              [
                1.577167183604798,
                42.64785062076061
              ],
              [
                1.755428788769909,
                42.596716202383234
              ],
              [
                1.79168538643061,
                42.57892047388559
              ],
              [
                1.731257723662776,
                42.54553979026787
              ],
              [
                1.728236340524384,
                42.501004432498135
              ],
              [
                2.102887849684956,
                42.61450685035179
              ],
              [
                2.272085305434892,
                42.69006041846055
              ],
              [
                2.48056074198392,
                42.68561863167925
              ],
              [
                2.489624891399095,
                42.71892429041346
              ],
              [
                2.701121711086515,
                42.73002220618929
              ],
              [
                2.824998419760575,
                42.849753178372794
              ],
              [
                2.948875128434636,
                42.882970675163364
              ],
              [
                3.039267615601351,
                42.8691948199401
              ],
              [
                3.001891169158203,
                42.77080877871875
              ],
              [
                3.045898947325927,
                42.53945501895313
              ],
              [
                3.087081465331298,
                42.36864431949024
              ],
              [
                3.087081465224882,
                42.36864431951921
              ],
              [
                3.086528334124338,
                42.32911261196794
              ],
              [
                3.086286100847971,
                42.12072332974138
              ]
            ]
          ]
        ]
      }
    }
  ]
}